Date,Close
2006-08-22,32.85972595214844
2006-08-23,32.61176300048828
2006-08-24,32.70580291748047
2006-08-25,32.76566696166992
2006-08-26,32.76566696166992
2006-08-27,32.76566696166992
2006-08-28,33.01362228393555
2006-08-29,33.11624526977539
2006-08-30,33.27013397216797
2006-08-31,33.23594665527344
2006-09-01,33.415504455566406
2006-09-02,33.415504455566406
2006-09-03,33.415504455566406
2006-09-04,33.415504455566406
2006-09-05,33.740421295166016
2006-09-06,33.06493377685547
2006-09-07,32.91103744506836
2006-09-08,33.10770034790039
2006-09-09,33.10770034790039
2006-09-10,33.10770034790039
2006-09-11,33.312896728515625
2006-09-12,33.92853927612305
2006-09-13,34.159393310546875
2006-09-14,34.19358444213867
2006-09-15,34.3159294128418
2006-09-16,34.3159294128418
2006-09-17,34.3159294128418
2006-09-18,34.324493408203125
2006-09-19,34.093502044677734
2006-09-20,34.5897216796875
2006-09-21,34.37581253051758
2006-09-22,34.110618591308594
2006-09-23,34.110618591308594
2006-09-24,34.110618591308594
2006-09-25,34.709495544433594
2006-09-26,34.8806037902832
2006-09-27,34.83784103393555
2006-09-28,34.93194961547852
2006-09-29,34.777950286865234
2006-09-30,34.777950286865234
2006-10-01,34.777950286865234
2006-10-02,34.34159851074219
2006-10-03,34.487060546875
2006-10-04,35.33404922485352
2006-10-05,35.50515365600586
2006-10-06,35.428131103515625
2006-10-07,35.428131103515625
2006-10-08,35.428131103515625
2006-10-09,35.54792785644531
2006-10-10,35.60781478881836
2006-10-11,35.53938293457031
2006-10-12,36.104042053222656
2006-10-13,36.3008041381836
2006-10-14,36.3008041381836
2006-10-15,36.3008041381836
2006-10-16,36.33502960205078
2006-10-17,35.93295669555664
2006-10-18,35.76179885864258
2006-10-19,35.847389221191406
2006-10-20,35.93295669555664
2006-10-21,35.93295669555664
2006-10-22,35.93295669555664
2006-10-23,36.3008041381836
2006-10-24,36.05270004272461
2006-10-25,36.3008041381836
2006-10-26,36.63448333740234
2006-10-27,36.11257553100586
2006-10-28,36.11257553100586
2006-10-29,36.11257553100586
2006-10-30,36.34357833862305
2006-10-31,36.42911529541016
2006-11-01,35.93295669555664
2006-11-02,35.96714401245117
2006-11-03,35.873043060302734
2006-11-04,35.873043060302734
2006-11-05,35.873043060302734
2006-11-06,36.3949089050293
2006-11-07,36.643028259277344
2006-11-08,36.81412887573242
2006-11-09,36.643028259277344
2006-11-10,36.81412887573242
2006-11-11,36.81412887573242
2006-11-12,36.81412887573242
2006-11-13,37.190574645996094
2006-11-14,37.58412551879883
2006-11-15,37.73810958862305
2006-11-16,37.90068435668945
2006-11-17,37.90068435668945
2006-11-18,37.90068435668945
2006-11-19,37.90068435668945
2006-11-20,37.977664947509766
2006-11-21,38.02901077270508
2006-11-22,38.26856231689453
2006-11-23,38.26856231689453
2006-11-24,38.20011520385742
2006-11-25,38.20011520385742
2006-11-26,38.20011520385742
2006-11-27,37.33602142333984
2006-11-28,37.44724655151367
2006-11-29,37.70390319824219
2006-11-30,37.67824172973633
2006-12-01,37.35312271118164
2006-12-02,37.35312271118164
2006-12-03,37.35312271118164
2006-12-04,37.866458892822266
2006-12-05,38.00333786010742
2006-12-06,37.866458892822266
2006-12-07,37.38734436035156
2006-12-08,37.55846786499024
2006-12-09,37.55846786499024
2006-12-10,37.55846786499024
2006-12-11,37.69535827636719
2006-12-12,37.47289657592773
2006-12-13,37.54134368896485
2006-12-14,37.96054458618164
2006-12-15,38.05819320678711
2006-12-16,38.05819320678711
2006-12-17,38.05819320678711
2006-12-18,37.68132781982422
2006-12-19,37.56140899658203
2006-12-20,37.42435073852539
2006-12-21,37.158809661865234
2006-12-22,36.77333450317383
2006-12-23,36.77333450317383
2006-12-24,36.77333450317383
2006-12-25,36.77333450317383
2006-12-26,36.92753982543945
2006-12-27,37.1159553527832
2006-12-28,36.93606948852539
2006-12-29,36.9703483581543
2006-12-30,36.9703483581543
2006-12-31,36.9703483581543
2007-01-01,36.9703483581543
2007-01-02,36.9703483581543
2007-01-03,37.03889465332031
2007-01-04,37.741302490234375
2007-01-05,37.56140899658203
2007-01-06,37.56140899658203
2007-01-07,37.56140899658203
2007-01-08,37.58708953857422
2007-01-09,37.77554702758789
2007-01-10,38.22097396850586
2007-01-11,38.61500549316406
2007-01-12,38.8120346069336
2007-01-13,38.8120346069336
2007-01-14,38.8120346069336
2007-01-15,38.8120346069336
2007-01-16,38.78632736206055
2007-01-17,38.469383239746094
2007-01-18,37.758419036865234
2007-01-19,37.83550643920898
2007-01-20,37.83550643920898
2007-01-21,37.83550643920898
2007-01-22,37.42435073852539
2007-01-23,37.33012008666992
2007-01-24,37.94687271118164
2007-01-25,37.45861053466797
2007-01-26,37.3215446472168
2007-01-27,37.3215446472168
2007-01-28,37.3215446472168
2007-01-29,37.355838775634766
2007-01-30,37.37294006347656
2007-01-31,37.74985122680664
2007-02-01,37.68988037109375
2007-02-02,37.82695388793945
2007-02-03,37.82695388793945
2007-02-04,37.82695388793945
2007-02-05,37.79265594482422
2007-02-06,37.741302490234375
2007-02-07,38.08393478393555
2007-02-08,38.07535552978516
2007-02-09,37.58708953857422
2007-02-10,37.58708953857422
2007-02-11,37.58708953857422
2007-02-12,37.44146728515625
2007-02-13,37.56996154785156
2007-02-14,38.2038459777832
2007-02-15,38.42655944824219
2007-02-16,38.29806900024414
2007-02-17,38.29806900024414
2007-02-18,38.29806900024414
2007-02-19,38.29806900024414
2007-02-20,38.589298248291016
2007-02-21,38.70922470092773
2007-02-22,38.90623092651367
2007-02-23,38.76917266845703
2007-02-24,38.76917266845703
2007-02-25,38.76917266845703
2007-02-26,38.58074569702149
2007-02-27,36.996036529541016
2007-02-28,37.1159553527832
2007-03-01,36.94466781616211
2007-03-02,36.38784408569336
2007-03-03,36.38784408569336
2007-03-04,36.38784408569336
2007-03-05,36.10519409179688
2007-03-06,36.70479202270508
2007-03-07,36.55917739868164
2007-03-08,36.80759811401367
2007-03-09,36.77333450317383
2007-03-10,36.77333450317383
2007-03-11,36.77333450317383
2007-03-12,37.01316833496094
2007-03-13,36.29365539550781
2007-03-14,36.824737548828125
2007-03-15,36.73906707763672
2007-03-16,36.71079254150391
2007-03-17,36.71079254150391
2007-03-18,36.71079254150391
2007-03-19,37.08791732788086
2007-03-20,37.353633880615234
2007-03-21,38.07362365722656
2007-03-22,37.936485290527344
2007-03-23,37.81646728515625
2007-03-24,37.81646728515625
2007-03-25,37.81646728515625
2007-03-26,37.97076416015625
2007-03-27,37.70505142211914
2007-03-28,37.30220413208008
2007-03-29,37.34504699707031
2007-03-30,37.310768127441406
2007-03-31,37.310768127441406
2007-04-01,37.310768127441406
2007-04-02,37.36219787597656
2007-04-03,37.85077667236328
2007-04-04,38.00506210327149
2007-04-05,38.193626403808594
2007-04-06,38.193626403808594
2007-04-07,38.193626403808594
2007-04-08,38.193626403808594
2007-04-09,38.09933471679688
2007-04-10,38.29648208618164
2007-04-11,37.89362335205078
2007-04-12,38.193626403808594
2007-04-13,38.27074432373047
2007-04-14,38.27074432373047
2007-04-15,38.27074432373047
2007-04-16,38.622196197509766
2007-04-17,38.707889556884766
2007-04-18,38.57931137084961
2007-04-19,38.6993293762207
2007-04-20,38.91360855102539
2007-04-21,38.91360855102539
2007-04-22,38.91360855102539
2007-04-23,38.973609924316406
2007-04-24,39.17074203491211
2007-04-25,39.69357681274414
2007-04-26,39.89931488037109
2007-04-27,39.91644287109375
2007-04-28,39.91644287109375
2007-04-29,39.91644287109375
2007-04-30,39.39360046386719
2007-05-01,39.359317779541016
2007-05-02,39.7878532409668
2007-05-03,39.9335823059082
2007-05-04,39.9678840637207
2007-05-05,39.9678840637207
2007-05-06,39.9678840637207
2007-05-07,39.9678840637207
2007-05-08,40.0535774230957
2007-05-09,40.13930130004883
2007-05-10,39.59073257446289
2007-05-11,40.09644317626953
2007-05-12,40.09644317626953
2007-05-13,40.09644317626953
2007-05-14,39.822174072265625
2007-05-15,39.51361083984375
2007-05-16,39.89931488037109
2007-05-17,39.71073532104492
2007-05-18,40.036434173583984
2007-05-19,40.036434173583984
2007-05-20,40.036434173583984
2007-05-21,40.293575286865234
2007-05-22,40.32786560058594
2007-05-23,40.13930130004883
2007-05-24,39.56501770019531
2007-05-25,39.81359100341797
2007-05-26,39.81359100341797
2007-05-27,39.81359100341797
2007-05-28,39.81359100341797
2007-05-29,40.12215805053711
2007-05-30,40.447879791259766
2007-05-31,40.63641357421875
2007-06-01,40.66214370727539
2007-06-02,40.66214370727539
2007-06-03,40.66214370727539
2007-06-04,40.78214645385742
2007-06-05,40.78214645385742
2007-06-06,40.34501647949219
2007-06-07,39.71931457519531
2007-06-08,40.207855224609375
2007-06-09,40.207855224609375
2007-06-10,40.207855224609375
2007-06-11,40.13071060180664
2007-06-12,39.89072036743164
2007-06-13,40.32786560058594
2007-06-14,40.59357070922852
2007-06-15,40.96842956542969
2007-06-16,40.96842956542969
2007-06-17,40.96842956542969
2007-06-18,40.97702026367188
2007-06-19,40.96842956542969
2007-06-20,40.58243560791016
2007-06-21,40.95126724243164
2007-06-22,40.56526947021485
2007-06-23,40.56526947021485
2007-06-24,40.56526947021485
2007-06-25,40.39371490478516
2007-06-26,40.162105560302734
2007-06-27,40.77970886230469
2007-06-28,40.76255035400391
2007-06-29,40.83121109008789
2007-06-30,40.83121109008789
2007-07-01,40.83121109008789
2007-07-02,41.200042724609375
2007-07-03,41.44025039672852
2007-07-04,41.44025039672852
2007-07-05,41.74047088623047
2007-07-06,41.912017822265625
2007-07-07,41.912017822265625
2007-07-08,41.912017822265625
2007-07-09,41.93774032592773
2007-07-10,41.58604049682617
2007-07-11,41.86913299560547
2007-07-12,42.51247024536133
2007-07-13,42.80412673950195
2007-07-14,42.80412673950195
2007-07-15,42.80412673950195
2007-07-16,42.761226654052734
2007-07-17,43.08719253540039
2007-07-18,43.03574752807617
2007-07-19,43.16441345214844
2007-07-20,42.93279647827149
2007-07-21,42.93279647827149
2007-07-22,42.93279647827149
2007-07-23,42.94994354248047
2007-07-24,42.315162658691406
2007-07-25,42.37522888183594
2007-07-26,42.01495742797852
2007-07-27,41.16572952270508
2007-07-28,41.16572952270508
2007-07-29,41.16572952270508
2007-07-30,41.646087646484375
2007-07-31,40.77114486694336
2007-08-01,41.088523864746094
2007-08-02,41.46596908569336
2007-08-03,40.676788330078125
2007-08-04,40.676788330078125
2007-08-05,40.676788330078125
2007-08-06,41.14857864379883
2007-08-07,41.44025039672852
2007-08-08,41.89485549926758
2007-08-09,40.92553329467773
2007-08-10,40.556678771972656
2007-08-11,40.556678771972656
2007-08-12,40.556678771972656
2007-08-13,40.83121109008789
2007-08-14,40.136375427246094
2007-08-15,39.37293243408203
2007-08-16,38.9869270324707
2007-08-17,39.7246322631836
2007-08-18,39.7246322631836
2007-08-19,39.7246322631836
2007-08-20,39.91333770751953
2007-08-21,40.33364486694336
2007-08-22,40.882659912109375
2007-08-23,40.77114486694336
2007-08-24,41.34585189819336
2007-08-25,41.34585189819336
2007-08-26,41.34585189819336
2007-08-27,41.07136535644531
2007-08-28,40.09347534179688
2007-08-29,41.24293518066406
2007-08-30,41.45737457275391
2007-08-31,41.92058944702149
2007-09-01,41.92058944702149
2007-09-02,41.92058944702149
2007-09-03,41.92058944702149
2007-09-04,42.61540603637695
2007-09-05,42.186519622802734
2007-09-06,42.15219879150391
2007-09-07,41.371612548828125
2007-09-08,41.371612548828125
2007-09-09,41.371612548828125
2007-09-10,41.34585189819336
2007-09-11,41.97203826904297
2007-09-12,41.98063659667969
2007-09-13,42.186519622802734
2007-09-14,42.2208251953125
2007-09-15,42.2208251953125
2007-09-16,42.2208251953125
2007-09-17,41.86913299560547
2007-09-18,42.924224853515625
2007-09-19,43.03574752807617
2007-09-20,42.9156379699707
2007-09-21,43.22117233276367
2007-09-22,43.22117233276367
2007-09-23,43.22117233276367
2007-09-24,43.418575286865234
2007-09-25,43.83052062988281
2007-09-26,44.04507827758789
2007-09-27,44.26824188232422
2007-09-28,44.1223258972168
2007-09-29,44.1223258972168
2007-09-30,44.1223258972168
2007-10-01,44.628684997558594
2007-10-02,44.63730239868164
2007-10-03,44.32830047607422
2007-10-04,44.4312858581543
2007-10-05,45.33246612548828
2007-10-06,45.33246612548828
2007-10-07,45.33246612548828
2007-10-08,45.61569595336914
2007-10-09,45.81309509277344
2007-10-10,45.92463684082031
2007-10-11,45.19514465332031
2007-10-12,45.94179916381836
2007-10-13,45.94179916381836
2007-10-14,45.94179916381836
2007-10-15,45.58992767333984
2007-10-16,45.3753547668457
2007-10-17,45.95896911621094
2007-10-18,46.1563720703125
2007-10-19,45.00631713867188
2007-10-20,45.00631713867188
2007-10-21,45.00631713867188
2007-10-22,45.547019958496094
2007-10-23,46.49966430664063
2007-10-24,46.14778137207031
2007-10-25,45.52985382080078
2007-10-26,46.285118103027344
2007-10-27,46.285118103027344
2007-10-28,46.285118103027344
2007-10-29,46.47392272949219
2007-10-30,46.56830978393555
2007-10-31,47.22916793823242
2007-11-01,46.34518051147461
2007-11-02,46.70565032958984
2007-11-03,46.70565032958984
2007-11-04,46.70565032958984
2007-11-05,46.40524673461914
2007-11-06,46.92879104614258
2007-11-07,45.787330627441406
2007-11-08,44.39696502685547
2007-11-09,42.91218948364258
2007-11-10,42.91218948364258
2007-11-11,42.91218948364258
2007-11-12,41.82223892211914
2007-11-13,43.54730987548828
2007-11-14,42.98945617675781
2007-11-15,42.757720947265625
2007-11-16,43.15251541137695
2007-11-17,43.15251541137695
2007-11-18,43.15251541137695
2007-11-19,42.65472030639648
2007-11-20,42.82639694213867
2007-11-21,42.32001495361328
2007-11-22,42.32001495361328
2007-11-23,42.77489471435547
2007-11-24,42.77489471435547
2007-11-25,42.77489471435547
2007-11-26,42.03680038452149
2007-11-27,42.877891540527344
2007-11-28,44.182403564453125
2007-11-29,44.37120819091797
2007-11-30,44.036502838134766
2007-12-01,44.036502838134766
2007-12-02,44.036502838134766
2007-12-03,43.667476654052734
2007-12-04,43.48720932006836
2007-12-05,44.26824188232422
2007-12-06,44.90332412719727
2007-12-07,44.911895751953125
2007-12-08,44.911895751953125
2007-12-09,44.911895751953125
2007-12-10,45.09214019775391
2007-12-11,44.04507827758789
2007-12-12,44.43987274169922
2007-12-13,44.19955825805664
2007-12-14,43.74468994140625
2007-12-15,43.74468994140625
2007-12-16,43.74468994140625
2007-12-17,42.68048095703125
2007-12-18,42.81779098510742
2007-12-19,42.80921936035156
2007-12-20,43.68463516235352
2007-12-21,44.54634094238281
2007-12-22,44.54634094238281
2007-12-23,44.54634094238281
2007-12-24,44.88140487670898
2007-12-25,44.88140487670898
2007-12-26,45.104766845703125
2007-12-27,44.56351089477539
2007-12-28,44.52057266235352
2007-12-29,44.52057266235352
2007-12-30,44.52057266235352
2007-12-31,44.00509262084961
2008-01-01,44.00509262084961
2008-01-02,43.30916213989258
2008-01-03,43.48958969116211
2008-01-04,41.582313537597656
2008-01-05,41.582313537597656
2008-01-06,41.582313537597656
2008-01-07,41.38470458984375
2008-01-08,40.31078338623047
2008-01-09,41.169921875
2008-01-10,41.230072021484375
2008-01-11,40.42247772216797
2008-01-12,40.42247772216797
2008-01-13,40.42247772216797
2008-01-14,41.12696838378906
2008-01-15,39.99291229248047
2008-01-16,39.56332015991211
2008-01-17,39.013465881347656
2008-01-18,38.9619369506836
2008-01-19,38.9619369506836
2008-01-20,38.9619369506836
2008-01-21,38.9619369506836
2008-01-22,37.95676040649414
2008-01-23,37.81068420410156
2008-01-24,38.58391952514648
2008-01-25,37.79351425170898
2008-01-26,37.79351425170898
2008-01-27,37.79351425170898
2008-01-28,38.08561706542969
2008-01-29,38.15435028076172
2008-01-30,38.11999130249024
2008-01-31,38.772926330566406
2008-02-01,39.16813278198242
2008-02-02,39.16813278198242
2008-02-03,39.16813278198242
2008-02-04,38.6182861328125
2008-02-05,37.51857376098633
2008-02-06,36.77971267700195
2008-02-07,37.0374755859375
2008-02-08,37.45843124389648
2008-02-09,37.45843124389648
2008-02-10,37.45843124389648
2008-02-11,37.86223602294922
2008-02-12,37.647457122802734
2008-02-13,38.47223663330078
2008-02-14,37.77635192871094
2008-02-15,37.647457122802734
2008-02-16,37.647457122802734
2008-02-17,37.647457122802734
2008-02-18,37.647457122802734
2008-02-19,37.57872772216797
2008-02-20,37.75053405761719
2008-02-21,37.38971328735352
2008-02-22,37.52717208862305
2008-02-23,37.52717208862305
2008-02-24,37.52717208862305
2008-02-25,37.71619415283203
2008-02-26,37.86223602294922
2008-02-27,38.05125045776367
2008-02-28,37.90518569946289
2008-02-29,36.900001525878906
2008-03-01,36.900001525878906
2008-03-02,36.900001525878906
2008-03-03,36.659446716308594
2008-03-04,36.86563873291016
2008-03-05,37.04605865478516
2008-03-06,36.229888916015625
2008-03-07,36.14396286010742
2008-03-08,36.14396286010742
2008-03-09,36.14396286010742
2008-03-10,35.44805908203125
2008-03-11,36.796905517578125
2008-03-12,36.69381332397461
2008-03-13,36.97734451293945
2008-03-14,36.29861831665039
2008-03-15,36.29861831665039
2008-03-16,36.29861831665039
2008-03-17,35.63706588745117
2008-03-18,37.22648239135742
2008-03-19,36.30720520019531
2008-03-20,37.04920959472656
2008-03-21,37.04920959472656
2008-03-22,37.04920959472656
2008-03-23,37.04920959472656
2008-03-24,38.330322265625
2008-03-25,38.54529571533203
2008-03-26,38.43352127075195
2008-03-27,37.58229064941406
2008-03-28,37.39311599731445
2008-03-29,37.39311599731445
2008-03-30,37.39311599731445
2008-03-31,37.59088897705078
2008-04-01,39.19873809814453
2008-04-02,39.11276626586914
2008-04-03,39.19873809814453
2008-04-04,39.43088912963867
2008-04-05,39.43088912963867
2008-04-06,39.43088912963867
2008-04-07,39.34489440917969
2008-04-08,39.04397201538086
2008-04-09,38.60546112060547
2008-04-10,39.155738830566406
2008-04-11,38.072383880615234
2008-04-12,38.072383880615234
2008-04-13,38.072383880615234
2008-04-14,37.90043640136719
2008-04-15,37.95201873779297
2008-04-16,39.00959777832031
2008-04-17,38.9235954284668
2008-04-18,40.161720275878906
2008-04-19,40.161720275878906
2008-04-20,40.161720275878906
2008-04-21,40.44546890258789
2008-04-22,39.84359359741211
2008-04-23,40.28209686279297
2008-04-24,40.64322280883789
2008-04-25,40.54005813598633
2008-04-26,40.54005813598633
2008-04-27,40.54005813598633
2008-04-28,40.617435455322266
2008-04-29,40.92695617675781
2008-04-30,40.59164810180664
2008-05-01,41.87274932861328
2008-05-02,41.93294143676758
2008-05-03,41.93294143676758
2008-05-04,41.93294143676758
2008-05-05,41.81256103515625
2008-05-06,42.07050323486328
2008-05-07,41.305274963378906
2008-05-08,41.61480331420898
2008-05-09,41.451438903808594
2008-05-10,41.451438903808594
2008-05-11,41.451438903808594
2008-05-12,42.20807266235352
2008-05-13,42.31982421875
2008-05-14,42.22528076171875
2008-05-15,42.9647102355957
2008-05-16,42.99909973144531
2008-05-17,42.99909973144531
2008-05-18,42.99909973144531
2008-05-19,42.68955993652344
2008-05-20,42.36285400390625
2008-05-21,41.4256591796875
2008-05-22,41.5718002319336
2008-05-23,41.44285202026367
2008-05-24,41.44285202026367
2008-05-25,41.44285202026367
2008-05-26,41.44285202026367
2008-05-27,42.17367172241211
2008-05-28,42.34564971923828
2008-05-29,42.72397232055664
2008-05-30,42.99909973144531
2008-05-31,42.99909973144531
2008-06-01,42.99909973144531
2008-06-02,42.474605560302734
2008-06-03,42.24247360229492
2008-06-04,42.78413391113281
2008-06-05,43.46339797973633
2008-06-06,42.15649032592773
2008-06-07,42.15649032592773
2008-06-08,42.15649032592773
2008-06-09,41.93294143676758
2008-06-10,41.73519134521485
2008-06-11,40.72920989990234
2008-06-12,40.77217483520508
2008-06-13,41.58902740478516
2008-06-14,41.58902740478516
2008-06-15,41.58902740478516
2008-06-16,41.95872497558594
2008-06-17,41.73519134521485
2008-06-18,41.2880744934082
2008-06-19,41.93294143676758
2008-06-20,40.80062103271485
2008-06-21,40.80062103271485
2008-06-22,40.80062103271485
2008-06-23,40.48228073120117
2008-06-24,40.27577972412109
2008-06-25,40.92970657348633
2008-06-26,39.277713775634766
2008-06-27,39.277713775634766
2008-06-28,39.277713775634766
2008-06-29,39.277713775634766
2008-06-30,38.86471557617188
2008-07-01,39.4153938293457
2008-07-02,38.46892929077149
2008-07-03,38.40008163452149
2008-07-04,38.40008163452149
2008-07-05,38.40008163452149
2008-07-06,38.40008163452149
2008-07-07,38.63238525390625
2008-07-08,39.55305099487305
2008-07-09,38.50334167480469
2008-07-10,38.9593505859375
2008-07-11,38.33987045288086
2008-07-12,38.33987045288086
2008-07-13,38.33987045288086
2008-07-14,38.05592727661133
2008-07-15,38.06452941894531
2008-07-16,39.01098251342773
2008-07-17,39.26911544799805
2008-07-18,38.365665435791016
2008-07-19,38.365665435791016
2008-07-20,38.365665435791016
2008-07-21,38.52915573120117
2008-07-22,38.52915573120117
2008-07-23,39.03681182861328
2008-07-24,38.45170211791992
2008-07-25,38.95074462890625
2008-07-26,38.95074462890625
2008-07-27,38.95074462890625
2008-07-28,38.21940612792969
2008-07-29,39.01098251342773
2008-07-30,39.20887756347656
2008-07-31,39.11423873901367
2008-08-01,38.61518096923828
2008-08-02,38.61518096923828
2008-08-03,38.61518096923828
2008-08-04,38.2280158996582
2008-08-05,39.51862716674805
2008-08-06,40.12091064453125
2008-08-07,39.81116485595703
2008-08-08,40.714599609375
2008-08-09,40.714599609375
2008-08-10,40.714599609375
2008-08-11,41.084564208984375
2008-08-12,41.12759399414063
2008-08-13,41.04154968261719
2008-08-14,41.51478576660156
2008-08-15,41.43734359741211
2008-08-16,41.43734359741211
2008-08-17,41.43734359741211
2008-08-18,40.95551300048828
2008-08-19,40.44786834716797
2008-08-20,40.51670837402344
2008-08-21,40.327396392822266
2008-08-22,40.86087417602539
2008-08-23,40.86087417602539
2008-08-24,40.86087417602539
2008-08-25,40.00044631958008
2008-08-26,39.9488410949707
2008-08-27,40.20695877075195
2008-08-28,40.53390884399414
2008-08-29,39.68209457397461
2008-08-30,39.68209457397461
2008-08-31,39.68209457397461
2008-09-01,39.68209457397461
2008-09-02,39.191680908203125
2008-09-03,38.82168197631836
2008-09-04,37.56549072265625
2008-09-05,37.384796142578125
2008-09-06,37.384796142578125
2008-09-07,37.384796142578125
2008-09-08,37.31598663330078
2008-09-09,36.524410247802734
2008-09-10,36.82553863525391
2008-09-11,37.51387405395508
2008-09-12,37.36759185791016
2008-09-13,37.36759185791016
2008-09-14,37.36759185791016
2008-09-15,36.206031799316406
2008-09-16,36.48998260498047
2008-09-17,34.59707260131836
2008-09-18,35.76722717285156
2008-09-19,36.93647766113281
2008-09-20,36.93647766113281
2008-09-21,36.93647766113281
2008-09-22,35.197261810302734
2008-09-23,34.93035125732422
2008-09-24,35.17145538330078
2008-09-25,35.731082916259766
2008-09-26,35.369468688964844
2008-09-27,35.369468688964844
2008-09-28,35.369468688964844
2008-09-29,32.56264114379883
2008-09-30,33.501102447509766
2008-10-01,33.14811325073242
2008-10-02,31.64137840270996
2008-10-03,31.150615692138672
2008-10-04,31.150615692138672
2008-10-05,31.150615692138672
2008-10-06,30.01410675048828
2008-10-07,28.11132049560547
2008-10-08,27.88746452331543
2008-10-09,27.138397216796875
2008-10-10,26.96619987487793
2008-10-11,26.96619987487793
2008-10-12,26.96619987487793
2008-10-13,30.246564865112305
2008-10-14,28.9378662109375
2008-10-15,26.34628868103028
2008-10-16,27.77552795410156
2008-10-17,27.809972763061523
2008-10-18,27.809972763061523
2008-10-19,27.809972763061523
2008-10-20,28.58485221862793
2008-10-21,27.103965759277344
2008-10-22,26.354900360107425
2008-10-23,26.25157165527344
2008-10-24,25.407804489135746
2008-10-25,25.407804489135746
2008-10-26,25.407804489135746
2008-10-27,24.70179557800293
2008-10-28,27.431135177612305
2008-10-29,27.36225318908692
2008-10-30,28.274906158447266
2008-10-31,28.317955017089844
2008-11-01,28.317955017089844
2008-11-02,28.317955017089844
2008-11-03,28.25768280029297
2008-11-04,29.05841064453125
2008-11-05,27.54306411743164
2008-11-06,26.31184959411621
2008-11-07,26.854272842407227
2008-11-08,26.854272842407227
2008-11-09,26.854272842407227
2008-11-10,26.492656707763672
2008-11-11,25.91580009460449
2008-11-12,24.71901512145996
2008-11-13,26.22574615478516
2008-11-14,24.951492309570312
2008-11-15,24.951492309570312
2008-11-16,24.951492309570312
2008-11-17,24.4262752532959
2008-11-18,24.40045547485352
2008-11-19,23.126190185546875
2008-11-20,22.006895065307617
2008-11-21,22.962596893310547
2008-11-22,22.962596893310547
2008-11-23,22.962596893310547
2008-11-24,24.366016387939453
2008-11-25,24.254085540771484
2008-11-26,25.27004623413086
2008-11-27,25.27004623413086
2008-11-28,25.07202339172364
2008-11-29,25.07202339172364
2008-11-30,25.07202339172364
2008-12-01,23.186452865600582
2008-12-02,23.961345672607425
2008-12-03,24.64152908325196
2008-12-04,23.94412422180176
2008-12-05,24.91704750061035
2008-12-06,24.91704750061035
2008-12-07,24.91704750061035
2008-12-08,25.89857292175293
2008-12-09,25.838314056396484
2008-12-10,25.752197265625
2008-12-11,25.046192169189453
2008-12-12,25.554180145263672
2008-12-13,25.554180145263672
2008-12-14,25.554180145263672
2008-12-15,25.106464385986328
2008-12-16,26.31184959411621
2008-12-17,25.9932804107666
2008-12-18,25.53695297241211
2008-12-19,25.74648094177246
2008-12-20,25.74648094177246
2008-12-21,25.74648094177246
2008-12-22,25.18602752685547
2008-12-23,25.05669403076172
2008-12-24,25.12568092346192
2008-12-25,25.12568092346192
2008-12-26,25.11703872680664
2008-12-27,25.11703872680664
2008-12-28,25.11703872680664
2008-12-29,24.91010093688965
2008-12-30,25.427452087402344
2008-12-31,25.643016815185547
2009-01-01,25.643016815185547
2009-01-02,26.75529861450196
2009-01-03,26.75529861450196
2009-01-04,26.75529861450196
2009-01-05,26.74667930603028
2009-01-06,27.01398277282715
2009-01-07,26.2465877532959
2009-01-08,26.52250099182129
2009-01-09,25.92755699157715
2009-01-10,25.92755699157715
2009-01-11,25.92755699157715
2009-01-12,25.45332145690918
2009-01-13,25.461944580078125
2009-01-14,24.685930252075195
2009-01-15,25.091182708740234
2009-01-16,25.367094039916992
2009-01-17,25.367094039916992
2009-01-18,25.367094039916992
2009-01-19,25.367094039916992
2009-01-20,24.10822296142578
2009-01-21,25.13429450988769
2009-01-22,24.79801368713379
2009-01-23,24.91872978210449
2009-01-24,24.91872978210449
2009-01-25,24.91872978210449
2009-01-26,25.099809646606445
2009-01-27,25.280866622924805
2009-01-28,26.168981552124023
2009-01-29,25.50506019592285
2009-01-30,25.05669403076172
2009-01-31,25.05669403076172
2009-02-01,25.05669403076172
2009-02-02,25.358470916748047
2009-02-03,25.755109786987305
2009-02-04,25.78958511352539
2009-02-05,26.35867691040039
2009-02-06,27.0484619140625
2009-02-07,27.0484619140625
2009-02-08,27.0484619140625
2009-02-09,27.160558700561523
2009-02-10,26.16035842895508
2009-02-11,26.03963661193848
2009-02-12,26.35867691040039
2009-02-13,26.237966537475582
2009-02-14,26.237966537475582
2009-02-15,26.237966537475582
2009-02-16,26.237966537475582
2009-02-17,25.19464492797852
2009-02-18,25.21189308166504
2009-02-19,24.82388687133789
2009-02-20,24.89287376403809
2009-02-21,24.89287376403809
2009-02-22,24.89287376403809
2009-02-23,24.02199935913086
2009-02-24,24.815261840820312
2009-02-25,24.651445388793945
2009-02-26,23.961652755737305
2009-02-27,23.737455368041992
2009-02-28,23.737455368041992
2009-03-01,23.737455368041992
2009-03-02,22.97007179260254
2009-03-03,22.95282745361328
2009-03-04,23.565013885498047
2009-03-05,22.857982635498047
2009-03-06,22.67690658569336
2009-03-07,22.67690658569336
2009-03-08,22.67690658569336
2009-03-09,22.19405174255371
2009-03-10,23.565013885498047
2009-03-11,23.92715644836425
2009-03-12,24.72041702270508
2009-03-13,24.7807674407959
2009-03-14,24.7807674407959
2009-03-15,24.7807674407959
2009-03-16,24.36690139770508
2009-03-17,25.28948211669922
2009-03-18,25.60852432250977
2009-03-19,25.59128189086914
2009-03-20,25.20176124572754
2009-03-21,25.20176124572754
2009-03-22,25.20176124572754
2009-03-23,26.68727302551269
2009-03-24,26.19497871398925
2009-03-25,26.315895080566406
2009-03-26,27.127744674682617
2009-03-27,26.61817741394043
2009-03-28,26.61817741394043
2009-03-29,26.61817741394043
2009-03-30,25.961801528930664
2009-03-31,26.186342239379883
2009-04-01,26.574995040893555
2009-04-02,27.43002319335937
2009-04-03,27.939584732055664
2009-04-04,27.939584732055664
2009-04-05,27.939584732055664
2009-04-06,27.870485305786133
2009-04-07,27.13637924194336
2009-04-08,27.594127655029297
2009-04-09,28.449142456054688
2009-04-10,28.449142456054688
2009-04-11,28.449142456054688
2009-04-12,28.449142456054688
2009-04-13,28.40596580505371
2009-04-14,28.060503005981445
2009-04-15,27.98277473449707
2009-04-16,28.70825386047364
2009-04-17,28.76871490478516
2009-04-18,28.76871490478516
2009-04-19,28.76871490478516
2009-04-20,27.84459114074707
2009-04-21,28.233226776123047
2009-04-22,28.31960868835449
2009-04-23,28.59598159790039
2009-04-24,29.09689140319824
2009-04-25,29.09689140319824
2009-04-26,29.09689140319824
2009-04-27,29.13143920898437
2009-04-28,28.91552734375
2009-04-29,29.312801361083984
2009-04-30,29.606460571289062
2009-05-01,29.684181213378903
2009-05-02,29.684181213378903
2009-05-03,29.684181213378903
2009-05-04,30.27149200439453
2009-05-05,30.24557113647461
2009-05-06,30.25421142578125
2009-05-07,29.54600143432617
2009-05-08,29.563276290893555
2009-05-09,29.563276290893555
2009-05-10,29.563276290893555
2009-05-11,29.666921615600582
2009-05-12,29.304180145263672
2009-05-13,28.518251419067383
2009-05-14,28.837793350219727
2009-05-15,28.82052993774414
2009-05-16,28.82052993774414
2009-05-17,28.82052993774414
2009-05-18,29.571918487548828
2009-05-19,29.71012115478516
2009-05-20,29.606460571289062
2009-05-21,29.06235313415528
2009-05-22,28.96735191345215
2009-05-23,28.96735191345215
2009-05-24,28.96735191345215
2009-05-25,28.96735191345215
2009-05-26,30.04694175720215
2009-05-27,29.83965110778809
2009-05-28,30.185104370117188
2009-05-29,30.55648803710937
2009-05-30,30.55648803710937
2009-05-31,30.55648803710937
2009-06-01,31.42879867553711
2009-06-02,31.47196388244629
2009-06-03,31.376972198486328
2009-06-04,31.73108291625977
2009-06-05,31.765628814697266
2009-06-06,31.765628814697266
2009-06-07,31.765628814697266
2009-06-08,31.670635223388672
2009-06-09,31.91244125366211
2009-06-10,31.800182342529297
2009-06-11,31.800182342529297
2009-06-12,31.653358459472656
2009-06-13,31.653358459472656
2009-06-14,31.653358459472656
2009-06-15,31.005599975585938
2009-06-16,30.703330993652344
2009-06-17,30.996967315673828
2009-06-18,30.936508178710938
2009-06-19,31.26856231689453
2009-06-20,31.26856231689453
2009-06-21,31.26856231689453
2009-06-22,30.33465385437012
2009-06-23,30.265480041503903
2009-06-24,30.775684356689453
2009-06-25,31.380977630615234
2009-06-26,31.45014381408692
2009-06-27,31.45014381408692
2009-06-28,31.45014381408692
2009-06-29,31.51933860778809
2009-06-30,31.458803176879883
2009-07-01,31.476099014282227
2009-07-02,30.78430557250977
2009-07-03,30.78430557250977
2009-07-04,30.78430557250977
2009-07-05,30.78430557250977
2009-07-06,30.62002182006836
2009-07-07,29.85906219482422
2009-07-08,30.014707565307617
2009-07-09,30.06658935546875
2009-07-10,30.196308135986328
2009-07-11,30.196308135986328
2009-07-12,30.196308135986328
2009-07-13,30.775684356689453
2009-07-14,30.88808250427246
2009-07-15,31.92573928833008
2009-07-16,32.30624008178711
2009-07-17,32.479183197021484
2009-07-18,32.479183197021484
2009-07-19,32.479183197021484
2009-07-20,32.79048538208008
2009-07-21,33.01531219482422
2009-07-22,33.29203414916992
2009-07-23,34.02705383300781
2009-07-24,33.76762771606445
2009-07-25,33.76762771606445
2009-07-26,33.76762771606445
2009-07-27,34.02705383300781
2009-07-28,33.793556213378906
2009-07-29,34.01839828491211
2009-07-30,34.217281341552734
2009-07-31,34.1135139465332
2009-08-01,34.1135139465332
2009-08-02,34.1135139465332
2009-08-03,34.62369537353516
2009-08-04,34.62369537353516
2009-08-05,34.35564041137695
2009-08-06,34.05298614501953
2009-08-07,34.485355377197266
2009-08-08,34.485355377197266
2009-08-09,34.485355377197266
2009-08-10,34.24321746826172
2009-08-11,33.949214935302734
2009-08-12,34.47671890258789
2009-08-13,34.666934967041016
2009-08-14,34.269168853759766
2009-08-15,34.269168853759766
2009-08-16,34.269168853759766
2009-08-17,33.27473449707031
2009-08-18,33.750328063964844
2009-08-19,33.98380279541016
2009-08-20,34.3815803527832
2009-08-21,34.83989715576172
2009-08-22,34.83989715576172
2009-08-23,34.83989715576172
2009-08-24,34.80529022216797
2009-08-25,34.90907669067383
2009-08-26,34.848533630371094
2009-08-27,34.93501663208008
2009-08-28,34.96957778930664
2009-08-29,34.96957778930664
2009-08-30,34.96957778930664
2009-08-31,34.61505889892578
2009-09-01,33.96652603149414
2009-09-02,33.94056701660156
2009-09-03,34.165401458740234
2009-09-04,34.90044403076172
2009-09-05,34.90044403076172
2009-09-06,34.90044403076172
2009-09-07,34.90044403076172
2009-09-08,35.22902297973633
2009-09-09,35.53166580200195
2009-09-10,35.86891555786133
2009-09-11,35.903507232666016
2009-09-12,35.903507232666016
2009-09-13,35.903507232666016
2009-09-14,36.04185485839844
2009-09-15,36.15428161621094
2009-09-16,36.6817626953125
2009-09-17,36.6731071472168
2009-09-18,36.73456573486328
2009-09-19,36.73456573486328
2009-09-20,36.73456573486328
2009-09-21,36.84709548950195
2009-09-22,36.91633224487305
2009-09-23,36.74322891235352
2009-09-24,36.41430282592773
2009-09-25,36.09404373168945
2009-09-26,36.09404373168945
2009-09-27,36.09404373168945
2009-09-28,36.70860290527344
2009-09-29,36.54415130615234
2009-09-30,36.57010269165039
2009-10-01,35.488155364990234
2009-10-02,35.38430404663086
2009-10-03,35.38430404663086
2009-10-04,35.38430404663086
2009-10-05,35.66992950439453
2009-10-06,36.301788330078125
2009-10-07,36.40566253662109
2009-10-08,36.56145477294922
2009-10-09,36.76919937133789
2009-10-10,36.76919937133789
2009-10-11,36.76919937133789
2009-10-12,36.84709548950195
2009-10-13,36.85574722290039
2009-10-14,37.35774993896485
2009-10-15,37.27122497558594
2009-10-16,37.02886581420898
2009-10-17,37.02886581420898
2009-10-18,37.02886581420898
2009-10-19,37.40105819702149
2009-10-20,37.40970230102539
2009-10-21,37.340476989746094
2009-10-22,37.48760223388672
2009-10-23,37.331809997558594
2009-10-24,37.331809997558594
2009-10-25,37.331809997558594
2009-10-26,37.21062850952149
2009-10-27,36.64801788330078
2009-10-28,35.82572937011719
2009-10-29,36.43161392211914
2009-10-30,35.45352935791016
2009-10-31,35.45352935791016
2009-11-01,35.45352935791016
2009-11-02,35.600677490234375
2009-11-03,35.713191986083984
2009-11-04,35.773780822753906
2009-11-05,36.65667724609375
2009-11-06,36.873046875
2009-11-07,36.873046875
2009-11-08,36.873046875
2009-11-09,37.66072082519531
2009-11-10,37.75593566894531
2009-11-11,37.99828720092773
2009-11-12,37.78190994262695
2009-11-13,38.093505859375
2009-11-14,38.093505859375
2009-11-15,38.093505859375
2009-11-16,38.48301315307617
2009-11-17,38.60418319702149
2009-11-18,38.38778305053711
2009-11-19,37.790565490722656
2009-11-20,37.600128173828125
2009-11-21,37.600128173828125
2009-11-22,37.600128173828125
2009-11-23,38.20602035522461
2009-11-24,38.07619094848633
2009-11-25,38.24065017700195
2009-11-26,38.24065017700195
2009-11-27,37.66072082519531
2009-11-28,37.66072082519531
2009-11-29,37.66072082519531
2009-11-30,37.70399856567383
2009-12-01,38.093505859375
2009-12-02,38.14542007446289
2009-12-03,37.98964691162109
2009-12-04,38.188697814941406
2009-12-05,38.188697814941406
2009-12-06,38.188697814941406
2009-12-07,38.006961822509766
2009-12-08,37.77322769165039
2009-12-09,38.154090881347656
2009-12-10,38.34450912475586
2009-12-11,38.197364807128906
2009-12-12,38.197364807128906
2009-12-13,38.197364807128906
2009-12-14,38.56090927124024
2009-12-15,38.34450912475586
2009-12-16,38.39646530151367
2009-12-17,37.92905426025391
2009-12-18,38.54721450805664
2009-12-19,38.54721450805664
2009-12-20,38.54721450805664
2009-12-21,38.98073196411133
2009-12-22,39.2148323059082
2009-12-23,39.50092697143555
2009-12-24,39.86508941650391
2009-12-25,39.86508941650391
2009-12-26,39.86508941650391
2009-12-27,39.86508941650391
2009-12-28,40.07316207885742
2009-12-29,39.90841674804688
2009-12-30,40.029823303222656
2009-12-31,39.66566467285156
2010-01-01,39.66566467285156
2010-01-02,39.66566467285156
2010-01-03,39.66566467285156
2010-01-04,40.24655532836914
2010-01-05,40.24655532836914
2010-01-06,40.0037956237793
2010-01-07,40.029823303222656
2010-01-08,40.35927581787109
2010-01-09,40.35927581787109
2010-01-10,40.35927581787109
2010-01-11,40.19454574584961
2010-01-12,39.69166564941406
2010-01-13,40.18586349487305
2010-01-14,40.22055435180664
2010-01-15,39.75236892700195
2010-01-16,39.75236892700195
2010-01-17,39.75236892700195
2010-01-18,39.75236892700195
2010-01-19,40.39395523071289
2010-01-20,39.81305694580078
2010-01-21,39.44023895263672
2010-01-22,38.28712463378906
2010-01-23,38.28712463378906
2010-01-24,38.28712463378906
2010-01-25,38.41717529296875
2010-01-26,38.45184326171875
2010-01-27,38.75530624389648
2010-01-28,37.75823593139648
2010-01-29,37.09930038452149
2010-01-30,37.09930038452149
2010-01-31,37.09930038452149
2010-02-01,37.50682067871094
2010-02-02,37.84494400024414
2010-02-03,38.05303955078125
2010-02-04,36.951927185058594
2010-02-05,37.26405715942383
2010-02-06,37.26405715942383
2010-02-07,37.26405715942383
2010-02-08,36.99527740478516
2010-02-09,37.37677001953125
2010-02-10,37.298736572265625
2010-02-11,37.86227416992188
2010-02-12,37.94031524658203
2010-02-13,37.94031524658203
2010-02-14,37.94031524658203
2010-02-15,37.94031524658203
2010-02-16,38.42584228515625
2010-02-17,38.64259338378906
2010-02-18,38.8853645324707
2010-02-19,38.86801528930664
2010-02-20,38.86801528930664
2010-02-21,38.86801528930664
2010-02-22,38.78999328613281
2010-02-23,38.28712463378906
2010-02-24,38.6772689819336
2010-02-25,38.66859436035156
2010-02-26,38.80732345581055
2010-02-27,38.80732345581055
2010-02-28,38.80732345581055
2010-03-01,39.3708610534668
2010-03-02,39.492279052734375
2010-03-03,39.53562927246094
2010-03-04,39.66566467285156
2010-03-05,40.2639045715332
2010-03-06,40.2639045715332
2010-03-07,40.2639045715332
2010-03-08,40.3419303894043
2010-03-09,40.567359924316406
2010-03-10,40.89680480957031
2010-03-11,41.05287551879883
2010-03-12,41.06153106689453
2010-03-13,41.06153106689453
2010-03-14,41.06153106689453
2010-03-15,40.95751190185547
2010-03-16,41.21759414672852
2010-03-17,41.330326080322266
2010-03-18,41.469051361083984
2010-03-19,41.21821975708008
2010-03-20,41.21821975708008
2010-03-21,41.21821975708008
2010-03-22,41.5914192199707
2010-03-23,41.87783050537109
2010-03-24,41.67822265625
2010-03-25,41.617454528808594
2010-03-26,41.660865783691406
2010-03-27,41.660865783691406
2010-03-28,41.660865783691406
2010-03-29,41.8604850769043
2010-03-30,41.99935150146485
2010-03-31,41.79972839355469
2010-04-01,41.79972839355469
2010-04-02,41.79972839355469
2010-04-03,41.79972839355469
2010-04-04,41.79972839355469
2010-04-05,42.19028854370117
2010-04-06,42.31180191040039
2010-04-07,42.20766067504883
2010-04-08,42.30312347412109
2010-04-09,42.5548210144043
2010-04-10,42.5548210144043
2010-04-11,42.5548210144043
2010-04-12,42.58954620361328
2010-04-13,42.8065299987793
2010-04-14,43.31861114501953
2010-04-15,43.50955581665039
2010-04-16,42.98878479003906
2010-04-17,42.98878479003906
2010-04-18,42.98878479003906
2010-04-19,42.9627685546875
2010-04-20,43.17975234985352
2010-04-21,43.42275238037109
2010-04-22,43.6657829284668
2010-04-23,43.848052978515625
2010-04-24,43.848052978515625
2010-04-25,43.848052978515625
2010-04-26,43.75257110595703
2010-04-27,42.82390975952149
2010-04-28,42.84992980957031
2010-04-29,43.59635925292969
2010-04-30,42.737091064453125
2010-05-01,42.737091064453125
2010-05-02,42.737091064453125
2010-05-03,43.335975646972656
2010-05-04,42.03408050537109
2010-05-05,41.81708908081055
2010-05-06,40.41969680786133
2010-05-07,39.41289138793945
2010-05-08,39.41289138793945
2010-05-09,39.41289138793945
2010-05-10,41.46123504638672
2010-05-11,41.4178352355957
2010-05-12,42.19897079467773
2010-05-13,41.53065872192383
2010-05-14,40.73217010498047
2010-05-15,40.73217010498047
2010-05-16,40.73217010498047
2010-05-17,40.86236190795898
2010-05-18,40.29821014404297
2010-05-19,39.97705841064453
2010-05-20,38.49288177490234
2010-05-21,38.91818618774414
2010-05-22,38.91818618774414
2010-05-23,38.91818618774414
2010-05-24,38.76194763183594
2010-05-25,38.79668426513672
2010-05-26,38.36270523071289
2010-05-27,39.81215286254883
2010-05-28,39.57781982421875
2010-05-29,39.57781982421875
2010-05-30,39.57781982421875
2010-05-31,39.57781982421875
2010-06-01,39.213287353515625
2010-06-02,40.14196395874024
2010-06-03,40.52384948730469
2010-06-04,39.13516616821289
2010-06-05,39.13516616821289
2010-06-06,39.13516616821289
2010-06-07,38.423458099365234
2010-06-08,38.35400772094727
2010-06-09,38.03288269042969
2010-06-10,39.117794036865234
2010-06-11,39.49100112915039
2010-06-12,39.49100112915039
2010-06-13,39.49100112915039
2010-06-14,39.48233795166016
2010-06-15,40.541202545166016
2010-06-16,40.70612335205078
2010-06-17,40.8363151550293
2010-06-18,40.87024688720703
2010-06-19,40.87024688720703
2010-06-20,40.87024688720703
2010-06-21,40.52239990234375
2010-06-22,40.20936965942383
2010-06-23,40.04414367675781
2010-06-24,39.4354133605957
2010-06-25,39.44327163696289
2010-06-26,39.44327163696289
2010-06-27,39.44327163696289
2010-06-28,39.30386734008789
2010-06-29,37.78781509399414
2010-06-30,37.212772369384766
2010-07-01,37.108211517333984
2010-07-02,37.003665924072266
2010-07-03,37.003665924072266
2010-07-04,37.003665924072266
2010-07-05,37.003665924072266
2010-07-06,37.1169319152832
2010-07-07,38.301883697509766
2010-07-08,38.51100158691406
2010-07-09,38.87693786621094
2010-07-10,38.87693786621094
2010-07-11,38.87693786621094
2010-07-12,38.99019241333008
2010-07-13,39.49554443359375
2010-07-14,39.69595336914063
2010-07-15,39.73079299926758
2010-07-16,38.63297271728516
2010-07-17,38.63297271728516
2010-07-18,38.63297271728516
2010-07-19,38.96405792236328
2010-07-20,39.43456268310547
2010-07-21,38.89435958862305
2010-07-22,39.87891006469727
2010-07-23,40.131591796875
2010-07-24,40.131591796875
2010-07-25,40.131591796875
2010-07-26,40.462677001953125
2010-07-27,40.44525146484375
2010-07-28,40.12286376953125
2010-07-29,39.8266487121582
2010-07-30,39.91376876831055
2010-07-31,39.91376876831055
2010-08-01,39.91376876831055
2010-08-02,40.6630744934082
2010-08-03,40.48881912231445
2010-08-04,40.8983154296875
2010-08-05,40.80248260498047
2010-08-06,40.74149703979492
2010-08-07,40.74149703979492
2010-08-08,40.74149703979492
2010-08-09,41.02029800415039
2010-08-10,40.6630744934082
2010-08-11,39.55654144287109
2010-08-12,39.24287796020508
2010-08-13,38.96405792236328
2010-08-14,38.96405792236328
2010-08-15,38.96405792236328
2010-08-16,39.033782958984375
2010-08-17,39.530399322509766
2010-08-18,39.68723678588867
2010-08-19,39.08604431152344
2010-08-20,39.1383056640625
2010-08-21,39.1383056640625
2010-08-22,39.1383056640625
2010-08-23,38.75495910644531
2010-08-24,38.03179168701172
2010-08-25,38.39772033691406
2010-08-26,37.935943603515625
2010-08-27,38.39772033691406
2010-08-28,38.39772033691406
2010-08-29,38.39772033691406
2010-08-30,37.99692153930664
2010-08-31,37.866241455078125
2010-09-01,38.99891662597656
2010-09-02,39.43456268310547
2010-09-03,40.088035583496094
2010-09-04,40.088035583496094
2010-09-05,40.088035583496094
2010-09-06,40.088035583496094
2010-09-07,39.81792831420898
2010-09-08,40.29713439941406
2010-09-09,40.45397567749024
2010-09-10,40.60207748413086
2010-09-11,40.60207748413086
2010-09-12,40.60207748413086
2010-09-13,41.16842651367188
2010-09-14,41.34266662597656
2010-09-15,41.60407257080078
2010-09-16,41.76961517333984
2010-09-17,41.91109848022461
2010-09-18,41.91109848022461
2010-09-19,41.91109848022461
2010-09-20,42.64468383789063
2010-09-21,42.63597106933594
2010-09-22,42.522422790527344
2010-09-23,42.50494766235352
2010-09-24,43.36955261230469
2010-09-25,43.36955261230469
2010-09-26,43.36955261230469
2010-09-27,43.13375854492188
2010-09-28,43.11629104614258
2010-09-29,43.04641342163086
2010-09-30,42.85428237915039
2010-10-01,42.80189514160156
2010-10-02,42.80189514160156
2010-10-03,42.80189514160156
2010-10-04,42.33903503417969
2010-10-05,43.36955261230469
2010-10-06,42.99401092529297
2010-10-07,43.15121841430664
2010-10-08,43.44815444946289
2010-10-09,43.44815444946289
2010-10-10,43.44815444946289
2010-10-11,43.46562576293945
2010-10-12,43.76255798339844
2010-10-13,44.1206169128418
2010-10-14,44.03327941894531
2010-10-15,44.96774291992188
2010-10-16,44.96774291992188
2010-10-17,44.96774291992188
2010-10-18,44.80181121826172
2010-10-19,44.38261795043945
2010-10-20,44.70574569702149
2010-10-21,44.79307174682617
2010-10-22,45.0987434387207
2010-10-23,45.0987434387207
2010-10-24,45.0987434387207
2010-10-25,45.31707382202149
2010-10-26,45.4393310546875
2010-10-27,45.57908630371094
2010-10-28,45.67513656616211
2010-10-29,45.570350646972656
2010-10-30,45.570350646972656
2010-10-31,45.570350646972656
2010-11-01,45.60527801513672
2010-11-02,46.0943489074707
2010-11-03,46.3039436340332
2010-11-04,46.87160110473633
2010-11-05,46.87160110473633
2010-11-06,46.87160110473633
2010-11-07,46.87160110473633
2010-11-08,46.932743072509766
2010-11-09,46.67945861816406
2010-11-10,46.91527938842773
2010-11-11,46.61834335327149
2010-11-12,45.85854721069336
2010-11-13,45.85854721069336
2010-11-14,45.85854721069336
2010-11-15,45.68389129638672
2010-11-16,44.93281936645508
2010-11-17,45.06383514404297
2010-11-18,45.7886848449707
2010-11-19,45.82360458374024
2010-11-20,45.82360458374024
2010-11-21,45.82360458374024
2010-11-22,46.2078742980957
2010-11-23,45.474266052246094
2010-11-24,46.39127349853516
2010-11-25,46.39127349853516
2010-11-26,46.08561706542969
2010-11-27,46.08561706542969
2010-11-28,46.08561706542969
2010-11-29,46.050662994384766
2010-11-30,45.49175643920898
2010-12-01,46.45241165161133
2010-12-02,46.92401885986328
2010-12-03,47.0462760925293
2010-12-04,47.0462760925293
2010-12-05,47.0462760925293
2010-12-06,47.02878952026367
2010-12-07,47.05500793457031
2010-12-08,47.22966384887695
2010-12-09,47.27335739135742
2010-12-10,47.58774566650391
2010-12-11,47.58774566650391
2010-12-12,47.58774566650391
2010-12-13,47.42180252075195
2010-12-14,47.50913619995117
2010-12-15,47.29954147338867
2010-12-16,47.66633987426758
2010-12-17,47.70833587646485
2010-12-18,47.70833587646485
2010-12-19,47.70833587646485
2010-12-20,47.74334335327149
2010-12-21,48.03211975097656
2010-12-22,48.02335739135742
2010-12-23,47.90085220336914
2010-12-24,47.90085220336914
2010-12-25,47.90085220336914
2010-12-26,47.90085220336914
2010-12-27,47.92711639404297
2010-12-28,47.83958053588867
2010-12-29,47.9445915222168
2010-12-30,47.83085632324219
2010-12-31,47.65583038330078
2011-01-01,47.65583038330078
2011-01-02,47.65583038330078
2011-01-03,48.3996467590332
2011-01-04,48.36464309692383
2011-01-05,48.77592468261719
2011-01-06,48.93341827392578
2011-01-07,48.889678955078125
2011-01-08,48.889678955078125
2011-01-09,48.889678955078125
2011-01-10,49.07343673706055
2011-01-11,49.143436431884766
2011-01-12,49.49347305297852
2011-01-13,49.51095581054688
2011-01-14,49.87847900390625
2011-01-15,49.87847900390625
2011-01-16,49.87847900390625
2011-01-17,49.87847900390625
2011-01-18,50.018497467041016
2011-01-19,49.449703216552734
2011-01-20,49.09967803955078
2011-01-21,48.723411560058594
2011-01-22,48.723411560058594
2011-01-23,48.723411560058594
2011-01-24,49.39721298217773
2011-01-25,49.46722030639648
2011-01-26,49.7297248840332
2011-01-27,50.03599166870117
2011-01-28,48.76716613769531
2011-01-29,48.76716613769531
2011-01-30,48.76716613769531
2011-01-31,49.00342559814453
2011-02-01,49.92225646972656
2011-02-02,49.843482971191406
2011-02-03,49.93100738525391
2011-02-04,50.21100997924805
2011-02-05,50.21100997924805
2011-02-06,50.21100997924805
2011-02-07,50.4472770690918
2011-02-08,50.77980041503906
2011-02-09,50.69229888916016
2011-02-10,50.77104187011719
2011-02-11,51.13856887817383
2011-02-12,51.13856887817383
2011-02-13,51.13856887817383
2011-02-14,51.2610969543457
2011-02-15,51.19107437133789
2011-02-16,51.52359771728516
2011-02-17,51.506103515625
2011-02-18,51.39234161376953
2011-02-19,51.39234161376953
2011-02-20,51.39234161376953
2011-02-21,51.39234161376953
2011-02-22,49.90473556518555
2011-02-23,49.49347305297852
2011-02-24,49.755977630615234
2011-02-25,50.4472770690918
2011-02-26,50.4472770690918
2011-02-27,50.4472770690918
2011-02-28,50.55229568481445
2011-03-01,49.73849105834961
2011-03-02,50.00099563598633
2011-03-03,50.98981475830078
2011-03-04,50.727294921875
2011-03-05,50.727294921875
2011-03-06,50.727294921875
2011-03-07,50.04475402832031
2011-03-08,50.24600982666016
2011-03-09,49.90473556518555
2011-03-10,49.12593078613281
2011-03-11,49.43220138549805
2011-03-12,49.43220138549805
2011-03-13,49.43220138549805
2011-03-14,49.257205963134766
2011-03-15,48.55713653564453
2011-03-16,47.38456726074219
2011-03-17,47.82210540771485
2011-03-18,47.71430969238281
2011-03-19,47.71430969238281
2011-03-20,47.71430969238281
2011-03-21,48.63442993164063
2011-03-22,48.54679489135742
2011-03-23,48.81844329833984
2011-03-24,49.68596649169922
2011-03-25,49.80865859985352
2011-03-26,49.80865859985352
2011-03-27,49.80865859985352
2011-03-28,49.53700256347656
2011-03-29,50.01897048950195
2011-03-30,50.25557327270508
2011-03-31,50.32566833496094
2011-04-01,50.35196304321289
2011-04-02,50.35196304321289
2011-04-03,50.35196304321289
2011-04-04,50.185455322265625
2011-04-05,50.05402374267578
2011-04-06,50.17669296264648
2011-04-07,50.14165496826172
2011-04-08,49.905059814453125
2011-04-09,49.905059814453125
2011-04-10,49.905059814453125
2011-04-11,49.738563537597656
2011-04-12,49.39679718017578
2011-04-13,49.81742477416992
2011-04-14,49.72978973388672
2011-04-15,49.64215087890625
2011-04-16,49.64215087890625
2011-04-17,49.64215087890625
2011-04-18,49.29165267944336
2011-04-19,49.59835433959961
2011-04-20,50.720001220703125
2011-04-21,51.12310409545898
2011-04-22,51.12310409545898
2011-04-23,51.12310409545898
2011-04-24,51.12310409545898
2011-04-25,51.25454711914063
2011-04-26,51.543731689453125
2011-04-27,51.89424133300781
2011-04-28,51.815372467041016
2011-04-29,51.77156448364258
2011-04-30,51.77156448364258
2011-05-01,51.77156448364258
2011-05-02,51.67518615722656
2011-05-03,51.42980194091797
2011-05-04,51.35094451904297
2011-05-05,51.07051467895508
2011-05-06,51.23702239990234
2011-05-07,51.23702239990234
2011-05-08,51.23702239990234
2011-05-09,51.42980194091797
2011-05-10,51.86796188354492
2011-05-11,51.49113845825195
2011-05-12,51.7978401184082
2011-05-13,51.184452056884766
2011-05-14,51.184452056884766
2011-05-15,51.184452056884766
2011-05-16,50.29938125610352
2011-05-17,50.43959045410156
2011-05-18,50.8602180480957
2011-05-19,51.0091667175293
2011-05-20,50.62361145019531
2011-05-21,50.62361145019531
2011-05-22,50.62361145019531
2011-05-23,49.8787727355957
2011-05-24,49.572044372558594
2011-05-25,49.764835357666016
2011-05-26,50.07155227661133
2011-05-27,50.32566833496094
2011-05-28,50.32566833496094
2011-05-29,50.32566833496094
2011-05-30,50.32566833496094
2011-05-31,51.14064407348633
2011-06-01,50.02773666381836
2011-06-02,50.13286972045898
2011-06-03,49.37928771972656
2011-06-04,49.37928771972656
2011-06-05,49.37928771972656
2011-06-06,48.9761848449707
2011-06-07,48.88854217529297
2011-06-08,48.53801727294922
2011-06-09,48.62565612792969
2011-06-10,47.88080978393555
2011-06-11,47.88080978393555
2011-06-12,47.88080978393555
2011-06-13,47.88080978393555
2011-06-14,48.49421691894531
2011-06-15,47.57411575317383
2011-06-16,47.39009094238281
2011-06-17,47.24164581298828
2011-06-18,47.24164581298828
2011-06-19,47.24164581298828
2011-06-20,47.487579345703125
2011-06-21,48.506343841552734
2011-06-22,48.155052185058594
2011-06-23,48.60296630859375
2011-06-24,47.75982284545898
2011-06-25,47.75982284545898
2011-06-26,47.75982284545898
2011-06-27,48.5239143371582
2011-06-28,49.24408721923828
2011-06-29,49.44609451293945
2011-06-30,50.10478973388672
2011-07-01,50.86008834838867
2011-07-02,50.86008834838867
2011-07-03,50.86008834838867
2011-07-04,50.86008834838867
2011-07-05,51.11478805541992
2011-07-06,51.28165817260742
2011-07-07,51.9842643737793
2011-07-08,51.84375
2011-07-09,51.84375
2011-07-10,51.84375
2011-07-11,50.90401840209961
2011-07-12,50.51756286621094
2011-07-13,50.72835540771485
2011-07-14,50.139923095703125
2011-07-15,50.80739974975586
2011-07-16,50.80739974975586
2011-07-17,50.80739974975586
2011-07-18,50.53513717651367
2011-07-19,51.68564987182617
2011-07-20,51.46608352661133
2011-07-21,51.80861282348633
2011-07-22,52.3443489074707
2011-07-23,52.3443489074707
2011-07-24,52.3443489074707
2011-07-25,52.23896408081055
2011-07-26,52.370704650878906
2011-07-27,51.0181770324707
2011-07-28,51.10600280761719
2011-07-29,50.93913650512695
2011-07-30,50.93913650512695
2011-07-31,50.93913650512695
2011-08-01,50.70200347900391
2011-08-02,49.41975021362305
2011-08-03,49.89401245117188
2011-08-04,47.57538986206055
2011-08-05,47.27679061889648
2011-08-06,47.27679061889648
2011-08-07,47.27679061889648
2011-08-08,44.43122482299805
2011-08-09,46.57417678833008
2011-08-10,44.6683464050293
2011-08-11,46.635650634765625
2011-08-12,47.04844665527344
2011-08-13,47.04844665527344
2011-08-14,47.04844665527344
2011-08-15,47.74226760864258
2011-08-16,47.33827590942383
2011-08-17,47.05723190307617
2011-08-18,44.74739837646485
2011-08-19,43.93940353393555
2011-08-20,43.93940353393555
2011-08-21,43.93940353393555
2011-08-22,44.09747695922852
2011-08-23,45.915470123291016
2011-08-24,46.27557373046875
2011-08-25,45.520263671875
2011-08-26,46.66199493408203
2011-08-27,46.66199493408203
2011-08-28,46.66199493408203
2011-08-29,47.961822509765625
2011-08-30,48.278018951416016
2011-08-31,48.35704803466797
2011-09-01,47.91791534423828
2011-09-02,46.79374313354492
2011-09-03,46.79374313354492
2011-09-04,46.79374313354492
2011-09-05,46.79374313354492
2011-09-06,46.802528381347656
2011-09-07,47.98817825317383
2011-09-08,47.76862716674805
2011-09-09,46.705936431884766
2011-09-10,46.705936431884766
2011-09-11,46.705936431884766
2011-09-12,47.30312728881836
2011-09-13,47.935489654541016
2011-09-14,48.62052154541016
2011-09-15,49.34070587158203
2011-09-16,49.79295349121094
2011-09-17,49.79295349121094
2011-09-18,49.79295349121094
2011-09-19,49.81056594848633
2011-09-20,49.5905876159668
2011-09-21,48.728302001953125
2011-09-22,47.14450454711914
2011-09-23,47.64604187011719
2011-09-24,47.64604187011719
2011-09-25,47.64604187011719
2011-09-26,48.20035552978516
2011-09-27,48.7018928527832
2011-09-28,47.98038864135742
2011-09-29,47.40846252441406
2011-09-30,46.18540573120117
2011-10-01,46.18540573120117
2011-10-02,46.18540573120117
2011-10-03,44.99756622314453
2011-10-04,45.92145538330078
2011-10-05,47.10048675537109
2011-10-06,47.892425537109375
2011-10-07,47.575645446777344
2011-10-08,47.575645446777344
2011-10-09,47.575645446777344
2011-10-10,49.22103118896485
2011-10-11,49.5554084777832
2011-10-12,49.80177307128906
2011-10-13,50.25928115844727
2011-10-14,51.191993713378906
2011-10-15,51.191993713378906
2011-10-16,51.191993713378906
2011-10-17,50.400089263916016
2011-10-18,51.02481842041016
2011-10-19,50.03934097290039
2011-10-20,49.79295349121094
2011-10-21,50.41768264770508
2011-10-22,50.41768264770508
2011-10-23,50.41768264770508
2011-10-24,51.46475982666016
2011-10-25,50.452884674072266
2011-10-26,50.39127349853516
2011-10-27,51.78150939941406
2011-10-28,51.860721588134766
2011-10-29,51.860721588134766
2011-10-30,51.860721588134766
2011-10-31,50.98960876464844
2011-11-01,49.66098403930664
2011-11-02,50.08332061767578
2011-11-03,51.12160873413086
2011-11-04,50.85761642456055
2011-11-05,50.85761642456055
2011-11-06,50.85761642456055
2011-11-07,51.21839904785156
2011-11-08,51.80791091918945
2011-11-09,49.98653793334961
2011-11-10,49.96014404296875
2011-11-11,50.90163040161133
2011-11-12,50.90163040161133
2011-11-13,50.90163040161133
2011-11-14,50.58486557006836
2011-11-15,51.147987365722656
2011-11-16,50.30330276489258
2011-11-17,49.12424850463867
2011-11-18,48.745906829833984
2011-11-19,48.745906829833984
2011-11-20,48.745906829833984
2011-11-21,47.81320571899414
2011-11-22,47.97159194946289
2011-11-23,46.88932800292969
2011-11-24,46.88932800292969
2011-11-25,46.52857208251953
2011-11-26,46.52857208251953
2011-11-27,46.52857208251953
2011-11-28,48.147579193115234
2011-11-29,47.8484001159668
2011-11-30,49.616981506347656
2011-12-01,49.96014404296875
2011-12-02,49.8193588256836
2011-12-03,49.8193588256836
2011-12-04,49.8193588256836
2011-12-05,50.36490249633789
2011-12-06,50.2241096496582
2011-12-07,50.2241096496582
2011-12-08,49.37940979003906
2011-12-09,50.17131805419922
2011-12-10,50.17131805419922
2011-12-11,50.17131805419922
2011-12-12,49.60819625854492
2011-12-13,49.06265640258789
2011-12-14,48.297149658203125
2011-12-15,48.165157318115234
2011-12-16,48.41315841674805
2011-12-17,48.41315841674805
2011-12-18,48.41315841674805
2011-12-19,47.93661117553711
2011-12-20,49.35741424560547
2011-12-21,48.65142440795898
2011-12-22,49.066184997558594
2011-12-23,49.489784240722656
2011-12-24,49.489784240722656
2011-12-25,49.489784240722656
2011-12-26,49.489784240722656
2011-12-27,49.67437362670898
2011-12-28,49.10025787353516
2011-12-29,49.453575134277344
2011-12-30,49.3122444152832
2011-12-31,49.3122444152832
2012-01-01,49.3122444152832
2012-01-02,49.3122444152832
2012-01-03,50.25732803344727
2012-01-04,50.46931076049805
2012-01-05,50.88443756103516
2012-01-06,51.06110000610352
2012-01-07,51.06110000610352
2012-01-08,51.06110000610352
2012-01-09,50.89327621459961
2012-01-10,51.26423263549805
2012-01-11,51.3702278137207
2012-01-12,51.57338333129883
2012-01-13,51.38790130615234
2012-01-14,51.38790130615234
2012-01-15,51.38790130615234
2012-01-16,51.38790130615234
2012-01-17,51.85601043701172
2012-01-18,52.54497146606445
2012-01-19,52.87178039550781
2012-01-20,52.79227828979492
2012-01-21,52.79227828979492
2012-01-22,52.79227828979492
2012-01-23,52.80993270874024
2012-01-24,52.71278381347656
2012-01-25,53.37521362304688
2012-01-26,53.18973922729492
2012-01-27,53.34873962402344
2012-01-28,53.34873962402344
2012-01-29,53.34873962402344
2012-01-30,53.39289474487305
2012-01-31,53.46356201171875
2012-02-01,53.89634704589844
2012-02-02,54.06416320800781
2012-02-03,54.80611038208008
2012-02-04,54.80611038208008
2012-02-05,54.80611038208008
2012-02-06,54.76194381713867
2012-02-07,54.87676239013672
2012-02-08,55.16823196411133
2012-02-09,55.565704345703125
2012-02-10,55.17708587646485
2012-02-11,55.17708587646485
2012-02-12,55.17708587646485
2012-02-13,55.68936920166016
2012-02-14,55.83066177368164
2012-02-15,55.44204711914063
2012-02-16,56.20165252685547
2012-02-17,56.02499771118164
2012-02-18,56.02499771118164
2012-02-19,56.02499771118164
2012-02-20,56.02499771118164
2012-02-21,56.18398284912109
2012-02-22,55.927833557128906
2012-02-23,56.29880142211914
2012-02-24,56.49313735961914
2012-02-25,56.49313735961914
2012-02-26,56.49313735961914
2012-02-27,56.57261657714844
2012-02-28,57.146728515625
2012-02-29,56.890602111816406
2012-03-01,57.341041564941406
2012-03-02,57.29690170288086
2012-03-03,57.29690170288086
2012-03-04,57.29690170288086
2012-03-05,56.7051010131836
2012-03-06,56.14864730834961
2012-03-07,56.58144378662109
2012-03-08,57.19089126586914
2012-03-09,57.42937469482422
2012-03-10,57.42937469482422
2012-03-11,57.42937469482422
2012-03-12,57.45588302612305
2012-03-13,58.52460861206055
2012-03-14,58.72775268554688
2012-03-15,58.89556884765625
2012-03-16,58.8539924621582
2012-03-17,58.8539924621582
2012-03-18,58.8539924621582
2012-03-19,59.26982498168945
2012-03-20,59.37601089477539
2012-03-21,59.38484954833984
2012-03-22,59.260990142822266
2012-03-23,59.22561264038086
2012-03-24,59.22561264038086
2012-03-25,59.22561264038086
2012-03-26,60.26075744628906
2012-03-27,60.3492546081543
2012-03-28,60.110382080078125
2012-03-29,59.88032531738281
2012-03-30,59.76530456542969
2012-03-31,59.76530456542969
2012-04-01,59.76530456542969
2012-04-02,60.3846435546875
2012-04-03,60.36695861816406
2012-04-04,59.54412460327149
2012-04-05,59.91571044921875
2012-04-06,59.91571044921875
2012-04-07,59.91571044921875
2012-04-08,59.91571044921875
2012-04-09,59.46449279785156
2012-04-10,58.50895690917969
2012-04-11,58.79207229614258
2012-04-12,59.46449279785156
2012-04-13,58.56201553344727
2012-04-14,58.56201553344727
2012-04-15,58.56201553344727
2012-04-16,57.90731048583984
2012-04-17,59.08404159545898
2012-04-18,58.93364715576172
2012-04-19,58.27006530761719
2012-04-20,58.11081314086914
2012-04-21,58.11081314086914
2012-04-22,58.11081314086914
2012-04-23,57.57995223999024
2012-04-24,57.27030563354492
2012-04-25,58.79207229614258
2012-04-26,59.13711929321289
2012-04-27,59.49104309082031
2012-04-28,59.49104309082031
2012-04-29,59.49104309082031
2012-04-30,59.06632232666016
2012-05-01,59.16368103027344
2012-05-02,59.33176803588867
2012-05-03,58.70359420776367
2012-05-04,57.24374008178711
2012-05-05,57.24374008178711
2012-05-06,57.24374008178711
2012-05-07,57.29682540893555
2012-05-08,57.08448791503906
2012-05-09,56.90754318237305
2012-05-10,56.79252624511719
2012-05-11,56.78367614746094
2012-05-12,56.78367614746094
2012-05-13,56.78367614746094
2012-05-14,56.25281524658203
2012-05-15,56.06700134277344
2012-05-16,55.68656921386719
2012-05-17,54.50984573364258
2012-05-18,53.80205154418945
2012-05-19,53.80205154418945
2012-05-20,53.80205154418945
2012-05-21,55.306114196777344
2012-05-22,55.24419021606445
2012-05-23,55.350364685058594
2012-05-24,54.98762130737305
2012-05-25,54.91683578491211
2012-05-26,54.91683578491211
2012-05-27,54.91683578491211
2012-05-28,54.91683578491211
2012-05-29,55.61579513549805
2012-05-30,55.14687728881836
2012-05-31,54.90798568725586
2012-06-01,53.44813919067383
2012-06-02,53.44813919067383
2012-06-03,53.44813919067383
2012-06-04,53.855125427246094
2012-06-05,54.076316833496094
2012-06-06,55.31497573852539
2012-06-07,55.09379577636719
2012-06-08,55.6246452331543
2012-06-09,55.6246452331543
2012-06-10,55.6246452331543
2012-06-11,54.68680953979492
2012-06-12,55.350364685058594
2012-06-13,54.96991729736328
2012-06-14,55.17341232299805
2012-06-15,55.8589096069336
2012-06-16,55.8589096069336
2012-06-17,55.8589096069336
2012-06-18,56.38209915161133
2012-06-19,56.96739196777344
2012-06-20,57.0117301940918
2012-06-21,55.59285354614258
2012-06-22,56.17815399169922
2012-06-23,56.17815399169922
2012-06-24,56.17815399169922
2012-06-25,55.09626007080078
2012-06-26,55.44211196899414
2012-06-27,55.77910232543945
2012-06-28,55.158321380615234
2012-06-29,56.89645004272461
2012-06-30,56.89645004272461
2012-07-01,56.89645004272461
2012-07-02,57.06495666503906
2012-07-03,57.5438117980957
2012-07-04,57.5438117980957
2012-07-05,57.57928085327149
2012-07-06,56.860984802246094
2012-07-07,56.860984802246094
2012-07-08,56.860984802246094
2012-07-09,56.75457382202149
2012-07-10,56.19587326049805
2012-07-11,55.885501861572266
2012-07-12,55.36230850219727
2012-07-13,56.20474243164063
2012-07-14,56.20474243164063
2012-07-15,56.20474243164063
2012-07-16,56.04512405395508
2012-07-17,56.33776092529297
2012-07-18,57.10041046142578
2012-07-19,57.73003768920898
2012-07-20,56.96739196777344
2012-07-21,56.96739196777344
2012-07-22,56.96739196777344
2012-07-23,56.27568435668945
2012-07-24,55.83230209350586
2012-07-25,55.45986175537109
2012-07-26,56.19587326049805
2012-07-27,57.52608108520508
2012-07-28,57.52608108520508
2012-07-29,57.52608108520508
2012-07-30,57.48173522949219
2012-07-31,57.46400833129883
2012-08-01,57.29551315307617
2012-08-02,57.09154891967773
2012-08-03,58.17341995239258
2012-08-04,58.17341995239258
2012-08-05,58.17341995239258
2012-08-06,58.616817474365234
2012-08-07,59.10454940795898
2012-08-08,59.07795715332031
2012-08-09,59.25529479980469
2012-08-10,59.29076766967773
2012-08-11,59.29076766967773
2012-08-12,59.29076766967773
2012-08-13,59.432647705078125
2012-08-14,59.45927047729492
2012-08-15,59.61002349853516
2012-08-16,60.319435119628906
2012-08-17,60.58549880981445
2012-08-18,60.58549880981445
2012-08-19,60.58549880981445
2012-08-20,60.67416000366211
2012-08-21,60.43473052978516
2012-08-22,60.68305587768555
2012-08-23,60.18642807006836
2012-08-24,60.55890274047852
2012-08-25,60.55890274047852
2012-08-26,60.55890274047852
2012-08-27,60.65641403198242
2012-08-28,60.65641403198242
2012-08-29,60.65641403198242
2012-08-30,60.04454803466797
2012-08-31,60.443603515625
2012-09-01,60.443603515625
2012-09-02,60.443603515625
2012-09-03,60.443603515625
2012-09-04,60.38153839111328
2012-09-05,60.319435119628906
2012-09-06,61.658485412597656
2012-09-07,61.5698356628418
2012-09-08,61.5698356628418
2012-09-09,61.5698356628418
2012-09-10,60.78058242797852
2012-09-11,60.68305587768555
2012-09-12,60.86040115356445
2012-09-13,61.685089111328125
2012-09-14,62.23492813110352
2012-09-15,62.23492813110352
2012-09-16,62.23492813110352
2012-09-17,62.26153564453125
2012-09-18,62.31474685668945
2012-09-19,62.43001937866211
2012-09-20,62.36794662475586
2012-09-21,62.3857307434082
2012-09-22,62.3857307434082
2012-09-23,62.3857307434082
2012-09-24,62.0211067199707
2012-09-25,61.14957427978516
2012-09-26,60.65155792236328
2012-09-27,61.48750305175781
2012-09-28,60.98060989379883
2012-09-29,60.98060989379883
2012-09-30,60.98060989379883
2012-10-01,60.89168930053711
2012-10-02,61.06952667236328
2012-10-03,61.46083831787109
2012-10-04,61.67427444458008
2012-10-05,61.34522247314453
2012-10-06,61.34522247314453
2012-10-07,61.34522247314453
2012-10-08,60.78494644165039
2012-10-09,59.81559371948242
2012-10-10,59.51323699951172
2012-10-11,59.32645034790039
2012-10-12,59.29977798461914
2012-10-13,59.29977798461914
2012-10-14,59.29977798461914
2012-10-15,59.73554229736328
2012-10-16,60.58042144775391
2012-10-17,60.54483413696289
2012-10-18,59.84226989746094
2012-10-19,58.41047668457031
2012-10-20,58.41047668457031
2012-10-21,58.41047668457031
2012-10-22,58.71286392211914
2012-10-23,58.152591705322266
2012-10-24,57.9480094909668
2012-10-25,57.9480094909668
2012-10-26,58.11699295043945
2012-10-27,58.11699295043945
2012-10-28,58.11699295043945
2012-10-29,58.11699295043945
2012-10-30,58.11699295043945
2012-10-31,57.76124954223633
2012-11-01,58.579437255859375
2012-11-02,57.956912994384766
2012-11-03,57.956912994384766
2012-11-04,57.956912994384766
2012-11-05,58.33932113647461
2012-11-06,58.44604110717773
2012-11-07,57.06759262084961
2012-11-08,56.16941452026367
2012-11-09,56.40949630737305
2012-11-10,56.40949630737305
2012-11-11,56.40949630737305
2012-11-12,56.4006233215332
2012-11-13,56.00931167602539
2012-11-14,55.35122299194336
2012-11-15,55.16445541381836
2012-11-16,55.404579162597656
2012-11-17,55.404579162597656
2012-11-18,55.404579162597656
2012-11-19,56.72074508666992
2012-11-20,56.73854064941406
2012-11-21,56.85417556762695
2012-11-22,56.85417556762695
2012-11-23,57.7167854309082
2012-11-24,57.7167854309082
2012-11-25,57.7167854309082
2012-11-26,57.965797424316406
2012-11-27,57.770164489746094
2012-11-28,58.26818084716797
2012-11-29,58.61502456665039
2012-11-30,58.51717376708984
2012-12-01,58.51717376708984
2012-12-02,58.51717376708984
2012-12-03,58.40156936645508
2012-12-04,58.36600875854492
2012-12-05,57.7167854309082
2012-12-06,58.090328216552734
2012-12-07,57.74348449707031
2012-12-08,57.74348449707031
2012-12-09,57.74348449707031
2012-12-10,57.91246032714844
2012-12-11,58.66839218139648
2012-12-12,58.54387283325195
2012-12-13,58.08142852783203
2012-12-14,57.530033111572266
2012-12-15,57.530033111572266
2012-12-16,57.530033111572266
2012-12-17,58.29485702514648
2012-12-18,59.18418502807617
2012-12-19,58.926265716552734
2012-12-20,58.926265716552734
2012-12-21,58.30655288696289
2012-12-22,58.30655288696289
2012-12-23,58.30655288696289
2012-12-24,58.19030380249024
2012-12-25,58.19030380249024
2012-12-26,57.68056869506836
2012-12-27,57.59113693237305
2012-12-28,57.03666305541992
2012-12-29,57.03666305541992
2012-12-30,57.03666305541992
2012-12-31,58.24396896362305
2013-01-01,58.24396896362305
2013-01-02,60.09506607055664
2013-01-03,59.78210067749024
2013-01-04,59.585357666015625
2013-01-05,59.585357666015625
2013-01-06,59.585357666015625
2013-01-07,59.60324096679688
2013-01-08,59.48696899414063
2013-01-09,59.710548400878906
2013-01-10,60.0682487487793
2013-01-11,60.14875030517578
2013-01-12,60.14875030517578
2013-01-13,60.14875030517578
2013-01-14,59.88045883178711
2013-01-15,59.585357666015625
2013-01-16,59.82681274414063
2013-01-17,60.11297607421875
2013-01-18,59.97884368896485
2013-01-19,59.97884368896485
2013-01-20,59.97884368896485
2013-01-21,59.97884368896485
2013-01-22,60.07719802856445
2013-01-23,60.44384765625
2013-01-24,59.6121826171875
2013-01-25,59.916236877441406
2013-01-26,59.916236877441406
2013-01-27,59.916236877441406
2013-01-28,60.05036163330078
2013-01-29,60.0593147277832
2013-01-30,59.93410110473633
2013-01-31,59.79998779296875
2013-02-01,60.5064697265625
2013-02-02,60.5064697265625
2013-02-03,60.5064697265625
2013-02-04,59.45121765136719
2013-02-05,60.32760238647461
2013-02-06,60.13086700439453
2013-02-07,60.18452835083008
2013-02-08,60.80159378051758
2013-02-09,60.80159378051758
2013-02-10,60.80159378051758
2013-02-11,60.819454193115234
2013-02-12,60.56905364990234
2013-02-13,60.78369140625
2013-02-14,60.76580429077149
2013-02-15,60.58691787719727
2013-02-16,60.58691787719727
2013-02-17,60.58691787719727
2013-02-18,60.58691787719727
2013-02-19,61.025123596191406
2013-02-20,60.086181640625
2013-02-21,59.44229507446289
2013-02-22,60.04142379760742
2013-02-23,60.04142379760742
2013-02-24,60.04142379760742
2013-02-25,59.2991828918457
2013-02-26,59.522743225097656
2013-02-27,60.13086700439453
2013-02-28,60.00568008422852
2013-03-01,60.25606536865234
2013-03-02,60.25606536865234
2013-03-03,60.25606536865234
2013-03-04,60.52434921264648
2013-03-05,61.41862869262695
2013-03-06,61.26657485961914
2013-03-07,61.42755126953125
2013-03-08,61.49909973144531
2013-03-09,61.49909973144531
2013-03-10,61.49909973144531
2013-03-11,61.67794799804688
2013-03-12,61.45439529418945
2013-03-13,61.3739013671875
2013-03-14,61.57958984375
2013-03-15,61.40835571289063
2013-03-16,61.40835571289063
2013-03-17,61.40835571289063
2013-03-18,61.273921966552734
2013-03-19,61.15742492675781
2013-03-20,61.5876350402832
2013-03-21,60.88848876953125
2013-03-22,61.48008728027344
2013-03-23,61.48008728027344
2013-03-24,61.48008728027344
2013-03-25,61.25602340698242
2013-03-26,61.5876350402832
2013-03-27,61.66830825805664
2013-03-28,61.82069396972656
2013-03-29,61.82069396972656
2013-03-30,61.82069396972656
2013-03-31,61.82069396972656
2013-04-01,61.399410247802734
2013-04-02,61.88346099853516
2013-04-03,61.31874847412109
2013-04-04,61.336673736572266
2013-04-05,60.82574462890625
2013-04-06,60.82574462890625
2013-04-07,60.82574462890625
2013-04-08,61.1484260559082
2013-04-09,61.56077194213867
2013-04-10,62.7618408203125
2013-04-11,62.73497772216797
2013-04-12,62.69014358520508
2013-04-13,62.69014358520508
2013-04-14,62.69014358520508
2013-04-15,61.45318603515625
2013-04-16,62.26887130737305
2013-04-17,61.049842834472656
2013-04-18,60.2072639465332
2013-04-19,61.03191375732422
2013-04-20,61.03191375732422
2013-04-21,61.03191375732422
2013-04-22,61.65935134887695
2013-04-23,62.25092697143555
2013-04-24,62.22405242919922
2013-04-25,62.555694580078125
2013-04-26,62.3585090637207
2013-04-27,62.3585090637207
2013-04-28,62.3585090637207
2013-04-29,62.932159423828125
2013-04-30,63.38930130004883
2013-05-01,63.09349060058594
2013-05-02,63.89125061035156
2013-05-03,64.6441879272461
2013-05-04,64.6441879272461
2013-05-05,64.6441879272461
2013-05-06,64.89519500732422
2013-05-07,64.85926818847656
2013-05-08,65.17303466796875
2013-05-09,65.0833740234375
2013-05-10,65.477783203125
2013-05-11,65.477783203125
2013-05-12,65.477783203125
2013-05-13,65.55844116210938
2013-05-14,65.8990249633789
2013-05-15,66.03349304199219
2013-05-16,65.9617919921875
2013-05-17,66.59820556640625
2013-05-18,66.59820556640625
2013-05-19,66.59820556640625
2013-05-20,66.49959564208984
2013-05-21,66.57131958007812
2013-05-22,65.98870086669922
2013-05-23,65.83629608154297
2013-05-24,65.80046844482422
2013-05-25,65.80046844482422
2013-05-26,65.80046844482422
2013-05-27,65.80046844482422
2013-05-28,66.2306900024414
2013-05-29,65.91697692871094
2013-05-30,66.26655578613281
2013-05-31,65.65702819824219
2013-06-01,65.65702819824219
2013-06-02,65.65702819824219
2013-06-03,65.7735366821289
2013-06-04,65.43295288085938
2013-06-05,64.58143615722656
2013-06-06,64.89519500732422
2013-06-07,65.78252410888672
2013-06-08,65.78252410888672
2013-06-09,65.78252410888672
2013-06-10,65.80940246582031
2013-06-11,65.15509796142578
2013-06-12,64.40216827392578
2013-06-13,65.21783447265625
2013-06-14,64.7876205444336
2013-06-15,64.7876205444336
2013-06-16,64.7876205444336
2013-06-17,65.4150390625
2013-06-18,65.95282745361328
2013-06-19,65.21783447265625
2013-06-20,63.66714096069336
2013-06-21,63.32906723022461
2013-06-22,63.32906723022461
2013-06-23,63.32906723022461
2013-06-24,62.69963455200195
2013-06-25,63.15821075439453
2013-06-26,63.724708557128906
2013-06-27,63.99446868896485
2013-06-28,64.08438873291016
2013-06-29,64.08438873291016
2013-06-30,64.08438873291016
2013-07-01,64.48001098632812
2013-07-02,64.50699615478516
2013-07-03,64.76776123046875
2013-07-04,64.76776123046875
2013-07-05,65.26228332519531
2013-07-06,65.26228332519531
2013-07-07,65.26228332519531
2013-07-08,65.32523345947266
2013-07-09,65.72089385986328
2013-07-10,66.09856414794922
2013-07-11,67.411376953125
2013-07-12,67.70806884765625
2013-07-13,67.70806884765625
2013-07-14,67.70806884765625
2013-07-15,67.86094665527344
2013-07-16,67.7710189819336
2013-07-17,67.94184875488281
2013-07-18,67.7710189819336
2013-07-19,67.06966400146484
2013-07-20,67.06966400146484
2013-07-21,67.06966400146484
2013-07-22,67.26746368408203
2013-07-23,66.77291107177734
2013-07-24,66.98868560791016
2013-07-25,67.411376953125
2013-07-26,67.7710189819336
2013-07-27,67.7710189819336
2013-07-28,67.7710189819336
2013-07-29,67.6451187133789
2013-07-30,68.0047836303711
2013-07-31,68.13064575195312
2013-08-01,68.82304382324219
2013-08-02,69.20970153808594
2013-08-03,69.20970153808594
2013-08-04,69.20970153808594
2013-08-05,69.2546615600586
2013-08-06,68.84101867675781
2013-08-07,68.71513366699219
2013-08-08,69.05683898925781
2013-08-09,68.77809143066406
2013-08-10,68.77809143066406
2013-08-11,68.77809143066406
2013-08-12,68.93993377685547
2013-08-13,69.32659912109375
2013-08-14,69.06583404541016
2013-08-15,67.89688873291016
2013-08-16,67.86991119384766
2013-08-17,67.86991119384766
2013-08-18,67.86991119384766
2013-08-19,67.7530517578125
2013-08-20,68.0497055053711
2013-08-21,67.81596374511719
2013-08-22,68.48138427734375
2013-08-23,68.93993377685547
2013-08-24,68.93993377685547
2013-08-25,68.93993377685547
2013-08-26,68.97591400146484
2013-08-27,67.564208984375
2013-08-28,67.82493591308594
2013-08-29,68.30150604248047
2013-08-30,67.86094665527344
2013-08-31,67.86094665527344
2013-09-01,67.86094665527344
2013-09-02,67.86094665527344
2013-09-03,68.2475814819336
2013-09-04,68.97591400146484
2013-09-05,69.09281158447266
2013-09-06,69.17371368408203
2013-09-07,69.17371368408203
2013-09-08,69.17371368408203
2013-09-09,69.98297882080078
2013-09-10,70.32467651367188
2013-09-11,70.1897964477539
2013-09-12,70.14482879638672
2013-09-13,70.1897964477539
2013-09-14,70.1897964477539
2013-09-15,70.1897964477539
2013-09-16,70.00098419189453
2013-09-17,70.46851348876953
2013-09-18,71.31375885009766
2013-09-19,71.48460388183594
2013-09-20,71.23931121826172
2013-09-21,71.23931121826172
2013-09-22,71.23931121826172
2013-09-23,71.09502410888672
2013-09-24,71.09502410888672
2013-09-25,70.85150909423828
2013-09-26,71.40164947509766
2013-09-27,71.31145477294922
2013-09-28,71.31145477294922
2013-09-29,71.31145477294922
2013-09-30,71.14007568359375
2013-10-01,71.8615951538086
2013-10-02,71.83454132080078
2013-10-03,70.99579620361328
2013-10-04,71.60908508300781
2013-10-05,71.60908508300781
2013-10-06,71.60908508300781
2013-10-07,71.01382446289062
2013-10-08,69.64300537109375
2013-10-09,69.42652893066406
2013-10-10,70.8966064453125
2013-10-11,71.45576477050781
2013-10-12,71.45576477050781
2013-10-13,71.45576477050781
2013-10-14,71.96080017089844
2013-10-15,71.6812515258789
2013-10-16,72.49288177490234
2013-10-17,72.90776062011719
2013-10-18,74.08922576904297
2013-10-19,74.08922576904297
2013-10-20,74.08922576904297
2013-10-21,74.2515869140625
2013-10-22,74.35978698730469
2013-10-23,73.90884399414062
2013-10-24,74.2335205078125
2013-10-25,74.76565551757812
2013-10-26,74.76565551757812
2013-10-27,74.76565551757812
2013-10-28,74.78368377685547
2013-10-29,74.9099349975586
2013-10-30,74.83779907226562
2013-10-31,74.66644287109375
2013-11-01,74.68448638916016
2013-11-02,74.68448638916016
2013-11-03,74.68448638916016
2013-11-04,74.79269409179688
2013-11-05,74.87387084960938
2013-11-06,74.8558120727539
2013-11-07,73.44891357421875
2013-11-08,74.44097137451172
2013-11-09,74.44097137451172
2013-11-10,74.44097137451172
2013-11-11,74.32373046875
2013-11-12,74.44097137451172
2013-11-13,75.34285736083984
2013-11-14,75.57733154296875
2013-11-15,75.72162628173828
2013-11-16,75.72162628173828
2013-11-17,75.72162628173828
2013-11-18,74.98208618164062
2013-11-19,74.76565551757812
2013-11-20,74.58525848388672
2013-11-21,75.34285736083984
2013-11-22,75.7486801147461
2013-11-23,75.7486801147461
2013-11-24,75.7486801147461
2013-11-25,75.92904663085938
2013-11-26,76.3259048461914
2013-11-27,76.8580093383789
2013-11-28,76.8580093383789
2013-11-29,77.31794738769531
2013-11-30,77.31794738769531
2013-12-01,77.31794738769531
2013-12-02,77.09248352050781
2013-12-03,77.02935791015625
2013-12-04,77.10149383544922
2013-12-05,77.00231170654297
2013-12-06,77.56146240234375
2013-12-07,77.56146240234375
2013-12-08,77.56146240234375
2013-12-09,77.87713623046875
2013-12-10,77.82298278808594
2013-12-11,76.82190704345703
2013-12-12,76.62353515625
2013-12-13,76.5242919921875
2013-12-14,76.5242919921875
2013-12-15,76.5242919921875
2013-12-16,76.94818115234375
2013-12-17,76.79486846923828
2013-12-18,77.68771362304688
2013-12-19,77.47126007080078
2013-12-20,78.26020812988281
2013-12-21,78.26020812988281
2013-12-22,78.26020812988281
2013-12-23,79.08353424072266
2013-12-24,79.11973571777344
2013-12-25,79.11973571777344
2013-12-26,79.3820571899414
2013-12-27,79.18303680419922
2013-12-28,79.18303680419922
2013-12-29,79.18303680419922
2013-12-30,79.06542205810547
2013-12-31,79.58113861083984
2014-01-01,79.58113861083984
2014-01-02,78.95687866210938
2014-01-03,78.38687133789062
2014-01-04,78.38687133789062
2014-01-05,78.38687133789062
2014-01-06,78.09736633300781
2014-01-07,78.82113647460938
2014-01-08,78.99304962158203
2014-01-09,78.73067474365234
2014-01-10,78.98400115966797
2014-01-11,78.98400115966797
2014-01-12,78.98400115966797
2014-01-13,77.81688690185547
2014-01-14,79.30066680908203
2014-01-15,79.95206451416016
2014-01-16,79.96114349365234
2014-01-17,79.50873565673828
2014-01-18,79.50873565673828
2014-01-19,79.50873565673828
2014-01-20,79.50873565673828
2014-01-21,80.11491394042969
2014-01-22,80.3230209350586
2014-01-23,80.0516357421875
2014-01-24,78.47733306884766
2014-01-25,78.47733306884766
2014-01-26,78.47733306884766
2014-01-27,77.71735382080078
2014-01-28,77.67213439941406
2014-01-29,76.83977508544922
2014-01-30,78.26020812988281
2014-01-31,78.0521240234375
2014-02-01,78.0521240234375
2014-02-02,78.0521240234375
2014-02-03,76.26074981689453
2014-02-04,76.82166290283203
2014-02-05,76.62262725830078
2014-02-06,77.59976196289062
2014-02-07,78.98400115966797
2014-02-08,78.98400115966797
2014-02-09,78.98400115966797
2014-02-10,79.43639373779297
2014-02-11,80.34111022949219
2014-02-12,80.49490356445312
2014-02-13,81.092041015625
2014-02-14,81.25492095947266
2014-02-15,81.25492095947266
2014-02-16,81.25492095947266
2014-02-17,81.25492095947266
2014-02-18,81.65299987792969
2014-02-19,81.092041015625
2014-02-20,81.47207641601562
2014-02-21,81.36347961425781
2014-02-22,81.36347961425781
2014-02-23,81.36347961425781
2014-02-24,81.79776763916016
2014-02-25,81.7072982788086
2014-02-26,81.63490295410156
2014-02-27,82.16453552246094
2014-02-28,82.07369232177734
2014-03-01,82.07369232177734
2014-03-02,82.07369232177734
2014-03-03,81.46501922607422
2014-03-04,82.50071716308594
2014-03-05,82.72782897949219
2014-03-06,82.6551284790039
2014-03-07,82.24632263183594
2014-03-08,82.24632263183594
2014-03-09,82.24632263183594
2014-03-10,82.31901550292969
2014-03-11,81.96469116210938
2014-03-12,82.27354431152344
2014-03-13,81.11068725585938
2014-03-14,80.55652618408203
2014-03-15,80.55652618408203
2014-03-16,80.55652618408203
2014-03-17,81.26512145996094
2014-03-18,82.24632263183594
2014-03-19,81.80113983154297
2014-03-20,82.02825927734375
2014-03-21,81.04122161865234
2014-03-22,81.04122161865234
2014-03-23,81.04122161865234
2014-03-24,80.3309555053711
2014-03-25,80.59503173828125
2014-03-26,79.55697631835938
2014-03-27,79.11080169677734
2014-03-28,79.26563262939453
2014-03-29,79.26563262939453
2014-03-30,79.26563262939453
2014-03-31,79.83014678955078
2014-04-01,81.23246002197266
2014-04-02,81.4418716430664
2014-04-03,80.79539489746094
2014-04-04,78.64640045166016
2014-04-05,78.64640045166016
2014-04-06,78.64640045166016
2014-04-07,77.89973449707031
2014-04-08,78.61905670166016
2014-04-09,79.96675109863281
2014-04-10,77.48998260498047
2014-04-11,76.58851623535156
2014-04-12,76.58851623535156
2014-04-13,76.58851623535156
2014-04-14,77.18948364257812
2014-04-15,77.44446563720703
2014-04-16,78.47340393066406
2014-04-17,78.49161529541016
2014-04-18,78.49161529541016
2014-04-19,78.49161529541016
2014-04-20,78.49161529541016
2014-04-21,79.07437896728516
2014-04-22,79.70269012451172
2014-04-23,79.00152587890625
2014-04-24,79.75729370117188
2014-04-25,78.48250579833984
2014-04-26,78.48250579833984
2014-04-27,78.48250579833984
2014-04-28,78.73748779296875
2014-04-29,79.36576080322266
2014-04-30,79.57518768310547
2014-05-01,79.81192779541016
2014-05-02,79.66625213623047
2014-05-03,79.66625213623047
2014-05-04,79.66625213623047
2014-05-05,80.08511352539062
2014-05-06,79.04707336425781
2014-05-07,78.81940460205078
2014-05-08,78.7465591430664
2014-05-09,79.03793334960938
2014-05-10,79.03793334960938
2014-05-11,79.03793334960938
2014-05-12,80.3400650024414
2014-05-13,80.39469909667969
2014-05-14,79.97583770751953
2014-05-15,79.34754180908203
2014-05-16,79.86660766601562
2014-05-17,79.86660766601562
2014-05-18,79.86660766601562
2014-05-19,80.42202758789062
2014-05-20,80.1306381225586
2014-05-21,80.8955078125
2014-05-22,81.25066375732422
2014-05-23,81.8425064086914
2014-05-24,81.8425064086914
2014-05-25,81.8425064086914
2014-05-26,81.8425064086914
2014-05-27,82.86237335205078
2014-05-28,82.60740661621094
2014-05-29,83.13553619384766
2014-05-30,83.14463806152344
2014-05-31,83.14463806152344
2014-06-01,83.14463806152344
2014-06-02,83.06268310546875
2014-06-03,83.0262680053711
2014-06-04,83.33585357666016
2014-06-05,84.03699493408203
2014-06-06,84.51959991455078
2014-06-07,84.51959991455078
2014-06-08,84.51959991455078
2014-06-09,84.45590209960938
2014-06-10,84.60157775878906
2014-06-11,84.58336639404297
2014-06-12,83.81849670410156
2014-06-13,84.06431579589844
2014-06-14,84.06431579589844
2014-06-15,84.06431579589844
2014-06-16,84.1371841430664
2014-06-17,84.1827163696289
2014-06-18,84.65618896484375
2014-06-19,84.60157775878906
2014-06-20,84.70108032226562
2014-06-21,84.70108032226562
2014-06-22,84.70108032226562
2014-06-23,84.71935272216797
2014-06-24,84.63716888427734
2014-06-25,85.17585754394531
2014-06-26,85.22149658203125
2014-06-27,85.5958251953125
2014-06-28,85.5958251953125
2014-06-29,85.5958251953125
2014-06-30,85.74192810058594
2014-07-01,86.68232727050781
2014-07-02,86.82840728759766
2014-07-03,87.376220703125
2014-07-04,87.376220703125
2014-07-05,87.376220703125
2014-07-06,87.376220703125
2014-07-07,87.11148834228516
2014-07-08,86.06147003173828
2014-07-09,86.70059967041016
2014-07-10,86.4266586303711
2014-07-11,86.98363494873047
2014-07-12,86.98363494873047
2014-07-13,86.98363494873047
2014-07-14,87.50404357910156
2014-07-15,87.2027587890625
2014-07-16,87.54975128173828
2014-07-17,86.39018249511719
2014-07-18,87.75971984863281
2014-07-19,87.75971984863281
2014-07-20,87.75971984863281
2014-07-21,87.650146484375
2014-07-22,88.20709991455078
2014-07-23,88.77318572998047
2014-07-24,88.67273712158203
2014-07-25,88.32576751708984
2014-07-26,88.32576751708984
2014-07-27,88.32576751708984
2014-07-28,88.35314178466797
2014-07-29,88.19799041748047
2014-07-30,88.54492950439453
2014-07-31,86.7553939819336
2014-08-01,86.43585968017578
2014-08-02,86.43585968017578
2014-08-03,86.43585968017578
2014-08-04,87.02928924560547
2014-08-05,86.36277770996094
2014-08-06,86.29887390136719
2014-08-07,86.02496337890625
2014-08-08,86.64582824707031
2014-08-09,86.64582824707031
2014-08-10,86.64582824707031
2014-08-11,87.15714263916016
2014-08-12,87.12056732177734
2014-08-13,88.04273223876953
2014-08-14,88.49922943115234
2014-08-15,88.92837524414062
2014-08-16,88.92837524414062
2014-08-17,88.92837524414062
2014-08-18,89.6131591796875
2014-08-19,90.11530303955078
2014-08-20,90.11530303955078
2014-08-21,90.29792022705078
2014-08-22,90.43488311767578
2014-08-23,90.43488311767578
2014-08-24,90.43488311767578
2014-08-25,90.75445556640624
2014-08-26,90.84573364257812
2014-08-27,90.8639907836914
2014-08-28,90.76353454589844
2014-08-29,91.10137176513672
2014-08-30,91.10137176513672
2014-08-31,91.10137176513672
2014-09-01,91.10137176513672
2014-09-02,91.36614227294922
2014-09-03,90.82746124267578
2014-09-04,90.74529266357422
2014-09-05,91.20181274414062
2014-09-06,91.20181274414062
2014-09-07,91.20181274414062
2014-09-08,91.3752670288086
2014-09-09,90.6174545288086
2014-09-10,91.36614227294922
2014-09-11,91.2930908203125
2014-09-12,90.82746124267578
2014-09-13,90.82746124267578
2014-09-14,90.82746124267578
2014-09-15,89.9509506225586
2014-09-16,90.73615264892578
2014-09-17,90.87313842773438
2014-09-18,91.5578842163086
2014-09-19,91.50111389160156
2014-09-20,91.50111389160156
2014-09-21,91.50111389160156
2014-09-22,90.64999389648438
2014-09-23,90.40288543701172
2014-09-24,91.37301635742188
2014-09-25,89.45109558105469
2014-09-26,90.40288543701172
2014-09-27,90.40288543701172
2014-09-28,90.40288543701172
2014-09-29,90.28392791748048
2014-09-30,90.41204833984376
2014-10-01,88.96604919433594
2014-10-02,88.96604919433594
2014-10-03,89.84465026855469
2014-10-04,89.84465026855469
2014-10-05,89.84465026855469
2014-10-06,89.65243530273438
2014-10-07,88.38031005859375
2014-10-08,90.10088348388672
2014-10-09,88.64573669433594
2014-10-10,86.43096923828125
2014-10-11,86.43096923828125
2014-10-12,86.43096923828125
2014-10-13,85.07644653320312
2014-10-14,85.08562469482422
2014-10-15,84.53651428222656
2014-10-16,84.00566864013672
2014-10-17,85.11308288574219
2014-10-18,85.11308288574219
2014-10-19,85.11308288574219
2014-10-20,86.38521575927734
2014-10-21,88.6548843383789
2014-10-22,88.19729614257812
2014-10-23,89.52433013916016
2014-10-24,90.2564697265625
2014-10-25,90.2564697265625
2014-10-26,90.2564697265625
2014-10-27,90.3205337524414
2014-10-28,91.6842041015625
2014-10-29,91.34555053710938
2014-10-30,91.5377426147461
2014-10-31,92.80072784423828
2014-11-01,92.80072784423828
2014-11-02,92.80072784423828
2014-11-03,93.0752944946289
2014-11-04,92.7641143798828
2014-11-05,92.77326202392578
2014-11-06,93.06610870361328
2014-11-07,92.98373413085938
2014-11-08,92.98373413085938
2014-11-09,92.98373413085938
2014-11-10,93.3132095336914
2014-11-11,93.60607147216795
2014-11-12,93.77082061767578
2014-11-13,94.17349243164062
2014-11-14,94.4663543701172
2014-11-15,94.4663543701172
2014-11-16,94.4663543701172
2014-11-17,94.18268585205078
2014-11-18,94.88736724853516
2014-11-19,94.45723724365234
2014-11-20,94.87821197509766
2014-11-21,95.06124877929688
2014-11-22,95.06124877929688
2014-11-23,95.06124877929688
2014-11-24,95.80252838134766
2014-11-25,95.9489974975586
2014-11-26,96.5713348388672
2014-11-27,96.5713348388672
2014-11-28,97.01973724365234
2014-11-29,97.01973724365234
2014-11-30,97.01973724365234
2014-12-01,95.9215087890625
2014-12-02,96.30590057373048
2014-12-03,96.4797821044922
2014-12-04,96.4340362548828
2014-12-05,96.44319915771484
2014-12-06,96.44319915771484
2014-12-07,96.44319915771484
2014-12-08,95.7567901611328
2014-12-09,96.0588150024414
2014-12-10,94.54869842529295
2014-12-11,94.99717712402344
2014-12-12,93.9630126953125
2014-12-13,93.9630126953125
2014-12-14,93.9630126953125
2014-12-15,92.99290466308594
2014-12-16,91.50111389160156
2014-12-17,93.16677856445312
2014-12-18,95.40899658203124
2014-12-19,95.82880401611328
2014-12-20,95.82880401611328
2014-12-21,95.82880401611328
2014-12-22,96.06768035888672
2014-12-23,95.727783203125
2014-12-24,95.81046295166016
2014-12-25,95.81046295166016
2014-12-26,96.4901885986328
2014-12-27,96.4901885986328
2014-12-28,96.4901885986328
2014-12-29,96.47183990478516
2014-12-30,95.82880401611328
2014-12-31,94.84591674804688
2015-01-01,94.84591674804688
2015-01-02,94.5611572265625
2015-01-03,94.5611572265625
2015-01-04,94.5611572265625
2015-01-05,93.1740493774414
2015-01-06,91.92474365234376
2015-01-07,93.10974884033205
2015-01-08,94.89181518554688
2015-01-09,94.2672119140625
2015-01-10,94.2672119140625
2015-01-11,94.2672119140625
2015-01-12,93.28428649902344
2015-01-13,93.2567138671875
2015-01-14,92.74231719970705
2015-01-15,91.53897094726562
2015-01-16,92.6137466430664
2015-01-17,92.6137466430664
2015-01-18,92.6137466430664
2015-01-19,92.6137466430664
2015-01-20,93.34859466552734
2015-01-21,93.82626342773438
2015-01-22,95.56240844726562
2015-01-23,95.77373504638672
2015-01-24,95.77373504638672
2015-01-25,95.77373504638672
2015-01-26,95.66349792480467
2015-01-27,93.18325805664062
2015-01-28,92.70558166503906
2015-01-29,93.59661865234376
2015-01-30,92.87094116210938
2015-01-31,92.87094116210938
2015-02-01,92.87094116210938
2015-02-02,93.67928314208984
2015-02-03,94.57952880859376
2015-02-04,94.49683380126952
2015-02-05,95.31439971923828
2015-02-06,94.73568725585938
2015-02-07,94.73568725585938
2015-02-08,94.73568725585938
2015-02-09,94.43256378173828
2015-02-10,95.90231323242188
2015-02-11,96.25139617919922
2015-02-12,97.3720932006836
2015-02-13,98.20802307128906
2015-02-14,98.20802307128906
2015-02-15,98.20802307128906
2015-02-16,98.20802307128906
2015-02-17,98.29988098144533
2015-02-18,98.43766784667967
2015-02-19,98.9245147705078
2015-02-20,99.5859375
2015-02-21,99.5859375
2015-02-22,99.5859375
2015-02-23,99.68692779541016
2015-02-24,99.7604522705078
2015-02-25,99.51241302490234
2015-02-26,100.01764678955078
2015-02-27,99.57672119140624
2015-02-28,99.57672119140624
2015-03-01,99.57672119140624
2015-03-02,100.47693634033205
2015-03-03,100.00846099853516
2015-03-04,99.62265014648438
2015-03-05,99.79720306396484
2015-03-06,98.6672821044922
2015-03-07,98.6672821044922
2015-03-08,98.6672821044922
2015-03-09,98.95207977294922
2015-03-10,97.11485290527344
2015-03-11,96.55451202392578
2015-03-12,97.1883544921875
2015-03-13,96.76579284667967
2015-03-14,96.76579284667967
2015-03-15,96.76579284667967
2015-03-16,98.01509857177734
2015-03-17,98.17127990722656
2015-03-18,99.13579559326172
2015-03-19,99.28279113769533
2015-03-20,99.92543029785156
2015-03-21,99.92543029785156
2015-03-22,99.92543029785156
2015-03-23,99.7320785522461
2015-03-24,99.37299346923828
2015-03-25,97.09883880615234
2015-03-26,96.76737213134766
2015-03-27,97.15408325195312
2015-03-28,97.15408325195312
2015-03-29,97.15408325195312
2015-03-30,98.2681884765625
2015-03-31,97.22775268554688
2015-04-01,96.7213134765625
2015-04-02,96.7857894897461
2015-04-03,96.7857894897461
2015-04-04,96.7857894897461
2015-04-05,96.7857894897461
2015-04-06,97.5776138305664
2015-04-07,97.41187286376952
2015-04-08,98.185302734375
2015-04-09,98.80213928222656
2015-04-10,99.207275390625
2015-04-11,99.207275390625
2015-04-12,99.207275390625
2015-04-13,98.95868682861328
2015-04-14,98.6732406616211
2015-04-15,99.2901382446289
2015-04-16,99.15203094482422
2015-04-17,97.60521697998048
2015-04-18,97.60521697998048
2015-04-19,97.60521697998048
2015-04-20,99.06916809082033
2015-04-21,99.4927215576172
2015-04-22,100.0359344482422
2015-04-23,100.41340637207033
2015-04-24,101.77608489990234
2015-04-25,101.77608489990234
2015-04-26,101.77608489990234
2015-04-27,101.51829528808594
2015-04-28,101.31572723388672
2015-04-29,100.680419921875
2015-04-30,99.0968246459961
2015-05-01,100.4041976928711
2015-05-02,100.4041976928711
2015-05-03,100.4041976928711
2015-05-04,100.5699462890625
2015-05-05,98.9310531616211
2015-05-06,98.24974060058594
2015-05-07,98.83895874023438
2015-05-08,100.0727310180664
2015-05-09,100.0727310180664
2015-05-10,100.0727310180664
2015-05-11,99.68604278564452
2015-05-12,99.2348861694336
2015-05-13,99.4374542236328
2015-05-14,100.89220428466795
2015-05-15,100.89220428466795
2015-05-16,100.89220428466795
2015-05-17,100.89220428466795
2015-05-18,101.3341293334961
2015-05-19,101.22364044189452
2015-05-20,101.28810119628906
2015-05-21,101.81288146972656
2015-05-22,101.71161651611328
2015-05-23,101.71161651611328
2015-05-24,101.71161651611328
2015-05-25,101.71161651611328
2015-05-26,100.54230499267578
2015-05-27,102.16278076171876
2015-05-28,101.93258666992188
2015-05-29,101.324951171875
2015-05-30,101.324951171875
2015-05-31,101.324951171875
2015-06-01,101.66555786132812
2015-06-02,101.34333801269533
2015-06-03,101.6471710205078
2015-06-04,100.87376403808594
2015-06-05,100.6343994140625
2015-06-06,100.6343994140625
2015-06-07,100.6343994140625
2015-06-08,99.61238861083984
2015-06-09,99.4466781616211
2015-06-10,100.80931854248048
2015-06-11,100.95661926269533
2015-06-12,100.12799835205078
2015-06-13,100.12799835205078
2015-06-14,100.12799835205078
2015-06-15,99.63080596923828
2015-06-16,100.17403411865234
2015-06-17,100.4502410888672
2015-06-18,101.91419219970705
2015-06-19,101.41030883789062
2015-06-20,101.41030883789062
2015-06-21,101.41030883789062
2015-06-22,102.15779113769533
2015-06-23,102.24085998535156
2015-06-24,101.71485900878906
2015-06-25,101.51182556152344
2015-06-26,100.83818817138672
2015-06-27,100.83818817138672
2015-06-28,100.83818817138672
2015-06-29,98.45724487304688
2015-06-30,98.80791473388672
2015-07-01,99.59231567382812
2015-07-02,99.62001037597656
2015-07-03,99.62001037597656
2015-07-04,99.62001037597656
2015-07-05,99.62001037597656
2015-07-06,99.38931274414062
2015-07-07,99.63848876953124
2015-07-08,97.9035415649414
2015-07-09,97.84821319580078
2015-07-10,99.34317016601562
2015-07-11,99.34317016601562
2015-07-12,99.34317016601562
2015-07-13,101.08732604980467
2015-07-14,101.75177001953124
2015-07-15,101.86249542236328
2015-07-16,103.3021469116211
2015-07-17,104.82479858398438
2015-07-18,104.82479858398438
2015-07-19,104.82479858398438
2015-07-20,105.18473815917967
2015-07-21,105.12013244628906
2015-07-22,103.92965698242188
2015-07-23,103.54206085205078
2015-07-24,102.52694702148438
2015-07-25,102.52694702148438
2015-07-26,102.52694702148438
2015-07-27,101.67794036865234
2015-07-28,102.55461120605467
2015-07-29,102.94222259521484
2015-07-30,103.4313735961914
2015-07-31,103.31134796142578
2015-08-01,103.31134796142578
2015-08-02,103.31134796142578
2015-08-03,102.98837280273438
2015-08-04,102.79454803466795
2015-08-05,103.58819580078124
2015-08-06,101.92710876464844
2015-08-07,101.7978973388672
2015-08-08,101.7978973388672
2015-08-09,101.7978973388672
2015-08-10,102.960693359375
2015-08-11,101.64103698730467
2015-08-12,101.99169921875
2015-08-13,101.82557678222656
2015-08-14,101.98248291015624
2015-08-15,101.98248291015624
2015-08-16,101.98248291015624
2015-08-17,102.83148193359376
2015-08-18,102.30547332763672
2015-08-19,101.6317901611328
2015-08-20,98.81719207763672
2015-08-21,94.4983139038086
2015-08-22,94.4983139038086
2015-08-23,94.4983139038086
2015-08-24,90.8623275756836
2015-08-25,90.52086639404295
2015-08-26,95.07966613769533
2015-08-27,97.48828125
2015-08-28,97.46983337402344
2015-08-29,97.46983337402344
2015-08-30,97.46983337402344
2015-08-31,96.26091003417967
2015-09-01,93.25245666503906
2015-09-02,95.88256072998048
2015-09-03,95.41190338134766
2015-09-04,94.27679443359376
2015-09-05,94.27679443359376
2015-09-06,94.27679443359376
2015-09-07,94.27679443359376
2015-09-08,96.93458557128906
2015-09-09,95.84561920166016
2015-09-10,96.88842010498048
2015-09-11,97.42366790771484
2015-09-12,97.42366790771484
2015-09-13,97.42366790771484
2015-09-14,97.12834167480467
2015-09-15,98.27266693115234
2015-09-16,98.82638549804688
2015-09-17,98.86329650878906
2015-09-18,97.4571762084961
2015-09-19,97.4571762084961
2015-09-20,97.4571762084961
2015-09-21,97.76243591308594
2015-09-22,96.30084228515624
2015-09-23,96.37481689453124
2015-09-24,96.02327728271484
2015-09-25,95.209228515625
2015-09-26,95.209228515625
2015-09-27,95.209228515625
2015-09-28,92.49878692626952
2015-09-29,92.01770782470705
2015-09-30,94.13616180419922
2015-10-01,94.56166076660156
2015-10-02,96.21759796142578
2015-10-03,96.21759796142578
2015-10-04,96.21759796142578
2015-10-05,97.59595489501952
2015-10-06,97.13341522216795
2015-10-07,97.71620178222656
2015-10-08,98.10470581054688
2015-10-09,98.54875946044922
2015-10-10,98.54875946044922
2015-10-11,98.54875946044922
2015-10-12,98.789306640625
2015-10-13,98.1509780883789
2015-10-14,97.99372100830078
2015-10-15,99.60334014892578
2015-10-16,100.01964569091795
2015-10-17,100.01964569091795
2015-10-18,100.01964569091795
2015-10-19,100.59319305419922
2015-10-20,100.07515716552734
2015-10-21,99.4645767211914
2015-10-22,101.49054718017578
2015-10-23,104.33051300048828
2015-10-24,104.33051300048828
2015-10-25,104.33051300048828
2015-10-26,104.39527130126952
2015-10-27,104.60804748535156
2015-10-28,105.47761535644533
2015-10-29,105.31110382080078
2015-10-30,104.8393096923828
2015-10-31,104.8393096923828
2015-11-01,104.8393096923828
2015-11-02,106.0234375
2015-11-03,106.39344024658205
2015-11-04,106.40270233154295
2015-11-05,106.11590576171876
2015-11-06,106.18993377685548
2015-11-07,106.18993377685548
2015-11-08,106.18993377685548
2015-11-09,105.06134796142578
2015-11-10,104.79307556152344
2015-11-11,104.6635513305664
2015-11-12,103.64595794677734
2015-11-13,101.61077880859376
2015-11-14,101.61077880859376
2015-11-15,101.61077880859376
2015-11-16,103.0724105834961
2015-11-17,103.1371841430664
2015-11-18,105.1168441772461
2015-11-19,105.19084930419922
2015-11-20,105.90314483642578
2015-11-21,105.90314483642578
2015-11-22,105.90314483642578
2015-11-23,105.5978775024414
2015-11-24,105.50537872314452
2015-11-25,105.5978775024414
2015-11-26,105.5978775024414
2015-11-27,105.7458724975586
2015-11-28,105.7458724975586
2015-11-29,105.7458724975586
2015-11-30,105.47761535644533
2015-12-01,106.5322036743164
2015-12-02,105.87541198730467
2015-12-03,104.08074951171876
2015-12-04,106.5136947631836
2015-12-05,106.5136947631836
2015-12-06,106.5136947631836
2015-12-07,106.03264617919922
2015-12-08,106.04190063476562
2015-12-09,104.43228149414062
2015-12-10,104.9040756225586
2015-12-11,102.48959350585938
2015-12-12,102.48959350585938
2015-12-13,102.48959350585938
2015-12-14,103.26668548583984
2015-12-15,103.89573669433594
2015-12-16,105.44061279296876
2015-12-17,103.90496826171876
2015-12-18,101.91183471679688
2015-12-19,101.91183471679688
2015-12-20,101.91183471679688
2015-12-21,103.04388427734376
2015-12-22,103.7212905883789
2015-12-23,104.4914093017578
2015-12-24,104.47286987304688
2015-12-25,104.47286987304688
2015-12-26,104.47286987304688
2015-12-27,104.47286987304688
2015-12-28,104.41720581054688
2015-12-29,106.05957794189452
2015-12-30,105.10383605957033
2015-12-31,103.7955093383789
2016-01-01,103.7955093383789
2016-01-02,103.7955093383789
2016-01-03,103.7955093383789
2016-01-04,101.60564422607422
2016-01-05,101.42933654785156
2016-01-06,100.45502471923828
2016-01-07,97.30944061279295
2016-01-08,96.51142120361328
2016-01-09,96.51142120361328
2016-01-10,96.51142120361328
2016-01-11,96.80836486816406
2016-01-12,97.93112182617188
2016-01-13,94.55354309082033
2016-01-14,96.56707763671876
2016-01-15,93.56997680664062
2016-01-16,93.56997680664062
2016-01-17,93.56997680664062
2016-01-18,93.56997680664062
2016-01-19,93.77409362792967
2016-01-20,93.48644256591795
2016-01-21,93.57923889160156
2016-01-22,96.28874969482422
2016-01-23,96.28874969482422
2016-01-24,96.28874969482422
2016-01-25,94.85979461669922
2016-01-26,95.71343994140624
2016-01-27,93.32872772216795
2016-01-28,94.64633178710938
2016-01-29,96.6227798461914
2016-01-30,96.6227798461914
2016-01-31,96.6227798461914
2016-02-01,96.8825912475586
2016-02-02,94.78553771972656
2016-02-03,94.33084106445312
2016-02-04,94.3215789794922
2016-02-05,91.04607391357422
2016-02-06,91.04607391357422
2016-02-07,91.04607391357422
2016-02-08,89.6541976928711
2016-02-09,89.37583923339844
2016-02-10,89.71916198730469
2016-02-11,89.58927917480469
2016-02-12,90.95325469970705
2016-02-13,90.95325469970705
2016-02-14,90.95325469970705
2016-02-15,90.95325469970705
2016-02-16,93.0039520263672
2016-02-17,95.11029052734376
2016-02-18,94.02466583251952
2016-02-19,94.30301666259766
2016-02-20,94.30301666259766
2016-02-21,94.30301666259766
2016-02-22,95.8340835571289
2016-02-23,94.25660705566406
2016-02-24,95.1566925048828
2016-02-25,96.09386444091795
2016-02-26,95.97323608398438
2016-02-27,95.97323608398438
2016-02-28,95.97323608398438
2016-02-29,95.11029052734376
2016-03-01,98.16307830810548
2016-03-02,98.20022583007812
2016-03-03,98.01461791992188
2016-03-04,98.05174255371094
2016-03-05,98.05174255371094
2016-03-06,98.05174255371094
2016-03-07,97.44861602783205
2016-03-08,96.64134979248048
2016-03-09,97.26302337646484
2016-03-10,97.11455535888672
2016-03-11,98.81262969970705
2016-03-12,98.81262969970705
2016-03-13,98.81262969970705
2016-03-14,98.97967529296876
2016-03-15,98.94254302978516
2016-03-16,99.82406616210938
2016-03-17,99.76837921142578
2016-03-18,99.92474365234376
2016-03-19,99.92474365234376
2016-03-20,99.92474365234376
2016-03-21,100.3156280517578
2016-03-22,100.62272644042967
2016-03-23,99.79444885253906
2016-03-24,99.82235717773438
2016-03-25,99.82235717773438
2016-03-26,99.82235717773438
2016-03-27,99.82235717773438
2016-03-28,99.68274688720705
2016-03-29,101.28347778320312
2016-03-30,101.77671813964844
2016-03-31,101.6278305053711
2016-04-01,102.70741271972656
2016-04-02,102.70741271972656
2016-04-03,102.70741271972656
2016-04-04,102.31654357910156
2016-04-05,101.3300323486328
2016-04-06,102.9958953857422
2016-04-07,101.5161590576172
2016-04-08,101.44172668457033
2016-04-09,101.44172668457033
2016-04-10,101.44172668457033
2016-04-11,101.06941986083984
2016-04-12,101.91633605957033
2016-04-13,103.21926879882812
2016-04-14,103.22858428955078
2016-04-15,102.9679946899414
2016-04-16,102.9679946899414
2016-04-17,102.9679946899414
2016-04-18,103.51707458496094
2016-04-19,102.88421630859376
2016-04-20,102.9679946899414
2016-04-21,102.97728729248048
2016-04-22,101.42311096191406
2016-04-23,101.42311096191406
2016-04-24,101.42311096191406
2016-04-25,101.42311096191406
2016-04-26,100.92982482910156
2016-04-27,100.12017822265624
2016-04-28,98.91030883789062
2016-04-29,98.3891372680664
2016-04-30,98.3891372680664
2016-05-01,98.3891372680664
2016-05-02,99.31979370117188
2016-05-03,98.3984375
2016-05-04,97.76559448242188
2016-05-05,97.7376937866211
2016-05-06,98.25886535644533
2016-05-07,98.25886535644533
2016-05-08,98.25886535644533
2016-05-09,98.53803253173828
2016-05-10,99.88748931884766
2016-05-11,98.98478698730467
2016-05-12,98.54739379882812
2016-05-13,98.18440246582033
2016-05-14,98.18440246582033
2016-05-15,98.18440246582033
2016-05-16,99.41285705566406
2016-05-17,98.16577911376952
2016-05-18,98.51947021484376
2016-05-19,98.00759887695312
2016-05-20,99.08712005615234
2016-05-21,99.08712005615234
2016-05-22,99.08712005615234
2016-05-23,98.95685577392578
2016-05-24,100.93919372558594
2016-05-25,101.6650619506836
2016-05-26,101.96287536621094
2016-05-27,102.49333953857422
2016-05-28,102.49333953857422
2016-05-29,102.49333953857422
2016-05-30,102.49333953857422
2016-05-31,102.68878173828124
2016-06-01,102.69807434082033
2016-06-02,102.91214752197266
2016-06-03,102.4281997680664
2016-06-04,102.4281997680664
2016-06-05,102.4281997680664
2016-06-06,102.80043029785156
2016-06-07,102.53987121582033
2016-06-08,102.71669006347656
2016-06-09,102.54920196533205
2016-06-10,101.3858642578125
2016-06-11,101.3858642578125
2016-06-12,101.3858642578125
2016-06-13,100.53895568847656
2016-06-14,100.53895568847656
2016-06-15,100.2504653930664
2016-06-16,100.54827880859376
2016-06-17,99.36971282958984
2016-06-18,99.36971282958984
2016-06-19,99.36971282958984
2016-06-20,99.9949188232422
2016-06-21,100.31216430664062
2016-06-22,100.0695571899414
2016-06-23,101.49722290039062
2016-06-24,97.31680297851562
2016-06-25,97.31680297851562
2016-06-26,97.31680297851562
2016-06-27,95.38520050048828
2016-06-28,97.4754638671875
2016-06-29,99.20173645019533
2016-06-30,100.34951782226562
2016-07-01,100.85340881347656
2016-07-02,100.85340881347656
2016-07-03,100.85340881347656
2016-07-04,100.85340881347656
2016-07-05,100.23753356933594
2016-07-06,101.0586929321289
2016-07-07,101.3572769165039
2016-07-08,102.9249496459961
2016-07-09,102.9249496459961
2016-07-10,102.9249496459961
2016-07-11,103.51284790039062
2016-07-12,104.03539276123048
2016-07-13,103.783447265625
2016-07-14,104.49266815185548
2016-07-15,104.32465362548828
2016-07-16,104.32465362548828
2016-07-17,104.32465362548828
2016-07-18,105.01519012451172
2016-07-19,104.63260650634766
2016-07-20,105.85501861572266
2016-07-21,105.6124038696289
2016-07-22,106.05096435546876
2016-07-23,106.05096435546876
2016-07-24,106.05096435546876
2016-07-25,106.06031036376952
2016-07-26,106.18158721923828
2016-07-27,106.91880798339844
2016-07-28,107.29206085205078
2016-07-29,107.52533721923828
2016-07-30,107.52533721923828
2016-07-31,107.52533721923828
2016-08-01,108.09454345703124
2016-08-02,107.27337646484376
2016-08-03,107.62796020507812
2016-08-04,107.9359130859375
2016-08-05,108.9717025756836
2016-08-06,108.9717025756836
2016-08-07,108.9717025756836
2016-08-08,108.85039520263672
2016-08-09,109.10235595703124
2016-08-10,108.8223876953125
2016-08-11,109.2889633178711
2016-08-12,109.36360168457033
2016-08-13,109.36360168457033
2016-08-14,109.36360168457033
2016-08-15,109.83016967773438
2016-08-16,109.2236328125
2016-08-17,109.41959381103516
2016-08-18,109.44760131835938
2016-08-19,109.41959381103516
2016-08-20,109.41959381103516
2016-08-21,109.41959381103516
2016-08-22,109.50357818603516
2016-08-23,109.69955444335938
2016-08-24,108.99036407470705
2016-08-25,108.81305694580078
2016-08-26,108.9717025756836
2016-08-27,108.9717025756836
2016-08-28,108.9717025756836
2016-08-29,109.1209945678711
2016-08-30,108.76638793945312
2016-08-31,108.65444946289062
2016-09-01,108.93438720703124
2016-09-02,109.2889633178711
2016-09-03,109.2889633178711
2016-09-04,109.2889633178711
2016-09-05,109.2889633178711
2016-09-06,109.97014617919922
2016-09-07,110.03548431396484
2016-09-08,109.39160919189452
2016-09-09,106.63883209228516
2016-09-10,106.63883209228516
2016-09-11,106.63883209228516
2016-09-12,108.55177307128906
2016-09-13,107.58131408691406
2016-09-14,108.09454345703124
2016-09-15,109.7741928100586
2016-09-16,109.72181701660156
2016-09-17,109.72181701660156
2016-09-18,109.72181701660156
2016-09-19,109.24471282958984
2016-09-20,109.45053100585938
2016-09-21,110.52631378173828
2016-09-22,111.4056396484375
2016-09-23,110.69470977783205
2016-09-24,110.69470977783205
2016-09-25,110.69470977783205
2016-09-26,109.76858520507812
2016-09-27,110.85372924804688
2016-09-28,111.0407943725586
2016-09-29,110.2363052368164
2016-09-30,111.0595245361328
2016-10-01,111.0595245361328
2016-10-02,111.0595245361328
2016-10-03,110.90050506591795
2016-10-04,110.7321319580078
2016-10-05,111.12503051757812
2016-10-06,111.0688705444336
2016-10-07,110.82566833496094
2016-10-08,110.82566833496094
2016-10-09,110.82566833496094
2016-10-10,111.52727508544922
2016-10-11,109.93695831298828
2016-10-12,109.84339904785156
2016-10-13,109.45053100585938
2016-10-14,109.58147430419922
2016-10-15,109.58147430419922
2016-10-16,109.58147430419922
2016-10-17,109.28215026855467
2016-10-18,110.2550277709961
2016-10-19,110.24566650390624
2016-10-20,110.11469268798828
2016-10-21,110.52631378173828
2016-10-22,110.52631378173828
2016-10-23,110.52631378173828
2016-10-24,111.85469818115234
2016-10-25,111.4992218017578
2016-10-26,110.74146270751952
2016-10-27,110.2363052368164
2016-10-28,109.54405212402344
2016-10-29,109.54405212402344
2016-10-30,109.54405212402344
2016-10-31,109.44115447998048
2016-11-01,108.61793518066406
2016-11-02,107.74796295166016
2016-11-03,106.69086456298828
2016-11-04,106.31666564941406
2016-11-05,106.31666564941406
2016-11-06,106.31666564941406
2016-11-07,108.84247589111328
2016-11-08,109.55342864990234
2016-11-09,110.05858612060548
2016-11-10,108.28115844726562
2016-11-11,108.32795715332033
2016-11-12,108.32795715332033
2016-11-13,108.32795715332033
2016-11-14,107.23343658447266
2016-11-15,108.7208480834961
2016-11-16,109.36631774902344
2016-11-17,110.16146850585938
2016-11-18,109.7498550415039
2016-11-19,109.7498550415039
2016-11-20,109.7498550415039
2016-11-21,110.8911590576172
2016-11-22,111.22792053222656
2016-11-23,110.77888488769533
2016-11-24,110.77888488769533
2016-11-25,111.13439178466795
2016-11-26,111.13439178466795
2016-11-27,111.13439178466795
2016-11-28,110.8817901611328
2016-11-29,111.2653350830078
2016-11-30,109.91824340820312
2016-12-01,108.01924896240234
2016-12-02,108.23440551757812
2016-12-03,108.23440551757812
2016-12-04,108.23440551757812
2016-12-05,109.07630920410156
2016-12-06,109.33826446533205
2016-12-07,110.72276306152344
2016-12-08,110.91920471191406
2016-12-09,111.78916931152344
2016-12-10,111.78916931152344
2016-12-11,111.78916931152344
2016-12-12,111.28404235839844
2016-12-13,112.68724060058594
2016-12-14,112.45338439941406
2016-12-15,112.63117218017578
2016-12-16,112.21361541748048
2016-12-17,112.21361541748048
2016-12-18,112.21361541748048
2016-12-19,112.67337036132812
2016-12-20,113.10494232177734
2016-12-21,113.02050018310548
2016-12-22,112.70149993896484
2016-12-23,112.77655792236328
2016-12-24,112.77655792236328
2016-12-25,112.77655792236328
2016-12-26,112.77655792236328
2016-12-27,113.35826873779295
2016-12-28,112.47628784179688
2016-12-29,112.31683349609376
2016-12-30,111.16276550292967
2016-12-31,111.16276550292967
2017-01-01,111.16276550292967
2017-01-02,111.16276550292967
2017-01-03,112.15731811523438
2017-01-04,112.76719665527344
2017-01-05,113.40518188476562
2017-01-06,114.39969635009766
2017-01-07,114.39969635009766
2017-01-08,114.39969635009766
2017-01-09,114.77500915527344
2017-01-10,115.0283432006836
2017-01-11,115.3379364013672
2017-01-12,115.15970611572266
2017-01-13,115.55376434326172
2017-01-14,115.55376434326172
2017-01-15,115.55376434326172
2017-01-16,115.55376434326172
2017-01-17,115.20659637451172
2017-01-18,115.44116973876952
2017-01-19,115.38484191894533
2017-01-20,115.63819885253906
2017-01-21,115.63819885253906
2017-01-22,115.63819885253906
2017-01-23,115.7320327758789
2017-01-24,116.51077270507812
2017-01-25,117.68355560302734
2017-01-26,117.80551147460938
2017-01-27,118.03070831298828
2017-01-28,118.03070831298828
2017-01-29,118.03070831298828
2017-01-30,117.1112289428711
2017-01-31,116.87667846679688
2017-02-01,117.68355560302734
2017-02-02,117.5803680419922
2017-02-03,117.91810607910156
2017-02-04,117.91810607910156
2017-02-05,117.91810607910156
2017-02-06,118.05886840820312
2017-02-07,118.49044799804688
2017-02-08,118.68750762939452
2017-02-09,119.11907196044922
2017-02-10,119.51312255859376
2017-02-11,119.51312255859376
2017-02-12,119.51312255859376
2017-02-13,120.18864440917967
2017-02-14,120.59210205078124
2017-02-15,121.30516052246094
2017-02-16,121.26763153076172
2017-02-17,121.79304504394533
2017-02-18,121.79304504394533
2017-02-19,121.79304504394533
2017-02-20,121.79304504394533
2017-02-21,122.39354705810548
2017-02-22,122.44044494628906
2017-02-23,121.98067474365234
2017-02-24,122.21525573730467
2017-02-25,122.21525573730467
2017-02-26,122.21525573730467
2017-02-27,122.36536407470705
2017-02-28,121.9900894165039
2017-03-01,123.32237243652344
2017-03-02,122.70315551757812
2017-03-03,122.9283676147461
2017-03-04,122.9283676147461
2017-03-05,122.9283676147461
2017-03-06,122.65624237060548
2017-03-07,122.4498291015625
2017-03-08,122.6656265258789
2017-03-09,122.75946807861328
2017-03-10,123.27545928955078
2017-03-11,123.27545928955078
2017-03-12,123.27545928955078
2017-03-13,123.48188018798828
2017-03-14,123.18167114257812
2017-03-15,123.94166564941406
2017-03-16,123.85720825195312
2017-03-17,123.81393432617188
2017-03-18,123.81393432617188
2017-03-19,123.81393432617188
2017-03-20,123.92676544189452
2017-03-21,122.04637908935548
2017-03-22,122.87372589111328
2017-03-23,122.56349182128906
2017-03-24,122.81734466552734
2017-03-25,122.81734466552734
2017-03-26,122.81734466552734
2017-03-27,123.0147933959961
2017-03-28,123.76693725585938
2017-03-29,124.34042358398438
2017-03-30,124.54727935791016
2017-03-31,124.462646484375
2017-04-01,124.462646484375
2017-04-02,124.462646484375
2017-04-03,124.38745880126952
2017-04-04,124.58489227294922
2017-04-05,124.0771942138672
2017-04-06,124.1430206298828
2017-04-07,124.0771942138672
2017-04-08,124.0771942138672
2017-04-09,124.0771942138672
2017-04-10,124.12417602539062
2017-04-11,123.58828735351562
2017-04-12,123.08997344970705
2017-04-13,122.60107421875
2017-04-14,122.60107421875
2017-04-15,122.60107421875
2017-04-16,122.60107421875
2017-04-17,123.61650848388672
2017-04-18,123.42843627929688
2017-04-19,123.62590789794922
2017-04-20,124.66007232666016
2017-04-21,124.63192749023438
2017-04-22,124.63192749023438
2017-04-23,124.63192749023438
2017-04-24,126.1362075805664
2017-04-25,127.0481948852539
2017-04-26,126.86957550048828
2017-04-27,127.631103515625
2017-04-28,127.85675048828124
2017-04-29,127.85675048828124
2017-04-30,127.85675048828124
2017-05-01,128.99444580078125
2017-05-02,129.21060180664062
2017-05-03,128.79696655273438
2017-05-04,128.84393310546875
2017-05-05,129.31405639648438
2017-05-06,129.31405639648438
2017-05-07,129.31405639648438
2017-05-08,129.5960693359375
2017-05-09,130.04742431640625
2017-05-10,130.1226043701172
2017-05-11,130.01922607421875
2017-05-12,130.31063842773438
2017-05-13,130.31063842773438
2017-05-14,130.31063842773438
2017-05-15,130.72434997558594
2017-05-16,131.26966857910156
2017-05-17,127.93197631835938
2017-05-18,129.0508270263672
2017-05-19,129.5960693359375
2017-05-20,129.5960693359375
2017-05-21,129.5960693359375
2017-05-22,130.68670654296875
2017-05-23,130.81838989257812
2017-05-24,131.4200897216797
2017-05-25,132.5389404296875
2017-05-26,132.7739715576172
2017-05-27,132.7739715576172
2017-05-28,132.7739715576172
2017-05-29,132.7739715576172
2017-05-30,132.8867950439453
2017-05-31,132.83975219726562
2017-06-01,133.35690307617188
2017-06-02,134.88003540039062
2017-06-03,134.88003540039062
2017-06-04,134.88003540039062
2017-06-05,134.85179138183594
2017-06-06,134.31588745117188
2017-06-07,134.84237670898438
2017-06-08,134.9833984375
2017-06-09,131.60813903808594
2017-06-10,131.60813903808594
2017-06-11,131.60813903808594
2017-06-12,130.90301513671875
2017-06-13,131.96536254882812
2017-06-14,131.3918914794922
2017-06-15,130.8089141845703
2017-06-16,130.24142456054688
2017-06-17,130.24142456054688
2017-06-18,130.24142456054688
2017-06-19,132.41920471191406
2017-06-20,131.38211059570312
2017-06-21,132.6831512451172
2017-06-22,132.6454315185547
2017-06-23,133.15457153320312
2017-06-24,133.15457153320312
2017-06-25,133.15457153320312
2017-06-26,132.5323028564453
2017-06-27,130.1282958984375
2017-06-28,132.00439453125
2017-06-29,129.71353149414062
2017-06-30,129.76063537597656
2017-07-01,129.76063537597656
2017-07-02,129.76063537597656
2017-07-03,128.3936309814453
2017-07-04,128.3936309814453
2017-07-05,129.65692138671875
2017-07-06,128.4878692626953
2017-07-07,129.87374877929688
2017-07-08,129.87374877929688
2017-07-09,129.87374877929688
2017-07-10,130.7222442626953
2017-07-11,131.08993530273438
2017-07-12,132.6454315185547
2017-07-13,132.93771362304688
2017-07-14,133.98414611816406
2017-07-15,133.98414611816406
2017-07-16,133.98414611816406
2017-07-17,134.05010986328125
2017-07-18,134.94577026367188
2017-07-19,135.73768615722656
2017-07-20,135.91680908203125
2017-07-21,135.86024475097656
2017-07-22,135.86024475097656
2017-07-23,135.86024475097656
2017-07-24,136.4824676513672
2017-07-25,136.1336212158203
2017-07-26,136.57672119140625
2017-07-27,135.71885681152344
2017-07-28,135.605712890625
2017-07-29,135.605712890625
2017-07-30,135.605712890625
2017-07-31,135.03062438964844
2017-08-01,135.34170532226562
2017-08-02,135.7093963623047
2017-08-03,135.1814422607422
2017-08-04,135.4265899658203
2017-08-05,135.4265899658203
2017-08-06,135.4265899658203
2017-08-07,136.28448486328125
2017-08-08,136.0487823486328
2017-08-09,135.86965942382812
2017-08-10,132.95654296875
2017-08-11,133.96531677246094
2017-08-12,133.96531677246094
2017-08-13,133.96531677246094
2017-08-14,135.69061279296875
2017-08-15,135.78482055664062
2017-08-16,136.02049255371094
2017-08-17,133.23936462402344
2017-08-18,133.1450958251953
2017-08-19,133.1450958251953
2017-08-20,133.1450958251953
2017-08-21,132.97544860839844
2017-08-22,135.00238037109375
2017-08-23,134.52151489257812
2017-08-24,134.1255645751953
2017-08-25,133.84274291992188
2017-08-26,133.84274291992188
2017-08-27,133.84274291992188
2017-08-28,134.25755310058594
2017-08-29,134.78549194335938
2017-08-30,136.36929321289062
2017-08-31,137.8306121826172
2017-09-01,137.6420440673828
2017-09-02,137.6420440673828
2017-09-03,137.6420440673828
2017-09-04,137.6420440673828
2017-09-05,136.4070281982422
2017-09-06,136.8218536376953
2017-09-07,137.1424102783203
2017-09-08,135.9545440673828
2017-09-09,135.9545440673828
2017-09-10,135.9545440673828
2017-09-11,137.51947021484375
2017-09-12,137.8494415283203
2017-09-13,138.03797912597656
2017-09-14,137.2272491455078
2017-09-15,137.69857788085938
2017-09-16,137.69857788085938
2017-09-17,137.69857788085938
2017-09-18,137.5181427001953
2017-09-19,137.7543487548828
2017-09-20,137.3291473388672
2017-09-21,136.4883270263672
2017-09-22,136.35604858398438
2017-09-23,136.35604858398438
2017-09-24,136.35604858398438
2017-09-25,134.91990661621094
2017-09-26,135.26947021484375
2017-09-27,136.4883270263672
2017-09-28,136.44105529785156
2017-09-29,137.4236602783203
2017-09-30,137.4236602783203
2017-10-01,137.4236602783203
2017-10-02,137.54647827148438
2017-10-03,137.83937072753906
2017-10-04,137.97171020507812
2017-10-05,139.32275390625
2017-10-06,139.51173400878906
2017-10-07,139.51173400878906
2017-10-08,139.51173400878906
2017-10-09,139.3511505126953
2017-10-10,139.45501708984375
2017-10-11,139.87074279785156
2017-10-12,139.6156463623047
2017-10-13,140.1542205810547
2017-10-14,140.1542205810547
2017-10-15,140.1542205810547
2017-10-16,140.63604736328125
2017-10-17,140.81553649902344
2017-10-18,140.6455078125
2017-10-19,140.12583923339844
2017-10-20,140.5037384033203
2017-10-21,140.5037384033203
2017-10-22,140.5037384033203
2017-10-23,139.5873260498047
2017-10-24,139.82350158691406
2017-10-25,139.2943878173828
2017-10-26,138.8502960205078
2017-10-27,142.89419555664062
2017-10-28,142.89419555664062
2017-10-29,142.89419555664062
2017-10-30,143.2154541015625
2017-10-31,143.7539825439453
2017-11-01,143.70672607421875
2017-11-02,143.4327392578125
2017-11-03,144.81216430664062
2017-11-04,144.81216430664062
2017-11-05,144.81216430664062
2017-11-06,145.30343627929688
2017-11-07,145.3885040283203
2017-11-08,145.97427368164062
2017-11-09,145.20899963378906
2017-11-10,145.19949340820312
2017-11-11,145.19949340820312
2017-11-12,145.19949340820312
2017-11-13,145.37905883789062
2017-11-14,144.84994506835938
2017-11-15,144.169677734375
2017-11-16,146.01205444335938
2017-11-17,145.45460510253906
2017-11-18,145.45460510253906
2017-11-19,145.45460510253906
2017-11-20,145.34129333496094
2017-11-21,146.9191131591797
2017-11-22,147.09860229492188
2017-11-23,147.09860229492188
2017-11-24,147.63710021972656
2017-11-25,147.63710021972656
2017-11-26,147.63710021972656
2017-11-27,147.57102966308594
2017-11-28,147.9489288330078
2017-11-29,145.3695831298828
2017-11-30,146.58843994140625
2017-12-01,145.96481323242188
2017-12-02,145.96481323242188
2017-12-03,145.96481323242188
2017-12-04,144.28311157226562
2017-12-05,144.3774871826172
2017-12-06,145.02943420410156
2017-12-07,145.520751953125
2017-12-08,146.16326904296875
2017-12-09,146.16326904296875
2017-12-10,146.16326904296875
2017-12-11,147.29701232910156
2017-12-12,147.09860229492188
2017-12-13,147.3820037841797
2017-12-14,147.2781219482422
2017-12-15,148.95045471191406
2017-12-16,148.95045471191406
2017-12-17,148.95045471191406
2017-12-18,150.19924926757812
2017-12-19,149.3092803955078
2017-12-20,149.1482696533203
2017-12-21,149.1672821044922
2017-12-22,148.9968719482422
2017-12-23,148.9968719482422
2017-12-24,148.9968719482422
2017-12-25,148.9968719482422
2017-12-26,148.19203186035156
2017-12-27,148.21102905273438
2017-12-28,148.39083862304688
2017-12-29,147.47250366210938
2017-12-30,147.47250366210938
2017-12-31,147.47250366210938
2018-01-01,147.47250366210938
2018-01-02,150.05728149414062
2018-01-03,151.51528930664062
2018-01-04,151.78042602539062
2018-01-05,153.30470275878906
2018-01-06,153.30470275878906
2018-01-07,153.30470275878906
2018-01-08,153.90121459960938
2018-01-09,153.91065979003906
2018-01-10,153.5509033203125
2018-01-11,154.60182189941406
2018-01-12,155.73802185058594
2018-01-13,155.73802185058594
2018-01-14,155.73802185058594
2018-01-15,155.73802185058594
2018-01-16,155.29298400878906
2018-01-17,156.9687957763672
2018-01-18,156.9972686767578
2018-01-19,157.48956298828125
2018-01-20,157.48956298828125
2018-01-21,157.48956298828125
2018-01-22,159.17491149902344
2018-01-23,160.4908905029297
2018-01-24,159.44943237304688
2018-01-25,159.39266967773438
2018-01-26,161.83535766601562
2018-01-27,161.83535766601562
2018-01-28,161.83535766601562
2018-01-29,161.0494842529297
2018-01-30,159.72398376464844
2018-01-31,160.3867950439453
2018-02-01,159.02334594726562
2018-02-02,155.8516082763672
2018-02-03,155.8516082763672
2018-02-04,155.8516082763672
2018-02-05,149.70689392089844
2018-02-06,153.67396545410156
2018-02-07,151.68572998046875
2018-02-08,145.28543090820312
2018-02-09,147.79443359375
2018-02-10,147.79443359375
2018-02-11,147.79443359375
2018-02-12,150.4169921875
2018-02-13,151.1934051513672
2018-02-14,154.02427673339844
2018-02-15,156.8836212158203
2018-02-16,156.18299865722656
2018-02-17,156.18299865722656
2018-02-18,156.18299865722656
2018-02-19,156.18299865722656
2018-02-20,156.4954376220703
2018-02-21,156.0504608154297
2018-02-22,156.031494140625
2018-02-23,159.22219848632812
2018-02-24,159.22219848632812
2018-02-25,159.22219848632812
2018-02-26,161.3335418701172
2018-02-27,159.33578491210938
2018-02-28,158.31324768066406
2018-03-01,155.72853088378906
2018-03-02,157.158203125
2018-03-03,157.158203125
2018-03-04,157.158203125
2018-03-05,158.90029907226562
2018-03-06,159.57252502441406
2018-03-07,159.94174194335938
2018-03-08,160.82223510742188
2018-03-09,163.94668579101562
2018-03-10,163.94668579101562
2018-03-11,163.94668579101562
2018-03-12,164.81776428222656
2018-03-13,162.57383728027344
2018-03-14,162.5454559326172
2018-03-15,162.4033966064453
2018-03-16,161.9205322265625
2018-03-17,161.9205322265625
2018-03-18,161.9205322265625
2018-03-19,158.46580505371094
2018-03-20,158.98736572265625
2018-03-21,158.29507446289062
2018-03-22,154.38796997070312
2018-03-23,150.3196563720703
2018-03-24,150.3196563720703
2018-03-25,150.3196563720703
2018-03-26,155.9053192138672
2018-03-27,150.8601837158203
2018-03-28,149.12472534179688
2018-03-29,151.85595703125
2018-03-30,151.85595703125
2018-03-31,151.85595703125
2018-04-01,151.85595703125
2018-04-02,147.4746551513672
2018-04-03,149.1342315673828
2018-04-04,151.4861297607422
2018-04-05,152.34906005859375
2018-04-06,148.5367889404297
2018-04-07,148.5367889404297
2018-04-08,148.5367889404297
2018-04-09,149.57994079589844
2018-04-10,152.88009643554688
2018-04-11,151.99818420410156
2018-04-12,153.82850646972656
2018-04-13,153.03187561035156
2018-04-14,153.03187561035156
2018-04-15,153.03187561035156
2018-04-16,154.1983184814453
2018-04-17,157.51747131347656
2018-04-18,157.8398895263672
2018-04-19,156.3889923095703
2018-04-20,153.913818359375
2018-04-21,153.913818359375
2018-04-22,153.913818359375
2018-04-23,153.52500915527344
2018-04-24,150.272216796875
2018-04-25,150.45242309570312
2018-04-26,153.61981201171875
2018-04-27,153.71466064453125
2018-04-28,153.71466064453125
2018-04-29,153.71466064453125
2018-04-30,152.62405395507812
2018-05-01,154.36903381347656
2018-05-02,153.45864868164062
2018-05-03,153.439697265625
2018-05-04,156.35101318359375
2018-05-05,156.35101318359375
2018-05-06,156.35101318359375
2018-05-07,157.6502227783203
2018-05-08,157.48902893066406
2018-05-09,159.2055206298828
2018-05-10,160.8555908203125
2018-05-11,160.70382690429688
2018-05-12,160.70382690429688
2018-05-13,160.70382690429688
2018-05-14,160.9788360595703
2018-05-15,159.19602966308594
2018-05-16,160.2486572265625
2018-05-17,159.63229370117188
2018-05-18,158.8071746826172
2018-05-19,158.8071746826172
2018-05-20,158.8071746826172
2018-05-21,159.69862365722656
2018-05-22,159.49002075195312
2018-05-23,160.83660888671875
2018-05-24,160.78921508789062
2018-05-25,160.950439453125
2018-05-26,160.950439453125
2018-05-27,160.950439453125
2018-05-28,160.950439453125
2018-05-29,160.2391815185547
2018-05-30,161.38665771484375
2018-05-31,161.2823486328125
2018-06-01,163.8143768310547
2018-06-02,163.8143768310547
2018-06-03,163.8143768310547
2018-06-04,165.29373168945312
2018-06-05,165.80587768554688
2018-06-06,166.77313232421875
2018-06-07,165.41709899902344
2018-06-08,165.42657470703125
2018-06-09,165.42657470703125
2018-06-10,165.42657470703125
2018-06-11,165.87220764160156
2018-06-12,166.7447052001953
2018-06-13,166.7352294921875
2018-06-14,168.4232635498047
2018-06-15,167.8352508544922
2018-06-16,167.8352508544922
2018-06-17,167.8352508544922
2018-06-18,167.7384033203125
2018-06-19,167.26316833496094
2018-06-20,168.4510955810547
2018-06-21,166.98760986328125
2018-06-22,166.616943359375
2018-06-23,166.616943359375
2018-06-24,166.616943359375
2018-06-25,162.8629608154297
2018-06-26,163.5282745361328
2018-06-27,161.30441284179688
2018-06-28,162.69189453125
2018-06-29,163.1291046142578
2018-06-30,163.1291046142578
2018-07-01,163.1291046142578
2018-07-02,164.22201538085938
2018-07-03,162.3212890625
2018-07-04,162.3212890625
2018-07-05,164.3360595703125
2018-07-06,166.89251708984375
2018-07-07,166.89251708984375
2018-07-08,166.89251708984375
2018-07-09,168.39410400390625
2018-07-10,168.51760864257812
2018-07-11,167.66232299804688
2018-07-12,170.55142211914062
2018-07-13,170.69393920898438
2018-07-14,170.69393920898438
2018-07-15,170.69393920898438
2018-07-16,170.28529357910156
2018-07-17,171.32119750976562
2018-07-18,170.99810791015625
2018-07-19,170.14276123046875
2018-07-20,170.10476684570312
2018-07-21,170.10476684570312
2018-07-22,170.10476684570312
2018-07-23,170.6464385986328
2018-07-24,171.34974670410156
2018-07-25,173.74462890625
2018-07-26,171.11215209960938
2018-07-27,168.80276489257812
2018-07-28,168.80276489257812
2018-07-29,168.80276489257812
2018-07-30,166.4173126220703
2018-07-31,167.69082641601562
2018-08-01,168.32757568359375
2018-08-02,170.61793518066406
2018-08-03,171.14065551757812
2018-08-04,171.14065551757812
2018-08-05,171.14065551757812
2018-08-06,172.14805603027344
2018-08-07,172.7752685546875
2018-08-08,172.98431396484375
2018-08-09,172.87979125976562
2018-08-10,171.55880737304688
2018-08-11,171.55880737304688
2018-08-12,171.55880737304688
2018-08-13,171.36871337890625
2018-08-14,172.442626953125
2018-08-15,170.33282470703125
2018-08-16,170.8935546875
2018-08-17,170.93161010742188
2018-08-18,170.93161010742188
2018-08-19,170.93161010742188
2018-08-20,170.77951049804688
2018-08-21,171.40673828125
2018-08-22,172.072021484375
2018-08-23,171.82485961914062
2018-08-24,173.4215087890625
2018-08-25,173.4215087890625
2018-08-26,173.4215087890625
2018-08-27,175.18914794921875
2018-08-28,175.44573974609375
2018-08-29,177.47006225585938
2018-08-30,177.1564483642578
2018-08-31,177.38450622558594
2018-09-01,177.38450622558594
2018-09-02,177.38450622558594
2018-09-03,177.38450622558594
2018-09-04,176.6241912841797
2018-09-05,174.3433837890625
2018-09-06,172.7847442626953
2018-09-07,172.11949157714844
2018-09-08,172.11949157714844
2018-09-09,172.11949157714844
2018-09-10,172.69921875
2018-09-11,174.02972412109375
2018-09-12,173.5165252685547
2018-09-13,175.3696746826172
2018-09-14,174.8565216064453
2018-09-15,174.8565216064453
2018-09-16,174.8565216064453
2018-09-17,172.33807373046875
2018-09-18,173.76364135742188
2018-09-19,173.630615234375
2018-09-20,175.55029296875
2018-09-21,174.59042358398438
2018-09-22,174.59042358398438
2018-09-23,174.59042358398438
2018-09-24,175.07598876953125
2018-09-25,175.3140411376953
2018-09-26,175.437744140625
2018-09-27,176.92295837402344
2018-09-28,176.8849334716797
2018-09-29,176.8849334716797
2018-09-30,176.8849334716797
2018-10-01,177.2467041015625
2018-10-02,176.84678649902344
2018-10-03,177.03724670410156
2018-10-04,173.6383514404297
2018-10-05,171.5152587890625
2018-10-06,171.5152587890625
2018-10-07,171.5152587890625
2018-10-08,170.46800231933594
2018-10-09,171.02017211914062
2018-10-10,163.49887084960938
2018-10-11,161.470947265625
2018-10-12,165.9647216796875
2018-10-13,165.9647216796875
2018-10-14,165.9647216796875
2018-10-15,163.95584106445312
2018-10-16,168.72569274902344
2018-10-17,168.7923126220703
2018-10-18,164.87933349609375
2018-10-19,164.7269744873047
2018-10-20,164.7269744873047
2018-10-21,164.7269744873047
2018-10-22,165.57435607910156
2018-10-23,164.9650115966797
2018-10-24,157.4151153564453
2018-10-25,162.86093139648438
2018-10-26,158.67181396484375
2018-10-27,158.67181396484375
2018-10-28,158.67181396484375
2018-10-29,155.40626525878906
2018-10-30,157.9673614501953
2018-10-31,161.6803741455078
2018-11-01,163.81300354003906
2018-11-02,161.261474609375
2018-11-03,161.261474609375
2018-11-04,161.261474609375
2018-11-05,160.86163330078125
2018-11-06,162.08023071289062
2018-11-07,167.16427612304688
2018-11-08,166.09799194335938
2018-11-09,163.29888916015625
2018-11-10,163.29888916015625
2018-11-11,163.29888916015625
2018-11-12,158.35760498046875
2018-11-13,158.49095153808594
2018-11-14,157.2817840576172
2018-11-15,160.0333251953125
2018-11-16,159.47158813476562
2018-11-17,159.47158813476562
2018-11-18,159.47158813476562
2018-11-19,154.29234313964844
2018-11-20,151.5313262939453
2018-11-21,152.6833038330078
2018-11-22,152.6833038330078
2018-11-23,151.57887268066406
2018-11-24,151.57887268066406
2018-11-25,151.57887268066406
2018-11-26,155.08253479003906
2018-11-27,155.606201171875
2018-11-28,160.6140594482422
2018-11-29,160.09048461914062
2018-11-30,161.25193786621094
2018-12-01,161.25193786621094
2018-12-02,161.25193786621094
2018-12-03,164.07008361816406
2018-12-04,157.7769012451172
2018-12-05,157.7769012451172
2018-12-06,158.89085388183594
2018-12-07,153.6449737548828
2018-12-08,153.6449737548828
2018-12-09,153.6449737548828
2018-12-10,155.25392150878906
2018-12-11,155.7680206298828
2018-12-12,157.13900756835938
2018-12-13,157.18658447265625
2018-12-14,153.3593292236328
2018-12-15,153.3593292236328
2018-12-16,153.3593292236328
2018-12-17,149.88426208496094
2018-12-18,150.8268280029297
2018-12-19,147.12319946289062
2018-12-20,144.9905548095703
2018-12-21,140.49685668945312
2018-12-22,140.49685668945312
2018-12-23,140.49685668945312
2018-12-24,137.01280212402344
2018-12-25,137.01280212402344
2018-12-26,145.56776428222656
2018-12-27,146.131103515625
2018-12-28,146.0546875
2018-12-29,146.0546875
2018-12-30,146.0546875
2018-12-31,147.2863311767578
2019-01-01,147.2863311767578
2019-01-02,147.8783416748047
2019-01-03,143.047119140625
2019-01-04,149.16729736328125
2019-01-05,149.16729736328125
2019-01-06,149.16729736328125
2019-01-07,150.94320678710938
2019-01-08,152.30860900878906
2019-01-09,153.54978942871094
2019-01-10,153.98904418945312
2019-01-11,153.4257049560547
2019-01-12,153.4257049560547
2019-01-13,153.4257049560547
2019-01-14,152.06988525390625
2019-01-15,155.03927612304688
2019-01-16,155.01063537597656
2019-01-17,156.2327880859375
2019-01-18,157.77955627441406
2019-01-19,157.77955627441406
2019-01-20,157.77955627441406
2019-01-21,157.77955627441406
2019-01-22,154.6191864013672
2019-01-23,154.81968688964844
2019-01-24,155.8222198486328
2019-01-25,157.68406677246094
2019-01-26,157.68406677246094
2019-01-27,157.68406677246094
2019-01-28,155.73629760742188
2019-01-29,154.2659149169922
2019-01-30,158.19012451171875
2019-01-31,160.5579833984375
2019-02-01,159.880126953125
2019-02-02,159.880126953125
2019-02-03,159.880126953125
2019-02-04,161.86605834960938
2019-02-05,163.29823303222656
2019-02-06,162.811279296875
2019-02-07,160.6248321533203
2019-02-08,160.9398651123047
2019-02-09,160.9398651123047
2019-02-10,160.9398651123047
2019-02-11,160.7871551513672
2019-02-12,163.1645965576172
2019-02-13,163.2791290283203
2019-02-14,163.47964477539062
2019-02-15,164.16714477539062
2019-02-16,164.16714477539062
2019-02-17,164.16714477539062
2019-02-18,164.16714477539062
2019-02-19,164.4917449951172
2019-02-20,164.46311950683594
2019-02-21,163.86155700683594
2019-02-22,165.0741424560547
2019-02-23,165.0741424560547
2019-02-24,165.0741424560547
2019-02-25,165.67564392089844
2019-02-26,165.8475341796875
2019-02-27,165.74249267578125
2019-02-28,165.36061096191406
2019-03-01,166.50633239746094
2019-03-02,166.50633239746094
2019-03-03,166.50633239746094
2019-03-04,166.53500366210938
2019-03-05,166.6591339111328
2019-03-06,165.71388244628906
2019-03-07,163.68014526367188
2019-03-08,163.4319305419922
2019-03-09,163.4319305419922
2019-03-10,163.4319305419922
2019-03-11,166.8310089111328
2019-03-12,167.74758911132812
2019-03-13,169.00787353515625
2019-03-14,168.72149658203125
2019-03-15,170.287353515625
2019-03-16,170.287353515625
2019-03-17,170.287353515625
2019-03-18,170.69288635253906
2019-03-19,171.26683044433594
2019-03-20,171.94598388671875
2019-03-21,174.6338348388672
2019-03-22,170.79812622070312
2019-03-23,170.79812622070312
2019-03-24,170.79812622070312
2019-03-25,170.47291564941406
2019-03-26,171.26683044433594
2019-03-27,170.1668243408203
2019-03-28,170.55899047851562
2019-03-29,171.8502960205078
2019-03-30,171.8502960205078
2019-03-31,171.8502960205078
2019-04-01,174.1268310546875
2019-04-02,174.78684997558594
2019-04-03,175.7912139892578
2019-04-04,175.7242889404297
2019-04-05,176.6329803466797
2019-04-06,176.6329803466797
2019-04-07,176.6329803466797
2019-04-08,177.08251953125
2019-04-09,176.46080017089844
2019-04-10,177.40773010253906
2019-04-11,176.9868621826172
2019-04-12,177.75209045410156
2019-04-13,177.75209045410156
2019-04-14,177.75209045410156
2019-04-15,177.78077697753906
2019-04-16,178.3929443359375
2019-04-17,179.0147247314453
2019-04-18,179.2442626953125
2019-04-19,179.2442626953125
2019-04-20,179.2442626953125
2019-04-21,179.2442626953125
2019-04-22,179.75125122070312
2019-04-23,182.03732299804688
2019-04-24,181.46340942382807
2019-04-25,182.199935913086
2019-04-26,182.3625030517578
2019-04-27,182.3625030517578
2019-04-28,182.3625030517578
2019-04-29,182.7165069580078
2019-04-30,181.30078125
2019-05-01,180.71731567382807
2019-05-02,179.93299865722656
2019-05-03,182.80255126953125
2019-05-04,182.80255126953125
2019-05-05,182.80255126953125
2019-05-06,181.68345642089844
2019-05-07,178.144287109375
2019-05-08,177.69473266601562
2019-05-09,176.7382049560547
2019-05-10,176.95816040039062
2019-05-11,176.95816040039062
2019-05-12,176.95816040039062
2019-05-13,170.81724548339844
2019-05-14,172.69204711914062
2019-05-15,175.1312255859375
2019-05-16,176.8911895751953
2019-05-17,175.08335876464844
2019-05-18,175.08335876464844
2019-05-19,175.08335876464844
2019-05-20,172.1277313232422
2019-05-21,173.92596435546875
2019-05-22,173.15118408203125
2019-05-23,170.50157165527344
2019-05-24,170.41551208496094
2019-05-25,170.41551208496094
2019-05-26,170.41551208496094
2019-05-27,170.41551208496094
2019-05-28,169.77462768554688
2019-05-29,168.37808227539062
2019-05-30,169.08595275878906
2019-05-31,166.3885040283203
2019-06-01,166.3885040283203
2019-06-02,166.3885040283203
2019-06-03,162.7249755859375
2019-06-04,167.3067626953125
2019-06-05,168.55030822753906
2019-06-06,169.88937377929688
2019-06-07,173.1702880859375
2019-06-08,173.1702880859375
2019-06-09,173.1702880859375
2019-06-10,175.18856811523438
2019-06-11,175.42771911621094
2019-06-12,174.413818359375
2019-06-13,175.44688415527344
2019-06-14,174.70077514648438
2019-06-15,174.70077514648438
2019-06-16,174.70077514648438
2019-06-17,175.7529754638672
2019-06-18,178.30690002441406
2019-06-19,178.97642517089844
2019-06-20,180.64083862304688
2019-06-21,180.3730316162109
2019-06-22,180.3730316162109
2019-06-23,180.3730316162109
2019-06-24,180.37876892089844
2019-06-25,177.2822723388672
2019-06-26,178.1067352294922
2019-06-27,178.78738403320312
2019-06-28,179.01747131347656
2019-06-29,179.01747131347656
2019-06-30,179.01747131347656
2019-07-01,181.4332275390625
2019-07-02,182.15220642089844
2019-07-03,183.52310180664065
2019-07-04,183.52310180664065
2019-07-05,183.1492156982422
2019-07-06,183.1492156982422
2019-07-07,183.1492156982422
2019-07-08,181.86460876464844
2019-07-09,182.7753448486328
2019-07-10,184.5968170166016
2019-07-11,184.4625701904297
2019-07-12,185.52667236328125
2019-07-13,185.52667236328125
2019-07-14,185.52667236328125
2019-07-15,186.1210174560547
2019-07-16,185.1623992919922
2019-07-17,184.25164794921875
2019-07-18,184.4625701904297
2019-07-19,183.1109161376953
2019-07-20,183.1109161376953
2019-07-21,183.1109161376953
2019-07-22,184.5680389404297
2019-07-23,185.7759246826172
2019-07-24,187.0796661376953
2019-07-25,185.30618286132807
2019-07-26,187.2138671875
2019-07-27,187.2138671875
2019-07-28,187.2138671875
2019-07-29,186.57156372070312
2019-07-30,185.766342163086
2019-07-31,183.1972045898437
2019-08-01,182.2864227294922
2019-08-02,179.6022186279297
2019-08-03,179.6022186279297
2019-08-04,179.6022186279297
2019-08-05,173.2559814453125
2019-08-06,175.68136596679688
2019-08-07,176.63046264648438
2019-08-08,180.474609375
2019-08-09,178.77780151367188
2019-08-10,178.77780151367188
2019-08-11,178.77780151367188
2019-08-12,176.72633361816406
2019-08-13,180.59922790527344
2019-08-14,175.20204162597656
2019-08-15,175.000732421875
2019-08-16,177.80960083007812
2019-08-17,177.80960083007812
2019-08-18,177.80960083007812
2019-08-19,180.6375732421875
2019-08-20,179.2379608154297
2019-08-21,180.82928466796875
2019-08-22,180.2445373535156
2019-08-23,174.54058837890625
2019-08-24,174.54058837890625
2019-08-25,174.54058837890625
2019-08-26,177.1768798828125
2019-08-27,176.80300903320312
2019-08-28,177.43569946289062
2019-08-29,180.148666381836
2019-08-30,179.71726989746094
2019-08-31,179.71726989746094
2019-09-01,179.71726989746094
2019-09-02,179.71726989746094
2019-09-03,177.9725341796875
2019-09-04,180.5416717529297
2019-09-05,183.8489990234375
2019-09-06,183.66688537597656
2019-09-07,183.66688537597656
2019-09-08,183.66688537597656
2019-09-09,183.283432006836
2019-09-10,182.75616455078125
2019-09-11,184.47216796875
2019-09-12,185.23907470703125
2019-09-13,184.5776214599609
2019-09-14,184.5776214599609
2019-09-15,184.5776214599609
2019-09-16,183.7531280517578
2019-09-17,184.6351623535156
2019-09-18,184.5584411621093
2019-09-19,184.8651733398437
2019-09-20,182.9095458984375
2019-09-21,182.9095458984375
2019-09-22,182.9095458984375
2019-09-23,182.99024963378903
2019-09-24,180.5599975585937
2019-09-25,182.5867919921875
2019-09-26,181.9143829345703
2019-09-27,179.65704345703125
2019-09-28,179.65704345703125
2019-09-29,179.65704345703125
2019-09-30,181.36688232421875
2019-10-01,179.88758850097656
2019-10-02,176.79454040527344
2019-10-03,178.73489379882812
2019-10-04,181.36688232421875
2019-10-05,181.36688232421875
2019-10-06,181.36688232421875
2019-10-07,180.81936645507807
2019-10-08,178.1104736328125
2019-10-09,179.8491668701172
2019-10-10,181.2420349121093
2019-10-11,183.57614135742188
2019-10-12,183.57614135742188
2019-10-13,183.57614135742188
2019-10-14,183.55699157714844
2019-10-15,185.8912048339844
2019-10-16,185.4301147460937
2019-10-17,185.9199981689453
2019-10-18,184.13333129882807
2019-10-19,184.13333129882807
2019-10-20,184.13333129882807
2019-10-21,185.76632690429688
2019-10-22,184.2870330810547
2019-10-23,184.6425018310547
2019-10-24,186.438720703125
2019-10-25,187.9275817871093
2019-10-26,187.9275817871093
2019-10-27,187.9275817871093
2019-10-28,189.78152465820312
2019-10-29,188.3118438720703
2019-10-30,189.22439575195312
2019-10-31,189.3108673095703
2019-11-01,191.0302734375
2019-11-02,191.0302734375
2019-11-03,191.0302734375
2019-11-04,192.2117919921875
2019-11-05,192.31744384765625
2019-11-06,191.8851928710937
2019-11-07,192.52877807617188
2019-11-08,193.29725646972656
2019-11-09,193.29725646972656
2019-11-10,193.29725646972656
2019-11-11,193.0378875732422
2019-11-12,193.5950622558593
2019-11-13,193.6431121826172
2019-11-14,193.4893798828125
2019-11-15,194.9110107421875
2019-11-16,194.9110107421875
2019-11-17,194.9110107421875
2019-11-18,195.06475830078125
2019-11-19,195.35289001464844
2019-11-20,194.18101501464844
2019-11-21,193.7487335205078
2019-11-22,193.8736114501953
2019-11-23,193.8736114501953
2019-11-24,193.8736114501953
2019-11-25,196.1694183349609
2019-11-26,196.54400634765625
2019-11-27,197.9176483154297
2019-11-28,197.9176483154297
2019-11-29,197.0147247314453
2019-11-30,197.0147247314453
2019-12-01,197.0147247314453
2019-12-02,194.9974975585937
2019-12-03,193.4701995849609
2019-12-04,194.449951171875
2019-12-05,194.83416748046875
2019-12-06,196.91867065429688
2019-12-07,196.91867065429688
2019-12-08,196.91867065429688
2019-12-09,196.0253448486328
2019-12-10,195.8619842529297
2019-12-11,196.8994140625
2019-12-12,198.3690643310547
2019-12-13,199.0222625732422
2019-12-14,199.0222625732422
2019-12-15,199.0222625732422
2019-12-16,201.02032470703125
2019-12-17,201.1356201171875
2019-12-18,201.28924560546875
2019-12-19,202.5476226806641
2019-12-20,203.36412048339844
2019-12-21,203.36412048339844
2019-12-22,203.36412048339844
2019-12-23,203.9012908935547
2019-12-24,204.0071716308593
2019-12-25,204.0071716308593
2019-12-26,205.807357788086
2019-12-27,205.63409423828125
2019-12-28,205.63409423828125
2019-12-29,205.63409423828125
2019-12-30,204.28631591796875
2019-12-31,204.67141723632807
2020-01-01,204.67141723632807
2020-01-02,208.08889770507807
2020-01-03,206.18276977539065
2020-01-04,206.18276977539065
2020-01-05,206.18276977539065
2020-01-06,207.5112152099609
2020-01-07,207.482421875
2020-01-08,209.0419006347656
2020-01-09,210.813217163086
2020-01-10,210.2741241455078
2020-01-11,210.2741241455078
2020-01-12,210.2741241455078
2020-01-13,212.7000427246093
2020-01-14,211.86248779296875
2020-01-15,211.9491271972656
2020-01-16,213.98036193847656
2020-01-17,215.039291381836
2020-01-18,215.039291381836
2020-01-19,215.039291381836
2020-01-20,215.039291381836
2020-01-21,214.9430084228516
2020-01-22,215.5110321044922
2020-01-23,216.2041015625
2020-01-24,214.38465881347656
2020-01-25,214.38465881347656
2020-01-26,214.38465881347656
2020-01-27,209.95640563964844
2020-01-28,213.18133544921875
2020-01-29,213.52789306640625
2020-01-30,214.2884521484375
2020-01-31,210.8902282714844
2020-02-01,210.8902282714844
2020-02-02,210.8902282714844
2020-02-03,214.0765991210937
2020-02-04,218.9765625
2020-02-05,219.69854736328125
2020-02-06,221.5949859619141
2020-02-07,220.64195251464844
2020-02-08,220.64195251464844
2020-02-09,220.64195251464844
2020-02-10,223.3085784912109
2020-02-11,223.34703063964844
2020-02-12,225.5226593017578
2020-02-13,225.2338256835937
2020-02-14,225.8788452148437
2020-02-15,225.8788452148437
2020-02-16,225.8788452148437
2020-02-17,225.8788452148437
2020-02-18,225.96548461914065
2020-02-19,228.1314239501953
2020-02-20,226.0136108398437
2020-02-21,221.67198181152344
2020-02-22,221.67198181152344
2020-02-23,221.67198181152344
2020-02-24,213.12359619140625
2020-02-25,207.328369140625
2020-02-26,208.3968963623047
2020-02-27,197.961669921875
2020-02-28,198.11569213867188
2020-02-29,198.11569213867188
2020-03-01,198.11569213867188
2020-03-02,208.33914184570312
2020-03-03,201.6582946777344
2020-03-04,210.0719757080078
2020-03-05,203.68946838378903
2020-03-06,200.2528076171875
2020-03-07,200.2528076171875
2020-03-08,200.2528076171875
2020-03-09,186.3423309326172
2020-03-10,196.48878479003903
2020-03-11,187.93077087402344
2020-03-12,170.69912719726562
2020-03-13,185.15830993652344
2020-03-14,185.15830993652344
2020-03-15,185.15830993652344
2020-03-16,162.97860717773438
2020-03-17,175.33912658691406
2020-03-18,170.00595092773438
2020-03-19,171.02639770507812
2020-03-20,164.32627868652344
2020-03-21,164.32627868652344
2020-03-22,164.32627868652344
2020-03-23,164.44496154785156
2020-03-24,177.17916870117188
2020-03-25,175.86712646484375
2020-03-26,185.1283569335937
2020-03-27,178.7612762451172
2020-03-28,178.7612762451172
2020-03-29,178.7612762451172
2020-03-30,185.2634735107422
2020-03-31,183.68130493164065
2020-04-01,175.87680053710938
2020-04-02,179.4462127685547
2020-04-03,176.89938354492188
2020-04-04,176.89938354492188
2020-04-05,176.89938354492188
2020-04-06,189.54676818847656
2020-04-07,189.4695739746093
2020-04-08,193.492431640625
2020-04-09,193.772216796875
2020-04-10,193.772216796875
2020-04-11,193.772216796875
2020-04-12,193.772216796875
2020-04-13,195.8656005859375
2020-04-14,204.3840484619141
2020-04-15,202.039779663086
2020-04-16,205.7249450683593
2020-04-17,207.6930084228516
2020-04-18,207.6930084228516
2020-04-19,207.6930084228516
2020-04-20,205.2329864501953
2020-04-21,197.6600341796875
2020-04-22,203.5254364013672
2020-04-23,203.09130859375
2020-04-24,206.294189453125
2020-04-25,206.294189453125
2020-04-26,206.294189453125
2020-04-27,207.9534912109375
2020-04-28,204.0367431640625
2020-04-29,211.2721099853516
2020-04-30,211.18527221679688
2020-05-01,205.2329864501953
2020-05-02,205.2329864501953
2020-05-03,205.2329864501953
2020-05-04,207.6254730224609
2020-05-05,209.97935485839844
2020-05-06,211.2721099853516
2020-05-07,213.9926147460937
2020-05-08,216.9252777099609
2020-05-09,216.9252777099609
2020-05-10,216.9252777099609
2020-05-11,218.86436462402344
2020-05-12,214.2819976806641
2020-05-13,211.60009765625
2020-05-14,214.0022888183593
2020-05-15,215.3914489746093
2020-05-16,215.3914489746093
2020-05-17,215.3914489746093
2020-05-18,219.40460205078125
2020-05-19,218.8547515869141
2020-05-20,223.224853515625
2020-05-21,220.79383850097656
2020-05-22,221.55596923828125
2020-05-23,221.55596923828125
2020-05-24,221.55596923828125
2020-05-25,221.55596923828125
2020-05-26,220.9577789306641
2020-05-27,222.16372680664065
2020-05-28,221.8743133544922
2020-05-29,225.1253967285156
2020-05-30,225.1253967285156
2020-05-31,225.1253967285156
2020-06-01,225.8006591796875
2020-06-02,227.3152618408203
2020-06-03,228.33786010742188
2020-06-04,226.7364654541016
2020-06-05,231.2320098876953
2020-06-06,231.2320098876953
2020-06-07,231.2320098876953
2020-06-08,233.0264129638672
2020-06-09,234.71463012695312
2020-06-10,237.5315704345703
2020-06-11,225.76210021972656
2020-06-12,227.5564422607422
2020-06-13,227.5564422607422
2020-06-14,227.5564422607422
2020-06-15,230.3251953125
2020-06-16,234.280502319336
2020-06-17,235.0233154296875
2020-06-18,235.6600341796875
2020-06-19,235.6214599609375
2020-06-20,235.6214599609375
2020-06-21,235.6214599609375
2020-06-22,238.4471130371093
2020-06-23,240.4766082763672
2020-06-24,235.51901245117188
2020-06-25,237.7610321044922
2020-06-26,232.1463165283203
2020-06-27,232.1463165283203
2020-06-28,232.1463165283203
2020-06-29,234.67823791503903
2020-06-30,239.2782592773437
2020-07-01,242.0711364746093
2020-07-02,243.71397399902344
2020-07-03,243.71397399902344
2020-07-04,243.71397399902344
2020-07-05,243.71397399902344
2020-07-06,249.7056121826172
2020-07-07,247.9854278564453
2020-07-08,251.2518310546875
2020-07-09,253.36819458007807
2020-07-10,255.0980529785156
2020-07-11,255.0980529785156
2020-07-12,255.0980529785156
2020-07-13,249.85061645507807
2020-07-14,251.6190948486328
2020-07-15,252.13131713867188
2020-07-16,250.4111328125
2020-07-17,250.7010040283203
2020-07-18,250.7010040283203
2020-07-19,250.7010040283203
2020-07-20,257.8135986328125
2020-07-21,255.1270904541016
2020-07-22,256.0257568359375
2020-07-23,249.33837890625
2020-07-24,246.97073364257807
2020-07-25,246.97073364257807
2020-07-26,246.97073364257807
2020-07-27,251.3774261474609
2020-07-28,248.17874145507807
2020-07-29,251.03924560546875
2020-07-30,252.3535003662109
2020-07-31,256.85693359375
2020-08-01,256.85693359375
2020-08-02,256.85693359375
2020-08-03,260.326171875
2020-08-04,261.2926330566406
2020-08-05,261.9400634765625
2020-08-06,265.40948486328125
2020-08-07,262.3460388183594
2020-08-08,262.3460388183594
2020-08-09,262.3460388183594
2020-08-10,261.2250366210937
2020-08-11,256.2771301269531
2020-08-12,262.7228698730469
2020-08-13,263.3221130371094
2020-08-14,263.01287841796875
2020-08-15,263.01287841796875
2020-08-16,263.01287841796875
2020-08-17,266.0665283203125
2020-08-18,268.6275329589844
2020-08-19,266.8204040527344
2020-08-20,270.52166748046875
2020-08-21,272.3964233398437
2020-08-22,272.3964233398437
2020-08-23,272.3964233398437
2020-08-24,274.0972595214844
2020-08-25,276.2522888183594
2020-08-26,282.1473083496094
2020-08-27,281.26788330078125
2020-08-28,282.6982421875
2020-08-29,282.6982421875
2020-08-30,282.6982421875
2020-08-31,284.9692077636719
2020-09-01,289.83984375
2020-09-02,292.5843200683594
2020-09-03,277.7502136230469
2020-09-04,274.04901123046875
2020-09-05,274.04901123046875
2020-09-06,274.04901123046875
2020-09-07,274.04901123046875
2020-09-08,260.8771057128906
2020-09-09,268.5406188964844
2020-09-10,263.1867980957031
2020-09-11,261.3601989746094
2020-09-12,261.3601989746094
2020-09-13,261.3601989746094
2020-09-14,265.912109375
2020-09-15,269.6808166503906
2020-09-16,265.38037109375
2020-09-17,261.23468017578125
2020-09-18,257.9006042480469
2020-09-19,257.9006042480469
2020-09-20,257.9006042480469
2020-09-21,258.51904296875
2020-09-22,263.3221130371094
2020-09-23,255.2816772460937
2020-09-24,256.47039794921875
2020-09-25,262.4329528808594
2020-09-26,262.4329528808594
2020-09-27,262.4329528808594
2020-09-28,267.8834228515625
2020-09-29,266.6754455566406
2020-09-30,268.501953125
2020-10-01,272.7636108398437
2020-10-02,265.090576171875
2020-10-03,265.090576171875
2020-10-04,265.090576171875
2020-10-05,270.7439270019531
2020-10-06,265.912109375
2020-10-07,270.5121154785156
2020-10-08,271.9518737792969
2020-10-09,276.1073913574219
2020-10-10,276.1073913574219
2020-10-11,276.1073913574219
2020-10-12,284.6309509277344
2020-10-13,284.621337890625
2020-10-14,282.2440185546875
2020-10-15,280.3499450683594
2020-10-16,278.813232421875
2020-10-17,278.813232421875
2020-10-18,278.813232421875
2020-10-19,274.2616271972656
2020-10-20,274.85107421875
2020-10-21,274.63848876953125
2020-10-22,274.6287536621094
2020-10-23,275.16998291015625
2020-10-24,275.16998291015625
2020-10-25,275.16998291015625
2020-10-26,271.0435485839844
2020-10-27,273.1599426269531
2020-10-28,262.5102844238281
2020-10-29,267.1006774902344
2020-10-30,260.326171875
2020-10-31,260.326171875
2020-11-01,260.326171875
2020-11-02,260.9061279296875
2020-11-03,265.41912841796875
2020-11-04,277.26708984375
2020-11-05,284.4956359863281
2020-11-06,284.7082824707031
2020-11-07,284.7082824707031
2020-11-08,284.7082824707031
2020-11-09,278.8905639648437
2020-11-10,273.8944091796875
2020-11-11,280.0213623046875
2020-11-12,278.7068786621094
2020-11-13,281.15203857421875
2020-11-14,281.15203857421875
2020-11-15,281.15203857421875
2020-11-16,283.345703125
2020-11-17,282.4469909667969
2020-11-18,280.3594665527344
2020-11-19,282.5533142089844
2020-11-20,280.62042236328125
2020-11-21,280.62042236328125
2020-11-22,280.62042236328125
2020-11-23,280.6302185058594
2020-11-24,284.5729064941406
2020-11-25,286.3221740722656
2020-11-26,286.3221740722656
2020-11-27,288.9603881835937
2020-11-28,288.9603881835937
2020-11-29,288.9603881835937
2020-11-30,289.54986572265625
2020-12-01,293.2608337402344
2020-12-02,293.6376953125
2020-12-03,294.0533447265625
2020-12-04,295.2516174316406
2020-12-05,295.2516174316406
2020-12-06,295.2516174316406
2020-12-07,296.9234924316406
2020-12-08,297.9285583496094
2020-12-09,291.18310546875
2020-12-10,292.3524475097656
2020-12-11,291.7049255371094
2020-12-12,291.7049255371094
2020-12-13,291.7049255371094
2020-12-14,293.8213195800781
2020-12-15,296.9621276855469
2020-12-16,298.5953063964844
2020-12-17,300.5473937988281
2020-12-18,299.6390380859375
2020-12-19,299.6390380859375
2020-12-20,299.6390380859375
2020-12-21,299.07843017578125
2020-12-22,299.89166259765625
2020-12-23,298.38134765625
2020-12-24,299.6980895996094
2020-12-25,299.6980895996094
2020-12-26,299.6980895996094
2020-12-27,299.6980895996094
2020-12-28,302.7187194824219
2020-12-29,302.9896545410156
2020-12-30,302.9994506835937
2020-12-31,303.744873046875
2021-01-01,303.744873046875
2021-01-02,303.744873046875
2021-01-03,303.744873046875
2021-01-04,299.4560852050781
2021-01-05,301.9248046875
2021-01-06,297.742431640625
2021-01-07,304.9454345703125
2021-01-08,308.8664245605469
2021-01-09,308.8664245605469
2021-01-10,308.8664245605469
2021-01-11,304.4033203125
2021-01-12,303.919189453125
2021-01-13,305.9715576171875
2021-01-14,304.33551025390625
2021-01-15,301.9248046875
2021-01-16,301.9248046875
2021-01-17,301.9248046875
2021-01-18,301.9248046875
2021-01-19,306.3298645019531
2021-01-20,313.4553527832031
2021-01-21,315.9628295898437
2021-01-22,315.0528869628906
2021-01-23,315.0528869628906
2021-01-24,315.0528869628906
2021-01-25,317.6571350097656
2021-01-26,318.1217956542969
2021-01-27,309.253662109375
2021-01-28,311.0834045410156
2021-01-29,304.53875732421875
2021-01-30,304.53875732421875
2021-01-31,304.53875732421875
2021-02-01,312.1483764648437
2021-02-02,317.2408142089844
2021-02-03,315.982177734375
2021-02-04,319.7192687988281
2021-02-05,320.8035583496094
2021-02-06,320.8035583496094
2021-02-07,320.8035583496094
2021-02-08,322.9528503417969
2021-02-09,322.88507080078125
2021-02-10,322.14923095703125
2021-02-11,323.9208679199219
2021-02-12,325.7314453125
2021-02-13,325.7314453125
2021-02-14,325.7314453125
2021-02-15,325.7314453125
2021-02-16,324.8504638671875
2021-02-17,323.2917175292969
2021-02-18,321.878173828125
2021-02-19,320.4743347167969
2021-02-20,320.4743347167969
2021-02-21,320.4743347167969
2021-02-22,312.167724609375
2021-02-23,311.23828125
2021-02-24,313.80389404296875
2021-02-25,302.8638610839844
2021-02-26,304.13214111328125
2021-02-27,304.13214111328125
2021-02-28,304.13214111328125
2021-03-01,313.28106689453125
2021-03-02,308.2564697265625
2021-03-03,299.3108215332031
2021-03-04,294.4120483398437
2021-03-05,298.8460388183594
2021-03-06,298.8460388183594
2021-03-07,298.8460388183594
2021-03-08,290.3845520019531
2021-03-09,301.8376770019531
2021-03-10,300.9760131835937
2021-03-11,307.907958984375
2021-03-12,305.4100952148437
2021-03-13,305.4100952148437
2021-03-14,305.4100952148437
2021-03-15,308.6727294921875
2021-03-16,310.36700439453125
2021-03-17,311.6449584960937
2021-03-18,302.0990295410156
2021-03-19,303.1639709472656
2021-03-20,303.1639709472656
2021-03-21,303.1639709472656
2021-03-22,308.8493347167969
2021-03-23,307.5019226074219
2021-03-24,302.3158264160156
2021-03-25,301.7923583984375
2021-03-26,306.3193054199219
2021-03-27,306.3193054199219
2021-03-28,306.3193054199219
2021-03-29,306.23211669921875
2021-03-30,304.6907653808594
2021-03-31,309.3534240722656
2021-04-01,314.62677001953125
2021-04-02,314.62677001953125
2021-04-03,314.62677001953125
2021-04-04,314.62677001953125
2021-04-05,320.9082336425781
2021-04-06,320.685302734375
2021-04-07,321.4607849121094
2021-04-08,324.8147277832031
2021-04-09,326.7825622558594
2021-04-10,326.7825622558594
2021-04-11,326.7825622558594
2021-04-12,326.3559875488281
2021-04-13,330.1656799316406
2021-04-14,326.2009582519531
2021-04-15,331.1446838378906
2021-04-16,331.5325012207031
2021-04-17,331.5325012207031
2021-04-18,331.5325012207031
2021-04-19,328.4984130859375
2021-04-20,326.1041259765625
2021-04-21,328.8957824707031
2021-04-22,324.9310913085937
2021-04-23,329.0219116210937
2021-04-24,329.0219116210937
2021-04-25,329.0219116210937
2021-04-26,331.1640930175781
2021-04-27,329.7294616699219
2021-04-28,328.6147155761719
2021-04-29,329.7973327636719
2021-04-30,327.6355895996094
2021-05-01,327.6355895996094
2021-05-02,327.6355895996094
2021-05-03,325.8907470703125
2021-05-04,320.026123046875
2021-05-05,318.9501037597656
2021-05-06,321.3540954589844
2021-05-07,323.9617614746094
2021-05-08,323.9617614746094
2021-05-09,323.9617614746094
2021-05-10,315.7803649902344
2021-05-11,315.3440246582031
2021-05-12,307.1820068359375
2021-05-13,309.55694580078125
2021-05-14,316.3910522460937
2021-05-15,316.3910522460937
2021-05-16,316.3910522460937
2021-05-17,314.4716796875
2021-05-18,312.3487548828125
2021-05-19,312.7074279785156
2021-05-20,318.7562255859375
2021-05-21,316.9919738769531
2021-05-22,316.9919738769531
2021-05-23,316.9919738769531
2021-05-24,322.323486328125
2021-05-25,322.7694396972656
2021-05-26,323.8939514160156
2021-05-27,322.6821594238281
2021-05-28,323.70001220703125
2021-05-29,323.70001220703125
2021-05-30,323.70001220703125
2021-05-31,323.70001220703125
2021-06-01,322.6240234375
2021-06-02,323.2540588378906
2021-06-03,319.8904113769531
2021-06-04,325.31884765625
2021-06-05,325.31884765625
2021-06-06,325.31884765625
2021-06-07,326.28814697265625
2021-06-08,326.443359375
2021-06-09,326.5208435058594
2021-06-10,329.9233703613281
2021-06-11,330.7860412597656
2021-06-12,330.7860412597656
2021-06-13,330.7860412597656
2021-06-14,333.95587158203125
2021-06-15,331.7748413085937
2021-06-16,330.5631103515625
2021-06-17,334.7604675292969
2021-06-18,332.13348388671875
2021-06-19,332.13348388671875
2021-06-20,332.13348388671875
2021-06-21,334.1976928710937
2021-06-22,337.31298828125
2021-06-23,337.4779052734375
2021-06-24,339.56451416015625
2021-06-25,339.1472473144531
2021-06-26,339.1472473144531
2021-06-27,339.1472473144531
2021-06-28,343.2716979980469
2021-06-29,344.5140075683594
2021-06-30,343.9705810546875
2021-07-01,344.1064453125
2021-07-02,348.0563049316406
2021-07-03,348.0563049316406
2021-07-04,348.0563049316406
2021-07-05,348.0563049316406
2021-07-06,349.5605163574219
2021-07-07,350.298095703125
2021-07-08,348.182373046875
2021-07-09,350.3563232421875
2021-07-10,350.3563232421875
2021-07-11,350.3563232421875
2021-07-12,351.7247619628906
2021-07-13,351.7247619628906
2021-07-14,352.3555603027344
2021-07-15,349.8807983398437
2021-07-16,347.0469970703125
2021-07-17,347.0469970703125
2021-07-18,347.0469970703125
2021-07-19,344.203369140625
2021-07-20,348.201904296875
2021-07-21,350.8901672363281
2021-07-22,353.2096252441406
2021-07-23,357.3342590332031
2021-07-24,357.3342590332031
2021-07-25,357.3342590332031
2021-07-26,357.6156005859375
2021-07-27,353.6753845214844
2021-07-28,355.0340576171875
2021-07-29,355.6649475097656
2021-07-30,353.81134033203125
2021-07-31,353.81134033203125
2021-08-01,353.81134033203125
2021-08-02,353.8404235839844
2021-08-03,355.9851379394531
2021-08-04,356.49951171875
2021-08-05,358.7607727050781
2021-08-06,357.1885681152344
2021-08-07,357.1885681152344
2021-08-08,357.1885681152344
2021-08-09,357.8485107421875
2021-08-10,356.01434326171875
2021-08-11,355.40289306640625
2021-08-12,356.6840209960937
2021-08-13,357.93585205078125
2021-08-14,357.93585205078125
2021-08-15,357.93585205078125
2021-08-16,358.0911865234375
2021-08-17,354.93707275390625
2021-08-18,351.5209655761719
2021-08-19,353.2192687988281
2021-08-20,356.8780822753906
2021-08-21,356.8780822753906
2021-08-22,356.8780822753906
2021-08-23,362.2158203125
2021-08-24,363.3221740722656
2021-08-25,363.7393798828125
2021-08-26,361.4296569824219
2021-08-27,364.94281005859375
2021-08-28,364.94281005859375
2021-08-29,364.94281005859375
2021-08-30,369.0382385253906
2021-08-31,368.7373962402344
2021-09-01,369.3487854003906
2021-09-02,369.1741333007813
2021-09-03,370.3095703125
2021-09-04,370.3095703125
2021-09-05,370.3095703125
2021-09-06,370.3095703125
2021-09-07,370.8336791992188
2021-09-08,369.54290771484375
2021-09-09,368.27154541015625
2021-09-10,365.4765319824219
2021-09-11,365.4765319824219
2021-09-12,365.4765319824219
2021-09-13,365.2242736816406
2021-09-14,364.1858520507813
2021-09-15,366.89349365234375
2021-09-16,367.1458129882813
2021-09-17,362.7980346679688
2021-09-18,362.7980346679688
2021-09-19,362.7980346679688
2021-09-20,355.3013610839844
2021-09-21,355.7386169433594
2021-09-22,359.06134033203125
2021-09-23,362.37445068359375
2021-09-24,362.7144775390625
2021-09-25,362.7144775390625
2021-09-26,362.7144775390625
2021-09-27,359.8192138671875
2021-09-28,349.6371765136719
2021-09-29,349.06396484375
2021-09-30,347.7815246582031
2021-10-01,349.9384155273437
2021-10-02,349.9384155273437
2021-10-03,349.9384155273437
2021-10-04,342.5933532714844
2021-10-05,347.218017578125
2021-10-06,349.44287109375
2021-10-07,352.6490478515625
2021-10-08,350.8905639648437
2021-10-09,350.8905639648437
2021-10-10,350.8905639648437
2021-10-11,348.1992492675781
2021-10-12,346.9848327636719
2021-10-13,349.7635498046875
2021-10-14,356.2049865722656
2021-10-15,358.44921875
2021-10-16,358.44921875
2021-10-17,358.44921875
2021-10-18,362.0536804199219
2021-10-19,364.7936096191406
2021-10-20,364.31744384765625
2021-10-21,366.54241943359375
2021-10-22,363.4626159667969
2021-10-23,363.4626159667969
2021-10-24,363.4626159667969
2021-10-25,367.18365478515625
2021-10-26,368.33984375
2021-10-27,369.1948852539063
2021-10-28,373.2947998046875
2021-10-29,375.1310729980469
2021-10-30,375.1310729980469
2021-10-31,375.1310729980469
2021-11-01,376.4135437011719
2021-11-02,377.9874877929688
2021-11-03,382.0
2021-11-04,386.896728515625
2021-11-05,387.2658996582031
2021-11-06,387.2658996582031
2021-11-07,387.2658996582031
2021-11-08,386.7412414550781
2021-11-09,384.0791320800781
2021-11-10,378.4344177246094
2021-11-11,379.4837341308594
2021-11-12,383.4768371582031
2021-11-13,383.4768371582031
2021-11-14,383.4768371582031
2021-11-15,383.3893432617188
2021-11-16,386.1194763183594
2021-11-17,386.3235778808594
2021-11-18,390.3263549804688
2021-11-19,392.5026245117188
2021-11-20,392.5026245117188
2021-11-21,392.5026245117188
2021-11-22,387.9459838867188
2021-11-23,386.1777648925781
2021-11-24,387.42132568359375
2021-11-25,387.42132568359375
2021-11-26,380.0763244628906
2021-11-27,380.0763244628906
2021-11-28,380.0763244628906
2021-11-29,388.3249206542969
2021-11-30,382.621826171875
2021-12-01,376.1122741699219
2021-12-02,378.8229675292969
2021-12-03,372.23583984375
2021-12-04,372.23583984375
2021-12-05,372.23583984375
2021-12-06,375.2184753417969
2021-12-07,386.5177612304688
2021-12-08,388.2471923828125
2021-12-09,382.534423828125
2021-12-10,386.6927490234375
2021-12-11,386.6927490234375
2021-12-12,386.6927490234375
2021-12-13,381.1062316894531
2021-12-14,377.16162109375
2021-12-15,385.7599792480469
2021-12-16,375.8403015136719
2021-12-17,373.9651489257813
2021-12-18,373.9651489257813
2021-12-19,373.9651489257813
2021-12-20,370.3376159667969
2021-12-21,378.62591552734375
2021-12-22,383.2369995117188
2021-12-23,386.1262512207031
2021-12-24,386.1262512207031
2021-12-25,386.1262512207031
2021-12-26,386.1262512207031
2021-12-27,392.50787353515625
2021-12-28,390.6886901855469
2021-12-29,390.63031005859375
2021-12-30,389.4629821777344
2021-12-31,387.0309143066406
2022-01-01,387.0309143066406
2022-01-02,387.0309143066406
2022-01-03,390.75677490234375
2022-01-04,385.6884765625
2022-01-05,373.8396606445313
2022-01-06,373.57708740234375
2022-01-07,369.5301208496094
2022-01-08,369.5301208496094
2022-01-09,369.5301208496094
2022-01-10,369.7733459472656
2022-01-11,375.3281555175781
2022-01-12,376.81646728515625
2022-01-13,367.3900146484375
2022-01-14,369.6761779785156
2022-01-15,369.6761779785156
2022-01-16,369.6761779785156
2022-01-17,369.6761779785156
2022-01-18,360.4733276367188
2022-01-19,356.5140991210937
2022-01-20,351.88348388671875
2022-01-21,342.1261901855469
2022-01-22,342.1261901855469
2022-01-23,342.1261901855469
2022-01-24,343.6924133300781
2022-01-25,335.72515869140625
2022-01-26,335.1998291015625
2022-01-27,331.82421875
2022-01-28,342.2331848144531
2022-01-29,342.2331848144531
2022-01-30,342.2331848144531
2022-01-31,353.17724609375
2022-02-01,355.5801086425781
2022-02-02,358.4693908691406
2022-02-03,343.935546875
2022-02-04,348.2743530273437
2022-02-05,348.2743530273437
2022-02-06,348.2743530273437
2022-02-07,345.47265625
2022-02-08,349.35418701171875
2022-02-09,356.7571716308594
2022-02-10,348.6828918457031
2022-02-11,337.62213134765625
2022-02-12,337.62213134765625
2022-02-13,337.62213134765625
2022-02-14,338.0403747558594
2022-02-15,346.4454345703125
2022-02-16,346.35791015625
2022-02-17,336.0558776855469
2022-02-18,332.2230224609375
2022-02-19,332.2230224609375
2022-02-20,332.2230224609375
2022-02-21,332.2230224609375
2022-02-22,328.88629150390625
2022-02-23,320.4618530273437
2022-02-24,331.2308349609375
2022-02-25,336.3672180175781
2022-02-26,336.3672180175781
2022-02-27,336.3672180175781
2022-02-28,337.369140625
2022-03-01,332.2035522460937
2022-03-02,337.7776794433594
2022-03-03,332.9526672363281
2022-03-04,328.1275329589844
2022-03-05,328.1275329589844
2022-03-06,328.1275329589844
2022-03-07,316.0257873535156
2022-03-08,314.55694580078125
2022-03-09,325.8802795410156
2022-03-10,322.2615051269531
2022-03-11,315.57830810546875
2022-03-12,315.57830810546875
2022-03-13,315.57830810546875
2022-03-14,309.5177917480469
2022-03-15,319.2262878417969
2022-03-16,331.0653991699219
2022-03-17,335.0733947753906
2022-03-18,341.931640625
2022-03-19,341.931640625
2022-03-20,341.931640625
2022-03-21,340.98101806640625
2022-03-22,347.6821594238281
2022-03-23,342.6854858398437
2022-03-24,350.30230712890625
2022-03-25,350.01007080078125
2022-03-26,350.01007080078125
2022-03-27,350.01007080078125
2022-03-28,355.42547607421875
2022-03-29,361.5422973632813
2022-03-30,357.5489807128906
2022-03-31,353.1171875
2022-04-01,352.4450378417969
2022-04-02,352.4450378417969
2022-04-03,352.4450378417969
2022-04-04,359.701416015625
2022-04-05,351.714599609375
2022-04-06,344.078369140625
2022-04-07,344.8966064453125
2022-04-08,340.0751953125
2022-04-09,340.0751953125
2022-04-10,340.0751953125
2022-04-11,332.0298767089844
2022-04-12,330.6273193359375
2022-04-13,337.34796142578125
2022-04-14,329.63385009765625
2022-04-15,329.63385009765625
2022-04-16,329.63385009765625
2022-04-17,329.63385009765625
2022-04-18,329.8870849609375
2022-04-19,337.2603454589844
2022-04-20,332.34149169921875
2022-04-21,325.465087890625
2022-04-22,316.9425048828125
2022-04-23,316.9425048828125
2022-04-24,316.9425048828125
2022-04-25,321.01385498046875
2022-04-26,308.897216796875
2022-04-27,308.5270690917969
2022-04-28,319.4846496582031
2022-04-29,305.10821533203125
2022-04-30,305.10821533203125
2022-05-01,305.10821533203125
2022-05-02,310.20233154296875
2022-05-03,310.5334777832031
2022-05-04,321.03326416015625
2022-05-05,304.86474609375
2022-05-06,301.2122802734375
2022-05-07,301.2122802734375
2022-05-08,301.2122802734375
2022-05-09,289.4267272949219
2022-05-10,292.94293212890625
2022-05-11,284.2547607421875
2022-05-12,283.5826721191406
2022-05-13,294.0922546386719
2022-05-14,294.0922546386719
2022-05-15,294.0922546386719
2022-05-16,290.6832275390625
2022-05-17,298.2122802734375
2022-05-18,283.5729675292969
2022-05-19,282.053466796875
2022-05-20,281.1768493652344
2022-05-21,281.1768493652344
2022-05-22,281.1768493652344
2022-05-23,285.8521423339844
2022-05-24,279.7742614746094
2022-05-25,283.68975830078125
2022-05-26,291.5500793457031
2022-05-27,301.0661315917969
2022-05-28,301.0661315917969
2022-05-29,301.0661315917969
2022-05-30,301.0661315917969
2022-05-31,300.2674560546875
2022-06-01,298.04669189453125
2022-06-02,306.2089538574219
2022-06-03,298.24151611328125
2022-06-04,298.24151611328125
2022-06-05,298.24151611328125
2022-06-06,299.2349548339844
2022-06-07,301.8161315917969
2022-06-08,299.6440734863281
2022-06-09,291.6182861328125
2022-06-10,281.3326721191406
2022-06-11,281.3326721191406
2022-06-12,281.3326721191406
2022-06-13,268.25177001953125
2022-06-14,268.73876953125
2022-06-15,275.44970703125
2022-06-16,264.3362121582031
2022-06-17,267.55047607421875
2022-06-18,267.55047607421875
2022-06-19,267.55047607421875
2022-06-20,267.55047607421875
2022-06-21,274.3006286621094
2022-06-22,273.9006042480469
2022-06-23,277.97979736328125
2022-06-24,287.5043334960937
2022-06-25,287.5043334960937
2022-06-26,287.5043334960937
2022-06-27,285.3963928222656
2022-06-28,276.7014465332031
2022-06-29,276.9550476074219
2022-06-30,273.5199584960937
2022-07-01,275.32537841796875
2022-07-02,275.32537841796875
2022-07-03,275.32537841796875
2022-07-04,275.32537841796875
2022-07-05,280.0389099121094
2022-07-06,281.83447265625
2022-07-07,287.8653869628906
2022-07-08,288.2265319824219
2022-07-09,288.2265319824219
2022-07-10,288.2265319824219
2022-07-11,282.0687255859375
2022-07-12,279.336181640625
2022-07-13,278.7604675292969
2022-07-14,279.7558898925781
2022-07-15,284.83038330078125
2022-07-16,284.83038330078125
2022-07-17,284.83038330078125
2022-07-18,282.41998291015625
2022-07-19,291.1053161621094
2022-07-20,295.7213134765625
2022-07-21,299.9663391113281
2022-07-22,294.7063293457031
2022-07-23,294.7063293457031
2022-07-24,294.7063293457031
2022-07-25,293.0278015136719
2022-07-26,287.2701416015625
2022-07-27,299.4101257324219
2022-07-28,302.3377380371094
2022-07-29,307.8514099121094
2022-07-30,307.8514099121094
2022-07-31,307.8514099121094
2022-08-01,307.6661071777344
2022-08-02,306.74871826171875
2022-08-03,315.1022644042969
2022-08-04,316.5758056640625
2022-08-05,313.9897766113281
2022-08-06,313.9897766113281
2022-08-07,313.9897766113281
2022-08-08,312.9748229980469
2022-08-09,309.43243408203125
2022-08-10,318.0689392089844
2022-08-11,316.2635192871094
2022-08-12,322.4213562011719
2022-08-13,322.4213562011719
2022-08-14,322.4213562011719
2022-08-15,325.0269470214844
2022-08-16,324.2657775878906
2022-08-17,320.56719970703125
2022-08-18,321.33819580078125
2022-08-19,315.07293701171875
2022-08-20,315.07293701171875
2022-08-21,315.07293701171875
2022-08-22,306.7780456542969
2022-08-23,306.52423095703125
2022-08-24,307.4123229980469
2022-08-25,312.8479919433594
2022-08-26,300.0249328613281
2022-08-27,300.0249328613281
2022-08-28,300.0249328613281
2022-08-29,297.0679931640625
2022-08-30,293.7597961425781
2022-08-31,292.0519714355469
2022-09-01,292.1788330078125
2022-09-02,288.0508117675781
2022-09-03,288.0508117675781
2022-09-04,288.0508117675781
2022-09-05,288.0508117675781
2022-09-06,285.98193359375
2022-09-07,291.75909423828125
2022-09-08,293.2718200683594
2022-09-09,299.68328857421875
2022-09-10,299.68328857421875
2022-09-11,299.68328857421875
2022-09-12,303.24530029296875
2022-09-13,286.6163024902344
2022-09-14,288.8900756835937
2022-09-15,284.0790100097656
2022-09-16,282.34185791015625
2022-09-17,282.34185791015625
2022-09-18,282.34185791015625
2022-09-19,284.54058837890625
2022-09-20,282.2725830078125
2022-09-21,277.2181396484375
2022-09-22,273.8062744140625
2022-09-23,269.34820556640625
2022-09-24,269.34820556640625
2022-09-25,269.34820556640625
2022-09-26,268.2336730957031
2022-09-27,268.3412475585937
2022-09-28,273.6791381835937
2022-09-29,265.7895812988281
2022-09-30,261.2826843261719
2022-10-01,261.2826843261719
2022-10-02,261.2826843261719
2022-10-03,267.4124755859375
2022-10-04,275.8201599121094
2022-10-05,275.6734924316406
2022-10-06,273.5031433105469
2022-10-07,263.0815734863281
2022-10-08,263.0815734863281
2022-10-09,263.0815734863281
2022-10-10,260.45172119140625
2022-10-11,256.8735656738281
2022-10-12,256.7856140136719
2022-10-13,262.80780029296875
2022-10-14,254.90850830078125
2022-10-15,254.90850830078125
2022-10-16,254.90850830078125
2022-10-17,263.32598876953125
2022-10-18,265.4083251953125
2022-10-19,264.4404296875
2022-10-20,263.0913391113281
2022-10-21,269.2601623535156
2022-10-22,269.2601623535156
2022-10-23,269.2601623535156
2022-10-24,272.222412109375
2022-10-25,277.8536376953125
2022-10-26,271.71405029296875
2022-10-27,266.76727294921875
2022-10-28,274.9304504394531
2022-10-29,274.9304504394531
2022-10-30,274.9304504394531
2022-10-31,271.7336120605469
2022-11-01,268.95709228515625
2022-11-02,259.7380065917969
2022-11-03,254.66412353515625
2022-11-04,258.7604064941406
2022-11-05,258.7604064941406
2022-11-06,258.7604064941406
2022-11-07,261.6053161621094
2022-11-08,263.51171875
2022-11-09,257.4307861328125
2022-11-10,276.4262084960937
2022-11-11,281.5196838378906
2022-11-12,281.5196838378906
2022-11-13,281.5196838378906
2022-11-14,279.0560913085937
2022-11-15,282.9176940917969
2022-11-16,279.0560913085937
2022-11-17,278.4402160644531
2022-11-18,278.449951171875
2022-11-19,278.449951171875
2022-11-20,278.449951171875
2022-11-21,275.5854797363281
2022-11-22,279.55474853515625
2022-11-23,282.3604736328125
2022-11-24,282.3604736328125
2022-11-25,280.5030212402344
2022-11-26,280.5030212402344
2022-11-27,280.5030212402344
2022-11-28,276.3871765136719
2022-11-29,274.29498291015625
2022-11-30,286.7989196777344
2022-12-01,287.15087890625
2022-12-02,286.007080078125
2022-12-03,286.007080078125
2022-12-04,286.007080078125
2022-12-05,281.2069091796875
2022-12-06,275.3802490234375
2022-12-07,274.2559814453125
2022-12-08,277.5016784667969
2022-12-09,275.7321472167969
2022-12-10,275.7321472167969
2022-12-11,275.7321472167969
2022-12-12,279.19293212890625
2022-12-13,282.1943054199219
2022-12-14,280.10223388671875
2022-12-15,270.6973571777344
2022-12-16,268.1163635253906
2022-12-17,268.1163635253906
2022-12-18,268.1163635253906
2022-12-19,264.3484191894531
2022-12-20,264.14263916015625
2022-12-21,267.97430419921875
2022-12-22,261.41827392578125
2022-12-23,262.00616455078125
2022-12-24,262.00616455078125
2022-12-25,262.00616455078125
2022-12-26,262.00616455078125
2022-12-27,258.3018798828125
2022-12-28,254.8916473388672
2022-12-29,261.1046142578125
2022-12-30,260.9479064941406
2022-12-31,260.9479064941406
2023-01-01,260.9479064941406
2023-01-02,260.9479064941406
2023-01-03,259.183837890625
2023-01-04,260.41864013671875
2023-01-05,256.34197998046875
2023-01-06,263.4173278808594
2023-01-07,263.4173278808594
2023-01-08,263.4173278808594
2023-01-09,265.1225280761719
2023-01-10,267.3667297363281
2023-01-11,271.9922180175781
2023-01-12,273.462158203125
2023-01-13,275.3436584472656
2023-01-14,275.3436584472656
2023-01-15,275.3436584472656
2023-01-16,275.3436584472656
2023-01-17,275.90234375
2023-01-18,272.3155822753906
2023-01-19,269.6402282714844
2023-01-20,277.0194702148437
2023-01-21,277.0194702148437
2023-01-22,277.0194702148437
2023-01-23,283.1737365722656
2023-01-24,282.59552001953125
2023-01-25,281.9683532714844
2023-01-26,287.4659729003906
2023-01-27,290.3275451660156
2023-01-28,290.3275451660156
2023-01-29,290.3275451660156
2023-01-30,284.4574584960937
2023-01-31,288.7203369140625
2023-02-01,294.8941955566406
2023-02-02,305.4779052734375
2023-02-03,300.0489196777344
2023-02-04,300.0489196777344
2023-02-05,300.0489196777344
2023-02-06,297.5107116699219
2023-02-07,303.6748046875
2023-02-08,298.2751770019531
2023-02-09,295.63897705078125
2023-02-10,293.6986083984375
2023-02-11,293.6986083984375
2023-02-12,293.6986083984375
2023-02-13,298.4024963378906
2023-02-14,300.6074523925781
2023-02-15,302.910400390625
2023-02-16,297.2265319824219
2023-02-17,295.1294250488281
2023-02-18,295.1294250488281
2023-02-19,295.1294250488281
2023-02-20,295.1294250488281
2023-02-21,288.14215087890625
2023-02-22,288.3577575683594
2023-02-23,290.8763122558594
2023-02-24,286.0058288574219
2023-02-25,286.0058288574219
2023-02-26,286.0058288574219
2023-02-27,288.0539855957031
2023-02-28,287.6815795898437
2023-03-01,285.36883544921875
2023-03-02,287.7305603027344
2023-03-03,293.6789855957031
2023-03-04,293.6789855957031
2023-03-05,293.6789855957031
2023-03-06,294.0121765136719
2023-03-07,290.4058837890625
2023-03-08,291.8562927246094
2023-03-09,286.7995910644531
2023-03-10,282.7719421386719
2023-03-11,282.7719421386719
2023-03-12,282.7719421386719
2023-03-13,284.8690185546875
2023-03-14,291.4152526855469
2023-03-15,292.9440612792969
2023-03-16,300.6662292480469
2023-03-17,299.2453308105469
2023-03-18,299.2453308105469
2023-03-19,299.2453308105469
2023-03-20,300.3072204589844
2023-03-21,304.59637451171875
2023-03-22,300.4544982910156
2023-03-23,304.0173034667969
2023-03-24,305.13629150390625
2023-03-25,305.13629150390625
2023-03-26,305.13629150390625
2023-03-27,303.0456848144531
2023-03-28,301.4359741210937
2023-03-29,306.932373046875
2023-03-30,309.8375244140625
2023-03-31,314.99041748046875
2023-04-01,314.99041748046875
2023-04-02,314.99041748046875
2023-04-03,314.224853515625
2023-04-04,313.16485595703125
2023-04-05,310.0731506347656
2023-04-06,312.1636962890625
2023-04-07,312.1636962890625
2023-04-08,312.1636962890625
2023-04-09,312.1636962890625
2023-04-10,311.987060546875
2023-04-11,309.9847717285156
2023-04-12,307.2464599609375
2023-04-13,313.262939453125
2023-04-14,312.674072265625
2023-04-15,312.674072265625
2023-04-16,312.674072265625
2023-04-17,312.93902587890625
2023-04-18,312.9587097167969
2023-04-19,312.8114318847656
2023-04-20,310.4264831542969
2023-04-21,310.75030517578125
2023-04-22,310.75030517578125
2023-04-23,310.75030517578125
2023-04-24,310.10260009765625
2023-04-25,304.2528991699219
2023-04-26,306.0981140136719
2023-04-27,314.42120361328125
2023-04-28,316.5902709960937
2023-04-29,316.5902709960937
2023-04-30,316.5902709960937
2023-05-01,316.22711181640625
2023-05-02,313.4691162109375
2023-05-03,311.41778564453125
2023-05-04,310.31854248046875
2023-05-05,316.9141845703125
2023-05-06,316.9141845703125
2023-05-07,316.9141845703125
2023-05-08,317.69927978515625
2023-05-09,315.687255859375
2023-05-10,319.1224975585937
2023-05-11,320.162841796875
2023-05-12,319.0144958496094
2023-05-13,319.0144958496094
2023-05-14,319.0144958496094
2023-05-15,320.741943359375
2023-05-16,321.1050720214844
2023-05-17,324.9918212890625
2023-05-18,331.02801513671875
2023-05-19,330.2820129394531
2023-05-20,330.2820129394531
2023-05-21,330.2820129394531
2023-05-22,331.3911437988281
2023-05-23,327.1903686523437
2023-05-24,325.51202392578125
2023-05-25,333.4326171875
2023-05-26,341.95196533203125
2023-05-27,341.95196533203125
2023-05-28,341.95196533203125
2023-05-29,341.95196533203125
2023-05-30,343.5027770996094
2023-05-31,341.5495910644531
2023-06-01,345.49517822265625
2023-06-02,348.0863342285156
2023-06-03,348.0863342285156
2023-06-04,348.0863342285156
2023-06-05,348.3316955566406
2023-06-06,348.2727966308594
2023-06-07,342.3642883300781
2023-06-08,346.61407470703125
2023-06-09,347.9390869140625
2023-06-10,347.9390869140625
2023-06-11,347.9390869140625
2023-06-12,353.8182678222656
2023-06-13,356.5369873046875
2023-06-14,359.1281433105469
2023-06-15,363.4074096679688
2023-06-16,361.12054443359375
2023-06-17,361.12054443359375
2023-06-18,361.12054443359375
2023-06-19,361.12054443359375
2023-06-20,360.6036071777344
2023-06-21,355.6893920898437
2023-06-22,359.8861389160156
2023-06-23,356.31842041015625
2023-06-24,356.31842041015625
2023-06-25,356.31842041015625
2023-06-26,351.5418395996094
2023-06-27,357.5862731933594
2023-06-28,358.2840270996094
2023-06-29,357.5666198730469
2023-06-30,363.080322265625
2023-07-01,363.080322265625
2023-07-02,363.080322265625
2023-07-03,363.9354248046875
2023-07-04,363.9354248046875
2023-07-05,363.9255981445313
2023-07-06,361.1539611816406
2023-07-07,359.9549255371094
2023-07-08,359.9549255371094
2023-07-09,359.9549255371094
2023-07-10,360.0728759765625
2023-07-11,361.851806640625
2023-07-12,366.42193603515625
2023-07-13,372.643310546875
2023-07-14,372.5647583007813
2023-07-15,372.5647583007813
2023-07-16,372.5647583007813
2023-07-17,376.0439453125
2023-07-18,379.1202697753906
2023-07-19,379.0317993164063
2023-07-20,370.2944030761719
2023-07-21,369.1837158203125
2023-07-22,369.1837158203125
2023-07-23,369.1837158203125
2023-07-24,369.7734680175781
2023-07-25,372.2796630859375
2023-07-26,371.0412902832031
2023-07-27,370.1567993164063
2023-07-28,376.8990173339844
2023-07-29,376.8990173339844
2023-07-30,376.8990173339844
2023-07-31,377.09564208984375
2023-08-01,376.2208862304688
2023-08-02,367.965087890625
2023-08-03,367.3753967285156
2023-08-04,365.6553955078125
2023-08-05,365.6553955078125
2023-08-06,365.6553955078125
2023-08-07,368.7512817382813
2023-08-08,365.6160888671875
2023-08-09,361.5962829589844
2023-08-10,362.26458740234375
2023-08-11,359.9549255371094
2023-08-12,359.9549255371094
2023-08-13,359.9549255371094
2023-08-14,363.9943542480469
2023-08-15,360.1317749023437
2023-08-16,356.31842041015625
2023-08-17,352.4263000488281
2023-08-18,351.984130859375
2023-08-19,351.984130859375
2023-08-20,351.984130859375
2023-08-21,357.655029296875
2023-08-22,357.1440124511719
2023-08-23,362.7756652832031
2023-08-24,355.02105712890625
2023-08-25,357.7730407714844
2023-08-26,357.7730407714844
2023-08-27,357.7730407714844
2023-08-28,360.4660034179688
2023-08-29,368.3385314941406
2023-08-30,370.39263916015625
2023-08-31,371.5032653808594
2023-09-01,371.110107421875
2023-09-02,371.110107421875
2023-09-03,371.110107421875
2023-09-04,371.110107421875
2023-09-05,371.58197021484375
2023-09-06,368.30902099609375
2023-09-07,365.675048828125
2023-09-08,366.1860656738281
2023-09-09,366.1860656738281
2023-09-10,366.1860656738281
2023-09-11,370.500732421875
2023-09-12,366.3925476074219
2023-09-13,367.78814697265625
2023-09-14,370.7956237792969
2023-09-15,364.4464416503906
2023-09-16,364.4464416503906
2023-09-17,364.4464416503906
2023-09-18,364.8263854980469
2023-09-19,364.04888916015625
2023-09-20,358.8026733398437
2023-09-21,352.2279052734375
2023-09-22,352.2770690917969
2023-09-23,352.2770690917969
2023-09-24,352.2770690917969
2023-09-25,353.9502868652344
2023-09-26,348.63525390625
2023-09-27,349.4522705078125
2023-09-28,352.3754577636719
2023-09-29,352.6314392089844
2023-09-30,352.6314392089844
2023-10-01,352.6314392089844
2023-10-02,355.5743713378906
2023-10-03,349.33416748046875
2023-10-04,354.08807373046875
2023-10-05,353.04473876953125
2023-10-06,358.9602355957031
2023-10-07,358.9602355957031
2023-10-08,358.9602355957031
2023-10-09,360.7909240722656
2023-10-10,362.7889709472656
2023-10-11,365.3775634765625
2023-10-12,364.1079406738281
2023-10-13,359.531005859375
2023-10-14,359.531005859375
2023-10-15,359.531005859375
2023-10-16,363.5960693359375
2023-10-17,362.4051513671875
2023-10-18,357.65106201171875
2023-10-19,354.3046264648437
2023-10-20,349.0191345214844
2023-10-21,349.0191345214844
2023-10-22,349.0191345214844
2023-10-23,350.07232666015625
2023-10-24,353.47784423828125
2023-10-25,344.82623291015625
2023-10-26,338.2514038085937
2023-10-27,339.8753967285156
2023-10-28,339.8753967285156
2023-10-29,339.8753967285156
2023-10-30,343.70416259765625
2023-10-31,345.3478698730469
2023-11-01,351.34197998046875
2023-11-02,357.7200622558594
2023-11-03,361.92279052734375
2023-11-04,361.92279052734375
2023-11-05,361.92279052734375
2023-11-06,363.3992309570313
2023-11-07,366.8342895507813
2023-11-08,367.0704650878906
2023-11-09,364.2457275390625
2023-11-10,372.4346923828125
2023-11-11,372.4346923828125
2023-11-12,372.4346923828125
2023-11-13,371.2733154296875
2023-11-14,379.2655029296875
2023-11-15,379.5509643554688
2023-11-16,379.8757934570313
2023-11-17,379.96435546875
2023-11-18,379.96435546875
2023-11-19,379.96435546875
2023-11-20,384.5903625488281
2023-11-21,382.3561706542969
2023-11-22,383.9210815429688
2023-11-23,383.9210815429688
2023-11-24,383.3797607421875
2023-11-25,383.3797607421875
2023-11-26,383.3797607421875
2023-11-27,383.045166015625
2023-11-28,384.0490417480469
2023-11-29,383.6749877929688
2023-11-30,382.71044921875
2023-12-01,383.8030090332031
2023-12-02,383.8030090332031
2023-12-03,383.8030090332031
2023-12-04,380.2399291992188
2023-12-05,381.1946411132813
2023-12-06,378.9899291992188
2023-12-07,384.28521728515625
2023-12-08,385.9978942871094
2023-12-09,385.9978942871094
2023-12-10,385.9978942871094
2023-12-11,389.2951354980469
2023-12-12,392.39556884765625
2023-12-13,397.3857116699219
2023-12-14,397.0412902832031
2023-12-15,398.9605712890625
2023-12-16,398.9605712890625
2023-12-17,398.9605712890625
2023-12-18,401.47357177734375
2023-12-19,403.52484130859375
2023-12-20,397.5285949707031
2023-12-21,402.1539916992188
2023-12-22,402.7555847167969
2023-12-23,402.7555847167969
2023-12-24,402.7555847167969
2023-12-25,402.7555847167969
2023-12-26,405.2212219238281
2023-12-27,406.0460815429688
2023-12-28,405.8487243652344
2023-12-29,404.0923461914063
2023-12-30,404.0923461914063
2023-12-31,404.0923461914063
2024-01-01,404.0923461914063
2024-01-02,397.2542419433594
2024-01-03,393.0506896972656
2024-01-04,391.02777099609375
2024-01-05,391.49163818359375
2024-01-06,391.49163818359375
2024-01-07,391.49163818359375
2024-01-08,399.58294677734375
2024-01-09,400.372314453125
2024-01-10,403.08587646484375
2024-01-11,403.924560546875
2024-01-12,404.1318054199219
2024-01-13,404.1318054199219
2024-01-14,404.1318054199219
2024-01-15,404.1318054199219
2024-01-16,404.0923461914063
2024-01-17,401.8129577636719
2024-01-18,407.516357421875
2024-01-19,415.5977783203125
2024-01-20,415.5977783203125
2024-01-21,415.5977783203125
2024-01-22,416.1405334472656
2024-01-23,417.8673400878906
2024-01-24,420.1861877441406
2024-01-25,420.69927978515625
2024-01-26,418.1929321289063
2024-01-27,418.1929321289063
2024-01-28,418.1929321289063
2024-01-29,422.4754028320313
2024-01-30,419.6632385253906
2024-01-31,411.4435729980469
2024-02-01,416.28851318359375
2024-02-02,423.3240966796875
2024-02-03,423.3240966796875
2024-02-04,423.3240966796875
2024-02-05,422.771484375
2024-02-06,421.9228820800781
2024-02-07,426.2645568847656
2024-02-08,427.0539245605469
2024-02-09,431.2573852539063
2024-02-10,431.2573852539063
2024-02-11,431.2573852539063
2024-02-12,429.5701599121094
2024-02-13,422.8700866699219
2024-02-14,427.4782409667969
2024-02-15,428.7511596679688
2024-02-16,424.86334228515625
2024-02-17,424.86334228515625
2024-02-18,424.86334228515625
2024-02-19,424.86334228515625
2024-02-20,421.656494140625
2024-02-21,419.9690856933594
2024-02-22,432.2639770507813
2024-02-23,430.9910278320313
2024-02-24,430.9910278320313
2024-02-25,430.9910278320313
2024-02-26,430.7640686035156
2024-02-27,431.8002014160156
2024-02-28,429.5010681152344
2024-02-29,433.1816101074219
2024-03-01,439.7039794921875
2024-03-02,439.7039794921875
2024-03-03,439.7039794921875
2024-03-04,438.1350708007813
2024-03-05,430.2706909179688
2024-03-06,432.9744262695313
2024-03-07,439.546142578125
2024-03-08,433.2013549804688
2024-03-09,433.2013549804688
2024-03-10,433.2013549804688
2024-03-11,431.5929870605469
2024-03-12,437.7799072265625
2024-03-13,434.41510009765625
2024-03-14,433.3197937011719
2024-03-15,428.1689758300781
2024-03-16,428.1689758300781
2024-03-17,428.1689758300781
2024-03-18,432.2525329589844
2024-03-19,433.3295593261719
2024-03-20,438.4674377441406
2024-03-21,440.5423278808594
2024-03-22,441.0462646484375
2024-03-23,441.0462646484375
2024-03-24,441.0462646484375
2024-03-25,439.4456176757813
2024-03-26,438.0227355957031
2024-03-27,439.5147399902344
2024-03-28,438.70458984375
2024-03-29,438.70458984375
2024-03-30,438.70458984375
2024-03-31,438.70458984375
2024-04-01,439.6333312988281
2024-04-02,435.8392028808594
2024-04-03,436.8173522949219
2024-04-04,430.13812255859375
2024-04-05,435.2068481445313
2024-04-06,435.2068481445313
2024-04-07,435.2068481445313
2024-04-08,435.3352661132813
2024-04-09,436.9458312988281
2024-04-10,433.1319580078125
2024-04-11,440.0483093261719
2024-04-12,433.0331726074219
2024-04-13,433.0331726074219
2024-04-14,433.0331726074219
2024-04-15,425.9092712402344
2024-04-16,425.9488220214844
2024-04-17,420.7516784667969
2024-04-18,418.3507080078125
2024-04-19,409.69537353515625
2024-04-20,409.69537353515625
2024-04-21,409.69537353515625
2024-04-22,413.8155517578125
2024-04-23,419.9908752441406
2024-04-24,421.4136657714844
2024-04-25,419.3783264160156
2024-04-26,425.85003662109375
2024-04-27,425.85003662109375
2024-04-28,425.85003662109375
2024-04-29,427.5791015625
2024-04-30,419.5166320800781
2024-05-01,416.4832763671875
2024-05-02,421.7989807128906
2024-05-03,430.2765502929688
2024-05-04,430.2765502929688
2024-05-05,430.2765502929688
2024-05-06,434.9895324707031
2024-05-07,435.05865478515625
2024-05-08,434.8017578125
2024-05-09,435.7502746582031
2024-05-10,436.7778625488281
2024-05-11,436.7778625488281
2024-05-12,436.7778625488281
2024-05-13,437.78564453125
2024-05-14,440.6015625
2024-05-15,447.4883117675781
2024-05-16,446.579345703125
2024-05-17,446.3619689941406
2024-05-18,446.3619689941406
2024-05-19,446.3619689941406
2024-05-20,449.4743041992188
2024-05-21,450.3536682128906
2024-05-22,450.2647399902344
2024-05-23,448.2392578125
2024-05-24,452.47796630859375
2024-05-25,452.47796630859375
2024-05-26,452.47796630859375
2024-05-27,452.47796630859375
2024-05-28,454.1873168945313
2024-05-29,450.9860534667969
2024-05-30,446.1544494628906
2024-05-31,445.3244934082031
2024-06-01,445.3244934082031
2024-06-02,445.3244934082031
2024-06-03,447.7156066894531
2024-06-04,448.9407958984375
2024-06-05,457.9913024902344
2024-06-06,457.833251953125
2024-06-07,457.42816162109375
2024-06-08,457.42816162109375
2024-06-09,457.42816162109375
2024-06-10,459.2757873535156
2024-06-11,462.42767333984375
2024-06-12,468.4844055175781
2024-06-13,471.0237426757813
2024-06-14,473.4641723632813
2024-06-15,473.4641723632813
2024-06-16,473.4641723632813
2024-06-17,479.2640686035156
2024-06-18,479.4122314453125
2024-06-19,479.4122314453125
2024-06-20,475.7169799804688
2024-06-21,474.4423828125
2024-06-22,474.4423828125
2024-06-23,474.4423828125
2024-06-24,469.041015625
2024-06-25,474.40472412109375
2024-06-26,475.3844909667969
2024-06-27,476.6115417480469
2024-06-28,474.1375427246094
2024-06-29,474.1375427246094
2024-06-30,474.1375427246094
2024-07-01,476.9183654785156
2024-07-02,481.9258728027344
2024-07-03,485.9437561035156
2024-07-04,485.9437561035156
2024-07-05,491.0106201171875
2024-07-06,491.0106201171875
2024-07-07,491.0106201171875
2024-07-08,492.1784057617188
2024-07-09,492.6038818359375
2024-07-10,497.7400512695313
2024-07-11,486.8244934082031
2024-07-12,489.6844787597656
2024-07-13,489.6844787597656
2024-07-14,489.6844787597656
2024-07-15,491.000732421875
2024-07-16,491.1887512207031
2024-07-17,476.7699279785156
2024-07-18,474.51361083984375
2024-07-19,470.30767822265625
2024-07-20,470.30767822265625
2024-07-21,470.30767822265625
2024-07-22,477.3142395019531
2024-07-23,475.63189697265625
2024-07-24,458.5708312988281
2024-07-25,453.5137939453125
2024-07-26,458.1650695800781
2024-07-27,458.1650695800781
2024-07-28,458.1650695800781
2024-07-29,459.08544921875
2024-07-30,452.781494140625
2024-07-31,466.1810302734375
2024-08-01,454.889404296875
2024-08-02,444.0926818847656
2024-08-03,444.0926818847656
2024-08-04,444.0926818847656
2024-08-05,430.8515319824219
2024-08-06,434.9683532714844
2024-08-07,430.25775146484375
2024-08-08,443.4197082519531
2024-08-09,445.7354431152344
2024-08-10,445.7354431152344
2024-08-11,445.7354431152344
2024-08-12,446.69537353515625
2024-08-13,457.7790832519531
2024-08-14,457.9276123046875
2024-08-15,469.4962158203125
2024-08-16,470.0998840332031
2024-08-17,470.0998840332031
2024-08-18,470.0998840332031
2024-08-19,476.275146484375
2024-08-20,475.275634765625
2024-08-21,477.4923706054688
2024-08-22,469.9217834472656
2024-08-23,475.018310546875
2024-08-24,475.018310546875
2024-08-25,475.018310546875
2024-08-26,470.40667724609375
2024-08-27,471.8119201660156
2024-08-28,466.4580993652344
2024-08-29,465.7752380371094
2024-08-30,471.3269653320313
2024-08-31,471.3269653320313
2024-09-01,471.3269653320313
2024-09-02,471.3269653320313
2024-09-03,457.0170593261719
2024-09-04,455.8295593261719
2024-09-05,456.2551574707031
2024-09-06,444.0332946777344
2024-09-07,444.0332946777344
2024-09-08,444.0332946777344
2024-09-09,449.7433776855469
2024-09-10,453.8997802734375
2024-09-11,463.7564086914063
2024-09-12,468.30865478515625
2024-09-13,470.40667724609375
2024-09-14,470.40667724609375
2024-09-15,470.40667724609375
2024-09-16,468.3284301757813
2024-09-17,468.5758666992188
2024-09-18,466.5471496582031
2024-09-19,478.3434448242188
2024-09-20,477.43304443359375
2024-09-21,477.43304443359375
2024-09-22,477.43304443359375
2024-09-23,478.6985168457031
2024-09-24,481.007568359375
2024-09-25,481.4535217285156
2024-09-26,485.07073974609375
2024-09-27,482.3751831054688
2024-09-28,482.3751831054688
2024-09-29,482.3751831054688
2024-09-30,483.6833190917969
2024-10-01,476.9444274902344
2024-10-02,477.6183471679688
2024-10-03,477.2615661621094
2024-10-04,482.9400329589844
2024-10-05,482.9400329589844
2024-10-06,482.9400329589844
2024-10-07,477.7669677734375
2024-10-08,484.9022216796875
2024-10-09,488.7176513671875
2024-10-10,488.1626586914063
2024-10-11,488.9257507324219
2024-10-12,488.9257507324219
2024-10-13,488.9257507324219
2024-10-14,493.0285339355469
2024-10-15,486.4383544921875
2024-10-16,486.497802734375
2024-10-17,486.8347473144531
2024-10-18,490.0257568359375
2024-10-19,490.0257568359375
2024-10-20,490.0257568359375
2024-10-21,490.96722412109375
2024-10-22,491.5024108886719
2024-10-23,483.9707336425781
2024-10-24,487.8950805664063
2024-10-25,490.8681335449219
2024-10-26,490.8681335449219
2024-10-27,490.8681335449219
2024-10-28,490.9474487304688
2024-10-29,495.6646728515625
2024-10-30,491.9186096191406
2024-10-31,479.5012512207031
2024-11-01,483.0491027832031
2024-11-02,483.0491027832031
2024-11-03,483.0491027832031
2024-11-04,481.6418151855469
2024-11-05,487.78607177734375
2024-11-06,501.035888671875
2024-11-07,508.9243469238281
2024-11-08,509.5190124511719
2024-11-09,509.5190124511719
2024-11-10,509.5190124511719
2024-11-11,509.2217102050781
2024-11-12,508.2999877929688
2024-11-13,507.6460266113281
2024-11-14,504.1180114746094
2024-11-15,492.10693359375
2024-11-16,492.10693359375
2024-11-17,492.10693359375
2024-11-18,495.5259094238281
2024-11-19,498.9349365234375
2024-11-20,498.6476135253906
2024-11-21,500.44134521484375
2024-11-22,501.2440490722656
2024-11-23,501.2440490722656
2024-11-24,501.2440490722656
2024-11-25,502.0368347167969
2024-11-26,504.73236083984375
2024-11-27,500.7584228515625
2024-11-28,500.7584228515625
2024-11-29,505.1585693359375
2024-11-30,505.1585693359375
2024-12-01,505.1585693359375
2024-12-02,510.6585693359375
2024-12-03,512.2244262695312
2024-12-04,518.5570678710938
2024-12-05,517.1199951171875
2024-12-06,521.748046875
2024-12-07,521.748046875
2024-12-08,521.748046875
2024-12-09,517.6849365234375
2024-12-10,515.9208984375
2024-12-11,525.1570434570312
2024-12-12,521.7678833007812
2024-12-13,525.7617797851562
2024-12-14,525.7617797851562
2024-12-15,525.7617797851562
2024-12-16,533.3330078125
2024-12-17,530.9842529296875
2024-12-18,511.8279724121094
2024-12-19,509.5487365722656
2024-12-20,513.9984130859375
2024-12-21,513.9984130859375
2024-12-22,513.9984130859375
2024-12-23,519.0060424804688
2024-12-24,526.0437622070312
2024-12-25,526.0437622070312
2024-12-26,525.6863403320312
2024-12-27,518.6984252929688
2024-12-28,518.6984252929688
2024-12-29,518.6984252929688
2024-12-30,511.7998352050781
2024-12-31,507.45208740234375
2025-01-01,507.45208740234375
2025-01-02,506.4595031738281
2025-01-03,514.7477416992188
2025-01-04,514.7477416992188
2025-01-05,514.7477416992188
2025-01-06,520.6636962890625
2025-01-07,511.3728942871094
2025-01-08,511.4623107910156
2025-01-09,511.4623107910156
2025-01-10,503.4419250488281
2025-01-11,503.4419250488281
2025-01-12,503.4419250488281
2025-01-13,501.8240051269531
2025-01-14,501.3475646972656
2025-01-15,512.8816528320312
2025-01-16,509.2884826660156
2025-01-17,517.884521484375
2025-01-18,517.884521484375
2025-01-19,517.884521484375
2025-01-20,517.884521484375
2025-01-21,520.9218139648438
2025-01-22,527.5821533203125
2025-01-23,528.703857421875
2025-01-24,525.7161865234375
2025-01-25,525.7161865234375
2025-01-26,525.7161865234375
2025-01-27,510.41009521484375
2025-01-28,517.953857421875
2025-01-29,516.981201171875
2025-01-30,519.1847534179688
2025-01-31,518.4302978515625
2025-02-01,518.4302978515625
2025-02-02,518.4302978515625
2025-02-03,514.28125
2025-02-04,520.59423828125
2025-02-05,522.9566650390625
2025-02-06,525.6863403320312
2025-02-07,519.0557250976562
2025-02-08,519.0557250976562
2025-02-09,519.0557250976562
2025-02-10,525.3389892578125
2025-02-11,524.0883178710938
2025-02-12,524.3959350585938
2025-02-13,531.9398193359375
2025-02-14,534.1731567382812
2025-02-15,534.1731567382812
2025-02-16,534.1731567382812
2025-02-17,534.1731567382812
2025-02-18,535.3840942382812
2025-02-19,535.5330200195312
2025-02-20,533.2598876953125
2025-02-21,522.1923828125
2025-02-22,522.1923828125
2025-02-23,522.1923828125
2025-02-24,516.0282592773438
2025-02-25,509.5266723632813
2025-02-26,510.7574462890625
2025-02-27,496.5730590820313
2025-02-28,504.4147033691406
2025-03-01,504.4147033691406
2025-03-02,504.4147033691406
2025-03-03,493.37689208984375
2025-03-04,491.8879699707031
2025-03-05,498.3002624511719
2025-03-06,484.59228515625
2025-03-07,488.15576171875
2025-03-08,488.15576171875
2025-03-09,488.15576171875
2025-03-10,469.2366333007813
2025-03-11,468.114990234375
2025-03-12,473.3957214355469
2025-03-13,464.8791198730469
2025-03-14,476.1153869628906
2025-03-15,476.1153869628906
2025-03-16,476.1153869628906
2025-03-17,479.2024230957031
2025-03-18,471.03326416015625
2025-03-19,477.3363342285156
2025-03-20,475.7183837890625
2025-03-21,477.2867126464844
2025-03-22,477.2867126464844
2025-03-23,477.2867126464844
2025-03-24,487.7604370117188
2025-03-25,490.5438537597656
2025-03-26,481.5175476074219
2025-03-27,478.7738342285156
2025-03-28,466.1687927246094
2025-03-29,466.1687927246094
2025-03-30,466.1687927246094
2025-03-31,466.1488952636719
2025-04-01,469.9065551757813
2025-04-02,473.3361511230469
2025-04-03,447.9967956542969
2025-04-04,420.1721801757813
2025-04-05,420.1721801757813
2025-04-06,420.1721801757813
2025-04-07,421.1861877441406
2025-04-08,413.6012573242188
2025-04-09,463.24615478515625
2025-04-10,443.5432434082031
2025-04-11,451.7146606445313
2025-04-12,451.7146606445313
2025-04-13,451.7146606445313
2025-04-14,454.7764892578125
2025-04-15,455.2835083007813
2025-04-16,441.55511474609375
2025-04-17,441.4755859375
2025-04-18,441.4755859375
2025-04-19,441.4755859375
2025-04-20,441.4755859375
2025-04-21,430.5504760742188
2025-04-22,441.8533630371094
2025-04-23,451.8737487792969
2025-04-24,464.5881958007813
2025-04-25,469.7673950195313
2025-04-26,469.7673950195313
2025-04-27,469.7673950195313
2025-04-28,469.6182556152344
2025-04-29,472.7198486328125
2025-04-30,472.6601867675781
2025-05-01,478.8334655761719
2025-05-02,485.9411926269531
2025-05-03,485.9411926269531
2025-05-04,485.9411926269531
2025-05-05,483.058349609375
2025-05-06,478.5650939941406
2025-05-07,480.4438781738281
2025-05-08,485.4044189453125
2025-05-09,485.0863037109375
2025-05-10,485.0863037109375
2025-05-11,485.0863037109375
2025-05-12,504.8488159179688
2025-05-13,512.5430908203125
2025-05-14,515.6148681640625
2025-05-15,516.181396484375
2025-05-16,518.4281005859375
2025-05-17,518.4281005859375
2025-05-18,518.4281005859375
2025-05-19,518.9251708984375
2025-05-20,517.1954345703125
2025-05-21,510.0081787109375
2025-05-22,510.9625549316406
2025-05-23,506.2306213378906
2025-05-24,506.2306213378906
2025-05-25,506.2306213378906
2025-05-26,506.2306213378906
2025-05-27,518.1397705078125
2025-05-28,515.8434448242188
2025-05-29,516.857421875
2025-05-30,516.0422973632812
2025-05-31,516.0422973632812
2025-06-01,516.0422973632812
2025-06-02,520.1181030273438
2025-06-03,524.183837890625
2025-06-04,525.645263671875
2025-06-05,521.688720703125
2025-06-06,526.788330078125
2025-06-07,526.788330078125
2025-06-08,526.788330078125
2025-06-09,527.5638427734375
2025-06-10,531.0531005859375
2025-06-11,529.263671875
2025-06-12,530.5062866210938
2025-06-13,523.8458862304688
2025-06-14,523.8458862304688
2025-06-15,523.8458862304688
2025-06-16,531.1325073242188
2025-06-17,525.9534301757812
2025-06-18,525.8638305664062
2025-06-19,525.8638305664062
2025-06-20,523.7166748046875
2025-06-21,523.7166748046875
2025-06-22,523.7166748046875
2025-06-23,529.1017456054688
2025-06-24,537.1928100585938
2025-06-25,538.5660400390625
2025-06-26,543.6018676757812
2025-06-27,545.4629516601562
2025-06-28,545.4629516601562
2025-06-29,545.4629516601562
2025-06-30,548.9959106445312
2025-07-01,544.3682250976562
2025-07-02,548.159912109375
2025-07-03,553.553955078125
2025-07-04,553.553955078125
2025-07-05,553.553955078125
2025-07-06,553.553955078125
2025-07-07,549.3840942382812
2025-07-08,549.6925659179688
2025-07-09,553.5838012695312
2025-07-10,552.7877197265625
2025-07-11,551.5436401367188
2025-07-12,551.5436401367188
2025-07-13,551.5436401367188
2025-07-14,553.5440673828125
2025-07-15,554.051513671875
2025-07-16,554.6188354492188
2025-07-17,559.1072387695312
2025-07-18,558.56982421875
2025-07-19,558.56982421875
2025-07-20,558.56982421875
2025-07-21,561.4658813476562
2025-07-22,558.559814453125
2025-07-23,561.1075439453125
2025-07-24,562.3018188476562
2025-07-25,563.6552734375
2025-07-26,563.6552734375
2025-07-27,563.6552734375
2025-07-28,565.4169311523438
2025-07-29,564.541015625
2025-07-30,565.2974243164062
2025-07-31,562.3018188476562
2025-08-01,551.2252197265625
2025-08-02,551.2252197265625
2025-08-03,551.2252197265625
2025-08-04,561.3961181640625
2025-08-05,557.5845947265625
2025-08-06,564.6007690429688
2025-08-07,566.5115356445312
2025-08-08,571.7960815429688
2025-08-09,571.7960815429688
2025-08-10,571.7960815429688
2025-08-11,570.104248046875
2025-08-12,577.2697143554688
2025-08-13,577.5584106445312
2025-08-14,577.1105346679688
2025-08-15,574.57275390625
2025-08-16,574.57275390625
2025-08-17,574.57275390625
2025-08-18,574.3438720703125
2025-08-19,566.5513916015625
2025-08-20,563.1876220703125
2025-08-21,560.5802001953125
2025-08-22,569.2284545898438
2025-08-23,569.2284545898438
2025-08-24,569.2284545898438
2025-08-25,567.5864868164062
2025-08-26,569.8653564453125
2025-08-27,570.7412109375
2025-08-28,574.3140258789062
2025-08-29,567.666015625
2025-08-30,567.666015625
2025-08-31,567.666015625
2025-09-01,567.666015625
2025-09-02,562.908935546875
2025-09-03,567.3375854492188
2025-09-04,572.4728393554688
2025-09-05,573.298828125
2025-09-06,573.298828125
2025-09-07,573.298828125
2025-09-08,576.0953979492188
2025-09-09,577.7275390625
2025-09-10,577.9166870117188
2025-09-11,581.2804565429688
2025-09-12,583.8480224609375
2025-09-13,583.8480224609375
2025-09-14,583.8480224609375
2025-09-15,588.843994140625
2025-09-16,588.3463745117188
2025-09-17,587.1720581054688
2025-09-18,592.466552734375
2025-09-19,596.4772338867188
2025-09-20,596.4772338867188
2025-09-21,596.4772338867188
2025-09-22,600.0083618164062
2025-09-23,596.0228881835938
2025-09-24,593.9305419921875
2025-09-25,591.3699951171875
2025-09-26,593.8009643554688
2025-09-27,593.8009643554688
2025-09-28,593.8009643554688
2025-09-29,596.5509643554688
2025-09-30,598.18505859375
2025-10-01,601.0545043945312
2025-10-02,603.5254516601562
2025-10-03,600.9848022460938
2025-10-04,600.9848022460938
2025-10-05,600.9848022460938
2025-10-06,605.498291015625
2025-10-07,602.3099365234375
2025-10-08,609.2147216796875
2025-10-09,608.4774780273438
2025-10-10,587.3545532226562
2025-10-11,587.3545532226562
2025-10-12,587.3545532226562
2025-10-13,599.8190307617188
2025-10-14,595.8236694335938
2025-10-15,600.0283203125
2025-10-16,597.8064575195312
2025-10-17,601.7320556640625
2025-10-18,601.7320556640625
2025-10-19,601.7320556640625
2025-10-20,609.3143310546875
2025-10-21,609.1549682617188
2025-10-22,603.286376953125
2025-10-23,608.3578491210938
2025-10-24,614.8540649414062
2025-10-25,614.8540649414062
2025-10-26,614.8540649414062
2025-10-27,625.80419921875
2025-10-28,630.6165161132812
2025-10-29,633.4561767578125
2025-10-30,623.7715454101562
2025-10-31,626.7805786132812
2025-11-01,626.7805786132812
2025-11-02,626.7805786132812
2025-11-03,629.7796020507812
2025-11-04,616.996337890625
2025-11-05,621.0116577148438
2025-11-06,609.4439086914062
2025-11-07,607.5208740234375
2025-11-08,607.5208740234375
2025-11-09,607.5208740234375
2025-11-10,620.9617919921875
2025-11-11,619.307861328125
2025-11-12,618.8196411132812
2025-11-13,606.185791015625
2025-11-14,606.6441040039062
2025-11-15,606.6441040039062
2025-11-16,606.6441040039062
2025-11-17,601.4630737304688
2025-11-18,594.1397705078125
2025-11-19,597.6868286132812
2025-11-20,583.5385131835938
2025-11-21,587.9224853515625
2025-11-22,587.9224853515625
2025-11-23,587.9224853515625
2025-11-24,602.9575805664062
2025-11-25,606.674072265625
2025-11-26,612.034423828125
2025-11-27,612.034423828125
2025-11-28,616.996337890625
2025-11-29,616.996337890625
2025-11-30,616.996337890625
2025-12-01,614.923828125
2025-12-02,619.7362670898438
2025-12-03,621.2507934570312
2025-12-04,620.6728515625
2025-12-05,623.2036743164062
2025-12-06,623.2036743164062
2025-12-07,623.2036743164062
2025-12-08,622.0079956054688
2025-12-09,622.775146484375
2025-12-10,625.3258666992188
2025-12-11,623.3033447265625
2025-12-12,611.3867797851562
2025-12-13,611.3867797851562
2025-12-14,611.3867797851562
2025-12-15,608.3179931640625
2025-12-16,609.5235595703125
2025-12-17,598.224853515625
2025-12-18,606.8931884765625
2025-12-19,614.8043212890625
2025-12-20,614.8043212890625
2025-12-21,614.8043212890625
2025-12-22,617.7513427734375
2025-12-23,620.6444702148438
2025-12-24,622.4602661132812
2025-12-25,622.4602661132812
2025-12-26,622.4202880859375
2025-12-27,622.4202880859375
2025-12-28,622.4202880859375
2025-12-29,619.4074096679688
2025-12-30,617.9707641601562
2025-12-31,612.8628540039062
2026-01-01,612.8628540039062
2026-01-02,611.6757202148438
2026-01-03,611.6757202148438
2026-01-04,611.6757202148438
2026-01-05,616.5341796875
2026-01-06,621.951416015625
2026-01-07,622.550048828125
2026-01-08,619.0083618164062
2026-01-09,625.173828125
2026-01-10,625.173828125
2026-01-11,625.173828125
2026-01-12,625.6925659179688
2026-01-13,624.7647705078125
2026-01-14,618.0905151367188
2026-01-15,620.3153076171875
2026-01-16,619.7965087890625
2026-01-17,619.7965087890625
2026-01-18,619.7965087890625
2026-01-19,619.7965087890625
2026-01-20,606.6276245117188
2026-01-21,614.8282470703125
2026-01-22,619.2976684570312
2026-01-23,621.2530517578125
2026-01-24,621.2530517578125
2026-01-25,621.2530517578125
2026-01-26,623.9866333007812
2026-01-27,629.6432495117188
2026-01-28,631.7283325195312
2026-01-29,627.947265625
2026-01-30,620.4050903320312
2026-01-31,620.4050903320312
2026-02-01,620.4050903320312
2026-02-02,624.6650390625
2026-02-03,615.0676879882812
2026-02-04,604.3230590820312
2026-02-05,595.6236572265625
2026-02-06,608.2138671875
2026-02-07,608.2138671875
2026-02-08,608.2138671875
2026-02-09,612.8728637695312
2026-02-10,610.029541015625
2026-02-11,611.6657104492188
2026-02-12,599.22509765625
2026-02-13,600.5020751953125
2026-02-14,600.5020751953125
2026-02-15,600.5020751953125
2026-02-16,600.5020751953125
2026-02-17,599.8834838867188
2026-02-18,604.3629150390625
2026-02-19,602.0484008789062
2026-02-20,607.3758544921875
2026-02-21,607.3758544921875
2026-02-22,607.3758544921875
2026-02-23,599.9932250976562
2026-02-24,606.4380493164062
2026-02-25,615.227294921875
2026-02-26,607.8048095703125
2026-02-27,605.859375
2026-02-28,605.859375
2026-03-01,605.859375
2026-03-02,606.6575317382812
2026-03-03,600.1629028320312
2026-03-04,609.311279296875
2026-03-05,607.4755249023438
2026-03-06,598.337158203125
2026-03-07,598.337158203125
2026-03-08,598.337158203125
2026-03-09,606.3283081054688
2026-03-10,606.3383178710938
2026-03-11,606.2584838867188
2026-03-12,595.8530883789062
2026-03-13,592.3213500976562
2026-03-14,592.3213500976562
2026-03-15,592.3213500976562
2026-03-16,598.9656982421875
2026-03-17,601.8887939453125
2026-03-18,593.4986572265625
2026-03-19,591.623046875
2026-03-20,580.6888427734375
2026-03-21,580.6888427734375
2026-03-22,580.6888427734375
2026-03-23,587.3545532226562
2026-03-24,583.3389282226562
2026-03-25,587.1747436523438
2026-03-26,573.1600952148438
2026-03-27,561.9624633789062
2026-03-28,561.9624633789062
2026-03-29,561.9624633789062
2026-03-30,557.6671752929688
2026-03-31,576.54638671875
2026-04-01,583.6685791015625
2026-04-02,584.3378295898438
2026-04-03,584.3378295898438
2026-04-04,584.3378295898438
2026-04-05,584.3378295898438
2026-04-06,587.85400390625
2026-04-07,587.9439086914062
2026-04-08,605.4246826171875
2026-04-09,609.5202026367188
2026-04-10,610.3992309570312
2026-04-11,610.3992309570312
2026-04-12,610.3992309570312
2026-04-13,616.7122802734375
2026-04-14,627.909912109375
2026-04-15,636.7003173828125
2026-04-16,639.7669067382812
2026-04-17,648.1376953125
2026-04-18,648.1376953125
2026-04-19,648.1376953125
2026-04-20,646.0799560546875
2026-04-21,643.6226806640625
2026-04-22,654.390869140625
2026-04-23,650.7048950195312
2026-04-24,663.1512451171875
2026-04-25,663.1512451171875
2026-04-26,663.1512451171875
2026-04-27,663.5008544921875
2026-04-28,656.8281860351562
2026-04-29,660.84375
2026-04-30,667.0069580078125
2026-05-01,673.4099731445312
2026-05-02,673.4099731445312
2026-05-03,673.4099731445312
2026-05-04,672.141357421875
2026-05-05,680.8617553710938
2026-05-06,695.0062255859375
2026-05-07,694.1771240234375
2026-05-08,710.44921875
2026-05-09,710.44921875
2026-05-10,710.44921875
2026-05-11,712.5069580078125
2026-05-12,706.463623046875
2026-05-13,713.9254760742188
2026-05-14,718.9998168945312
2026-05-15,708.1517944335938
2026-05-16,708.1517944335938
2026-05-17,708.1517944335938
2026-05-18,705.1051025390625
2026-05-19,700.7599487304688
2026-05-20,712.3671875
2026-05-21,713.7256469726562
2026-05-22,716.7523193359375
2026-05-23,716.7523193359375
2026-05-24,716.7523193359375
2026-05-25,716.7523193359375
2026-05-26,729.4783935546875
2026-05-27,728.6492919921875
2026-05-28,734.79248046875
2026-05-29,737.49951171875
2026-05-30,737.49951171875
2026-05-31,737.49951171875
2026-06-01,741.9246826171875
2026-06-02,745.3408813476562
2026-06-03,743.39306640625
2026-06-04,739.7969970703125
2026-06-05,704.2860107421875
2026-06-06,704.2860107421875
2026-06-07,704.2860107421875
2026-06-08,715.283935546875
2026-06-09,707.052978515625
2026-06-10,692.9285278320312
2026-06-11,716.332763671875
2026-06-12,720.5481567382812
2026-06-13,720.5481567382812
2026-06-14,720.5481567382812
2026-06-15,743.1832885742188
2026-06-16,729.0587768554688
2026-06-17,721.7168579101562
2026-06-18,739.8070068359375
2026-06-19,739.8070068359375
2026-06-20,739.8070068359375
2026-06-21,739.8070068359375
2026-06-22,737.9500122070312
2026-06-23,713.6500244140625
2026-06-24,710.6199951171875
2026-06-25,716.3800048828125
2026-06-26,706.52001953125
2026-06-27,706.52001953125
2026-06-28,706.52001953125
2026-06-29,724.0800170898438
2026-06-30,736.4000244140625
2026-07-01,725.1699829101562
2026-07-02,712.5999755859375
2026-07-03,712.5999755859375
2026-07-04,712.5999755859375
2026-07-05,712.5999755859375
2026-07-06,722.8200073242188
2026-07-07,709.4299926757812
2026-07-08,711.4400024414062
2026-07-09,723.280029296875
2026-07-10,725.510009765625
2026-07-11,725.510009765625
2026-07-12,725.510009765625
2026-07-13,711.739990234375
2026-07-14,719.6900024414062
2026-07-15,717.739990234375
2026-07-16,705.9400024414062
2026-07-17,695.3300170898438
2026-07-18,695.3300170898438
2026-07-19,695.3300170898438
2026-07-20,696.0599975585938
2026-07-21,708.969970703125
2026-07-22,705.3499755859375
2026-07-23,691.9600219726562
2026-07-24,684.22998046875
2026-07-25,684.22998046875
2026-07-26,684.22998046875
2026-07-27,682.1199951171875
2026-07-28,675.489990234375
2026-07-29,661.72998046875
2026-07-30,683.5499877929688
2026-07-31,687.989990234375
2026-08-01,687.989990234375
2026-08-02,687.989990234375
2026-08-03,700.0700073242188
2026-08-04,723.8499755859375
2026-08-05,717.2999877929688
2026-08-06,714.6500244140625
2026-08-07,723.030029296875
2026-08-08,723.030029296875
2026-08-09,723.030029296875
2026-08-10,720.8699951171875
2026-08-11,718.4500122070312
2026-08-12,723.7000122070312
2026-08-13,732.0700073242188
2026-08-14,731.0700073242188
2026-08-15,731.0700073242188
2026-08-16,731.0700073242188
2026-08-17,729.8699951171875
2026-08-18,717.510009765625
2026-08-19,716.0800170898438
2026-08-20,710.9299926757812
2026-08-21,713.4400024414062
2026-08-22,713.4400024414062
2026-08-23,713.4400024414062
2026-08-24,706.3200073242188
2026-08-25,710.719970703125
2026-08-26,711.3699951171875
2026-08-27,721.1099853515625
2026-08-28,717.0900268554688
