Date,Close
2006-08-22,15.886286735534668
2006-08-23,15.779394149780272
2006-08-24,15.886286735534668
2006-08-25,15.894508361816406
2006-08-26,15.894508361816406
2006-08-27,15.894508361816406
2006-08-28,16.121967315673828
2006-08-29,16.415180206298828
2006-08-30,16.735815048217773
2006-08-31,16.565908432006836
2006-09-01,16.415180206298828
2006-09-02,16.415180206298828
2006-09-03,16.415180206298828
2006-09-04,16.415180206298828
2006-09-05,16.612491607666016
2006-09-06,16.080854415893555
2006-09-07,16.026042938232422
2006-09-08,16.182254791259766
2006-09-09,16.182254791259766
2006-09-10,16.182254791259766
2006-09-11,16.469999313354492
2006-09-12,17.026302337646484
2006-09-13,16.944095611572266
2006-09-14,16.998897552490234
2006-09-15,16.979724884033203
2006-09-16,16.979724884033203
2006-09-17,16.979724884033203
2006-09-18,17.19072151184082
2006-09-19,16.908466339111328
2006-09-20,17.045486450195312
2006-09-21,16.71663475036621
2006-09-22,16.519319534301758
2006-09-23,16.519319534301758
2006-09-24,16.519319534301758
2006-09-25,16.922170639038086
2006-09-26,16.911205291748047
2006-09-27,16.856355667114258
2006-09-28,17.037363052368164
2006-09-29,16.861845016479492
2006-09-30,16.861845016479492
2006-10-01,16.861845016479492
2006-10-02,16.7027587890625
2006-10-03,16.601285934448242
2006-10-04,16.96331214904785
2006-10-05,16.924917221069336
2006-10-06,16.793272018432617
2006-10-07,16.793272018432617
2006-10-08,16.793272018432617
2006-10-09,16.95783805847168
2006-10-10,16.908464431762695
2006-10-11,17.078506469726562
2006-10-12,17.289690017700195
2006-10-13,17.52281379699707
2006-10-14,17.52281379699707
2006-10-15,17.52281379699707
2006-10-16,17.640756607055664
2006-10-17,17.193695068359375
2006-10-18,16.763097763061523
2006-10-19,16.675334930419922
2006-10-20,16.483354568481445
2006-10-21,16.483354568481445
2006-10-22,16.483354568481445
2006-10-23,16.499805450439453
2006-10-24,16.351699829101562
2006-10-25,16.667112350463867
2006-10-26,16.842639923095703
2006-10-27,16.46689224243164
2006-10-28,16.46689224243164
2006-10-29,16.46689224243164
2006-10-30,16.606767654418945
2006-10-31,16.697275161743164
2006-11-01,16.403810501098633
2006-11-02,16.318796157836914
2006-11-03,16.39010238647461
2006-11-04,16.39010238647461
2006-11-05,16.39010238647461
2006-11-06,16.656131744384766
2006-11-07,16.76584815979004
2006-11-08,16.754871368408203
2006-11-09,16.455921173095703
2006-11-10,16.593059539794922
2006-11-11,16.593059539794922
2006-11-12,16.593059539794922
2006-11-13,16.878293991088867
2006-11-14,17.325347900390625
2006-11-15,17.470706939697266
2006-11-16,17.517333984375
2006-11-17,17.418596267700195
2006-11-18,17.418596267700195
2006-11-19,17.418596267700195
2006-11-20,17.64897918701172
2006-11-21,17.333568572998047
2006-11-22,17.583147048950195
2006-11-23,17.583147048950195
2006-11-24,17.528295516967773
2006-11-25,17.528295516967773
2006-11-26,17.528295516967773
2006-11-27,17.075761795043945
2006-11-28,17.097707748413086
2006-11-29,17.083980560302734
2006-11-30,17.245807647705078
2006-12-01,17.001712799072266
2006-12-02,17.001712799072266
2006-12-03,17.001712799072266
2006-12-04,17.317121505737305
2006-12-05,17.374711990356445
2006-12-06,17.451507568359375
2006-12-07,17.201923370361328
2006-12-08,17.11964225769043
2006-12-09,17.11964225769043
2006-12-10,17.11964225769043
2006-12-11,17.083980560302734
2006-12-12,16.979768753051758
2006-12-13,16.850868225097656
2006-12-14,17.10593032836914
2006-12-15,17.103193283081055
2006-12-16,17.103193283081055
2006-12-17,17.103193283081055
2006-12-18,17.059309005737305
2006-12-19,16.864582061767578
2006-12-20,16.941370010375977
2006-12-21,16.705467224121094
2006-12-22,16.60396957397461
2006-12-23,16.60396957397461
2006-12-24,16.60396957397461
2006-12-25,16.60396957397461
2006-12-26,16.732894897460938
2006-12-27,16.826168060302734
2006-12-28,16.831645965576172
2006-12-29,16.73563575744629
2006-12-30,16.73563575744629
2006-12-31,16.73563575744629
2007-01-01,16.73563575744629
2007-01-02,16.73563575744629
2007-01-03,16.686262130737305
2007-01-04,17.012697219848633
2007-01-05,16.68900489807129
2007-01-06,16.68900489807129
2007-01-07,16.68900489807129
2007-01-08,16.754838943481445
2007-01-09,16.815189361572266
2007-01-10,17.10321617126465
2007-01-11,17.155336380004883
2007-01-12,17.199220657348633
2007-01-13,17.199220657348633
2007-01-14,17.199220657348633
2007-01-15,17.199220657348633
2007-01-16,17.059328079223633
2007-01-17,16.93863296508789
2007-01-18,16.32143783569336
2007-01-19,16.47504234313965
2007-01-20,16.47504234313965
2007-01-21,16.47504234313965
2007-01-22,16.296743392944336
2007-01-23,16.280282974243164
2007-01-24,16.529911041259766
2007-01-25,16.461326599121094
2007-01-26,16.683521270751953
2007-01-27,16.683521270751953
2007-01-28,16.683521270751953
2007-01-29,16.590261459350586
2007-01-30,16.66431427001953
2007-01-31,16.680782318115234
2007-02-01,16.8206844329834
2007-02-02,16.927656173706055
2007-02-03,16.927656173706055
2007-02-04,16.927656173706055
2007-02-05,16.99074935913086
2007-02-06,16.927656173706055
2007-02-07,17.155336380004883
2007-02-08,17.08949089050293
2007-02-09,16.834394454956055
2007-02-10,16.834394454956055
2007-02-11,16.834394454956055
2007-02-12,16.642366409301758
2007-02-13,16.730159759521484
2007-02-14,17.059328079223633
2007-02-15,17.149843215942383
2007-02-16,17.138877868652344
2007-02-17,17.138877868652344
2007-02-18,17.138877868652344
2007-02-19,17.138877868652344
2007-02-20,17.138877868652344
2007-02-21,17.125164031982422
2007-02-22,17.487245559692383
2007-02-23,17.583253860473633
2007-02-24,17.583253860473633
2007-02-25,17.583253860473633
2007-02-26,17.558565139770508
2007-02-27,16.93863296508789
2007-02-28,16.97429084777832
2007-03-01,16.853591918945312
2007-03-02,16.516197204589844
2007-03-03,16.516197204589844
2007-03-04,16.516197204589844
2007-03-05,16.337879180908203
2007-03-06,16.7274112701416
2007-03-07,16.658828735351562
2007-03-08,16.826168060302734
2007-03-09,16.930402755737305
2007-03-10,16.930402755737305
2007-03-11,16.930402755737305
2007-03-12,17.064817428588867
2007-03-13,16.716432571411133
2007-03-14,16.81793785095215
2007-03-15,16.809709548950195
2007-03-16,16.699981689453125
2007-03-17,16.699981689453125
2007-03-18,16.699981689453125
2007-03-19,16.612201690673828
2007-03-20,16.77952766418457
2007-03-21,17.084009170532227
2007-03-22,16.84811019897461
2007-03-23,16.94959831237793
2007-03-24,16.94959831237793
2007-03-25,16.94959831237793
2007-03-26,16.93724822998047
2007-03-27,16.8713436126709
2007-03-28,16.662643432617188
2007-03-29,16.506120681762695
2007-03-30,16.558303833007812
2007-03-31,16.558303833007812
2007-04-01,16.558303833007812
2007-04-02,16.536340713500977
2007-04-03,16.648914337158203
2007-04-04,16.78895378112793
2007-04-05,16.923511505126953
2007-04-06,16.923511505126953
2007-04-07,16.923511505126953
2007-04-08,16.923511505126953
2007-04-09,16.885066986083984
2007-04-10,17.030611038208008
2007-04-11,16.857616424560547
2007-04-12,17.030611038208008
2007-04-13,16.997655868530273
2007-04-14,16.997655868530273
2007-04-15,16.997655868530273
2007-04-16,17.118486404418945
2007-04-17,17.102006912231445
2007-04-18,17.458986282348633
2007-04-19,17.563329696655273
2007-04-20,17.629240036010742
2007-04-21,17.629240036010742
2007-04-22,17.629240036010742
2007-04-23,17.49468421936035
2007-04-24,17.928552627563477
2007-04-25,18.09605598449707
2007-04-26,18.090559005737305
2007-04-27,17.821462631225586
2007-04-28,17.821462631225586
2007-04-29,17.821462631225586
2007-04-30,17.566078186035156
2007-05-01,17.610008239746094
2007-05-02,17.75554656982422
2007-05-03,17.85990333557129
2007-05-04,18.027400970458984
2007-05-05,18.027400970458984
2007-05-06,18.027400970458984
2007-05-07,17.953266143798828
2007-05-08,17.912065505981445
2007-05-09,18.2360954284668
2007-05-10,17.901086807250977
2007-05-11,18.15097999572754
2007-05-12,18.15097999572754
2007-05-13,18.15097999572754
2007-05-14,18.12625503540039
2007-05-15,17.884607315063477
2007-05-16,17.887351989746094
2007-05-17,17.80498504638672
2007-05-18,17.832427978515625
2007-05-19,17.832427978515625
2007-05-20,17.832427978515625
2007-05-21,17.848913192749023
2007-05-22,17.931293487548828
2007-05-23,17.673168182373047
2007-05-24,17.362873077392578
2007-05-25,17.453493118286133
2007-05-26,17.453493118286133
2007-05-27,17.453493118286133
2007-05-28,17.453493118286133
2007-05-29,17.563329696655273
2007-05-30,17.445247650146484
2007-05-31,17.71436309814453
2007-06-01,17.873634338378906
2007-06-02,17.873634338378906
2007-06-03,17.873634338378906
2007-06-04,17.82969093322754
2007-06-05,17.74456787109375
2007-06-06,17.51664161682129
2007-06-07,17.192617416381836
2007-06-08,17.673168182373047
2007-06-09,17.673168182373047
2007-06-10,17.673168182373047
2007-06-11,17.60451889038086
2007-06-12,17.464475631713867
2007-06-13,17.747314453125
2007-06-14,17.977970123291016
2007-06-15,18.2800235748291
2007-06-16,18.2800235748291
2007-06-17,18.2800235748291
2007-06-18,18.27453994750977
2007-06-19,18.12351417541504
2007-06-20,18.0026912689209
2007-06-21,18.535415649414062
2007-06-22,18.315732955932617
2007-06-23,18.315732955932617
2007-06-24,18.315732955932617
2007-06-25,18.08506774902344
2007-06-26,17.988954544067383
2007-06-27,18.392616271972656
2007-06-28,18.219623565673828
2007-06-29,18.1019287109375
2007-06-30,18.1019287109375
2007-07-01,18.1019287109375
2007-07-02,18.34116554260254
2007-07-03,18.390655517578125
2007-07-04,18.390655517578125
2007-07-05,18.506147384643555
2007-07-06,18.660140991210938
2007-07-07,18.660140991210938
2007-07-08,18.660140991210938
2007-07-09,18.79488182067871
2007-07-10,18.646387100219727
2007-07-11,18.629886627197266
2007-07-12,19.124855041503903
2007-07-13,19.089111328125
2007-07-14,19.089111328125
2007-07-15,19.089111328125
2007-07-16,19.193603515625
2007-07-17,19.49057388305664
2007-07-18,19.14960289001465
2007-07-19,19.28159713745117
2007-07-20,19.0478572845459
2007-07-21,19.0478572845459
2007-07-22,19.0478572845459
2007-07-23,19.04511260986328
2007-07-24,18.65739250183105
2007-07-25,18.70138359069824
2007-07-26,18.376914978027344
2007-07-27,18.07993507385254
2007-07-28,18.07993507385254
2007-07-29,18.07993507385254
2007-07-30,18.40440559387207
2007-07-31,18.11017799377441
2007-08-01,18.20917701721192
2007-08-02,18.217424392700195
2007-08-03,17.675703048706055
2007-08-04,17.675703048706055
2007-08-05,17.675703048706055
2007-08-06,17.909440994262695
2007-08-07,17.895689010620117
2007-08-08,18.29716682434082
2007-08-09,18.16517448425293
2007-08-10,18.06067657470703
2007-08-11,18.06067657470703
2007-08-12,18.06067657470703
2007-08-13,17.99742889404297
2007-08-14,17.769207000732422
2007-08-15,17.279739379882812
2007-08-16,17.265989303588867
2007-08-17,17.565719604492188
2007-08-18,17.565719604492188
2007-08-19,17.565719604492188
2007-08-20,17.77195930480957
2007-08-21,17.909440994262695
2007-08-22,18.033187866210938
2007-08-23,17.868194580078125
2007-08-24,18.123924255371094
2007-08-25,18.123924255371094
2007-08-26,18.123924255371094
2007-08-27,17.964441299438477
2007-08-28,17.499725341796875
2007-08-29,18.0029354095459
2007-08-30,18.02219009399414
2007-08-31,18.35765838623047
2007-09-01,18.35765838623047
2007-09-02,18.35765838623047
2007-09-03,18.35765838623047
2007-09-04,18.67388916015625
2007-09-05,18.48690223693848
2007-09-06,18.646387100219727
2007-09-07,18.16792869567871
2007-09-08,18.16792869567871
2007-09-09,18.16792869567871
2007-09-10,18.203672409057617
2007-09-11,18.4319076538086
2007-09-12,18.14592742919922
2007-09-13,18.07993507385254
2007-09-14,17.967187881469727
2007-09-15,17.967187881469727
2007-09-16,17.967187881469727
2007-09-17,17.912189483642578
2007-09-18,18.442890167236328
2007-09-19,18.525400161743164
2007-09-20,18.53914451599121
2007-09-21,18.621639251708984
2007-09-22,18.621639251708984
2007-09-23,18.621639251708984
2007-09-24,18.566633224487305
2007-09-25,18.67388916015625
2007-09-26,18.605337142944336
2007-09-27,18.67416381835937
2007-09-28,18.57780647277832
2007-09-29,18.57780647277832
2007-09-30,18.57780647277832
2007-10-01,18.965988159179688
2007-10-02,19.00177764892578
2007-10-03,18.59156608581543
2007-10-04,18.558528900146484
2007-10-05,18.8696346282959
2007-10-06,18.8696346282959
2007-10-07,18.8696346282959
2007-10-08,18.89716148376465
2007-10-09,18.759506225585938
2007-10-10,18.71546173095703
2007-10-11,18.313507080078125
2007-10-12,18.536508560180664
2007-10-13,18.536508560180664
2007-10-14,18.536508560180664
2007-10-15,18.536508560180664
2007-10-16,18.506221771240234
2007-10-17,18.85035896301269
2007-10-18,18.85861587524414
2007-10-19,18.305252075195312
2007-10-20,18.305252075195312
2007-10-21,18.305252075195312
2007-10-22,18.46492385864257
2007-10-23,18.506221771240234
2007-10-24,17.939096450805664
2007-10-25,17.347171783447266
2007-10-26,17.404987335205078
2007-10-27,17.404987335205078
2007-10-28,17.404987335205078
2007-10-29,17.567426681518555
2007-10-30,17.63349151611328
2007-10-31,17.798683166503906
2007-11-01,17.504104614257812
2007-11-02,17.625240325927734
2007-11-03,17.625240325927734
2007-11-04,17.625240325927734
2007-11-05,17.53989601135254
2007-11-06,17.79317855834961
2007-11-07,17.316890716552734
2007-11-08,17.071870803833008
2007-11-09,16.923206329345703
2007-11-10,16.923206329345703
2007-11-11,16.923206329345703
2007-11-12,16.48546028137207
2007-11-13,16.859886169433594
2007-11-14,16.730493545532227
2007-11-15,16.631380081176758
2007-11-16,16.518503189086914
2007-11-17,16.518503189086914
2007-11-18,16.518503189086914
2007-11-19,16.218412399291992
2007-11-20,16.020200729370117
2007-11-21,15.703584671020508
2007-11-22,15.703584671020508
2007-11-23,15.932095527648926
2007-11-24,15.932095527648926
2007-11-25,15.932095527648926
2007-11-26,15.524636268615724
2007-11-27,15.85501194000244
2007-11-28,16.529512405395508
2007-11-29,16.515745162963867
2007-11-30,16.28173065185547
2007-12-01,16.28173065185547
2007-12-02,16.28173065185547
2007-12-03,16.265220642089844
2007-12-04,16.138580322265625
2007-12-05,16.59834098815918
2007-12-06,16.879152297973633
2007-12-07,16.854373931884766
2007-12-08,16.854373931884766
2007-12-09,16.854373931884766
2007-12-10,17.000288009643555
2007-12-11,16.664400100708008
2007-12-12,16.870899200439453
2007-12-13,16.713973999023438
2007-12-14,16.537771224975586
2007-12-15,16.537771224975586
2007-12-16,16.537771224975586
2007-12-17,16.171621322631836
2007-12-18,16.245939254760742
2007-12-19,16.28447723388672
2007-12-20,16.504730224609375
2007-12-21,16.716712951660156
2007-12-22,16.716712951660156
2007-12-23,16.716712951660156
2007-12-24,16.890159606933594
2007-12-25,16.890159606933594
2007-12-26,16.92045021057129
2007-12-27,16.571762084960938
2007-12-28,16.516626358032227
2007-12-29,16.516626358032227
2007-12-30,16.516626358032227
2007-12-31,16.376049041748047
2008-01-01,16.376049041748047
2008-01-02,15.937771797180176
2008-01-03,15.747583389282228
2008-01-04,14.989554405212402
2008-01-05,14.989554405212402
2008-01-06,14.989554405212402
2008-01-07,14.631221771240234
2008-01-08,14.286662101745604
2008-01-09,14.377626419067385
2008-01-10,14.43551254272461
2008-01-11,13.986212730407717
2008-01-12,13.986212730407717
2008-01-13,13.986212730407717
2008-01-14,14.410699844360352
2008-01-15,13.870445251464844
2008-01-16,13.694025993347168
2008-01-17,13.440434455871582
2008-01-18,13.793261528015137
2008-01-19,13.793261528015137
2008-01-20,13.793261528015137
2008-01-21,13.793261528015137
2008-01-22,13.534152030944824
2008-01-23,13.853899955749512
2008-01-24,14.248077392578123
2008-01-25,13.96139430999756
2008-01-26,13.96139430999756
2008-01-27,13.96139430999756
2008-01-28,14.143325805664062
2008-01-29,14.168129920959473
2008-01-30,14.157114028930664
2008-01-31,14.115761756896973
2008-02-01,14.86827564239502
2008-02-02,14.86827564239502
2008-02-03,14.86827564239502
2008-02-04,14.603660583496094
2008-02-05,13.966920852661133
2008-02-06,13.614093780517578
2008-02-07,13.740889549255373
2008-02-08,13.90075969696045
2008-02-09,13.90075969696045
2008-02-10,13.90075969696045
2008-02-11,14.223262786865234
2008-02-12,14.1543550491333
2008-02-13,14.678072929382324
2008-02-14,14.18191623687744
2008-02-15,13.922815322875977
2008-02-16,13.922815322875977
2008-02-17,13.922815322875977
2008-02-18,13.922815322875977
2008-02-19,13.820825576782228
2008-02-20,14.090961456298828
2008-02-21,14.052366256713867
2008-02-22,14.099225997924805
2008-02-23,14.099225997924805
2008-02-24,14.099225997924805
2008-02-25,14.234291076660156
2008-02-26,14.4630765914917
2008-02-27,14.589872360229492
2008-02-28,14.245320320129396
2008-02-29,13.834603309631348
2008-03-01,13.834603309631348
2008-03-02,13.834603309631348
2008-03-03,13.751913070678713
2008-03-04,13.826333999633787
2008-03-05,13.96416187286377
2008-03-06,13.561716079711914
2008-03-07,13.57825756072998
2008-03-08,13.57825756072998
2008-03-09,13.57825756072998
2008-03-10,13.36601448059082
2008-03-11,13.834603309631348
2008-03-12,13.732617378234863
2008-03-13,13.975184440612791
2008-03-14,13.575501441955566
2008-03-15,13.575501441955566
2008-03-16,13.575501441955566
2008-03-17,13.523122787475586
2008-03-18,14.063390731811523
2008-03-19,13.487293243408203
2008-03-20,13.751913070678713
2008-03-21,13.751913070678713
2008-03-22,13.751913070678713
2008-03-23,13.751913070678713
2008-03-24,14.18743133544922
2008-03-25,14.228779792785645
2008-03-26,14.077168464660645
2008-03-27,13.71332550048828
2008-03-28,13.514852523803713
2008-03-29,13.514852523803713
2008-03-30,13.514852523803713
2008-03-31,13.660951614379885
2008-04-01,14.231532096862791
2008-04-02,14.333520889282228
2008-04-03,14.537501335144045
2008-04-04,14.556792259216309
2008-04-05,14.556792259216309
2008-04-06,14.556792259216309
2008-04-07,14.446537971496582
2008-04-08,14.140567779541016
2008-04-09,14.283909797668455
2008-04-10,14.617440223693848
2008-04-11,14.082685470581056
2008-04-12,14.082685470581056
2008-04-13,14.082685470581056
2008-04-14,13.829095840454102
2008-04-15,13.86492919921875
2008-04-16,14.427244186401367
2008-04-17,14.328011512756348
2008-04-18,14.636728286743164
2008-04-19,14.636728286743164
2008-04-20,14.636728286743164
2008-04-21,14.79660415649414
2008-04-22,14.40794849395752
2008-04-23,14.826926231384276
2008-04-24,15.091547966003418
2008-04-25,15.036416053771973
2008-04-26,15.036416053771973
2008-04-27,15.036416053771973
2008-04-28,14.928915023803713
2008-04-29,15.000584602355955
2008-04-30,14.716667175292969
2008-05-01,15.26795768737793
2008-05-02,15.276232719421388
2008-05-03,15.276232719421388
2008-05-04,15.276232719421388
2008-05-05,15.165969848632812
2008-05-06,15.422316551208496
2008-05-07,15.234881401062012
2008-05-08,15.298285484313965
2008-05-09,15.295527458190918
2008-05-10,15.295527458190918
2008-05-11,15.295527458190918
2008-05-12,15.48295783996582
2008-05-13,15.549116134643556
2008-05-14,15.747583389282228
2008-05-15,16.114187240600586
2008-05-16,16.202390670776367
2008-05-17,16.202390670776367
2008-05-18,16.202390670776367
2008-05-19,16.125215530395508
2008-05-20,15.728283882141112
2008-05-21,15.477452278137209
2008-05-22,15.565650939941406
2008-05-23,15.447131156921388
2008-05-24,15.447131156921388
2008-05-25,15.447131156921388
2008-05-26,15.447131156921388
2008-05-27,15.728283882141112
2008-05-28,15.788921356201172
2008-05-29,15.733798027038574
2008-05-30,15.965339660644531
2008-05-31,15.965339660644531
2008-06-01,15.965339660644531
2008-06-02,15.80546760559082
2008-06-03,15.58218765258789
2008-06-04,15.827521324157717
2008-06-05,16.031492233276367
2008-06-06,15.81098175048828
2008-06-07,15.81098175048828
2008-06-08,15.81098175048828
2008-06-09,15.48295783996582
2008-06-10,15.171485900878906
2008-06-11,14.686345100402832
2008-06-12,14.74698257446289
2008-06-13,15.127379417419434
2008-06-14,15.127379417419434
2008-06-15,15.127379417419434
2008-06-16,15.430598258972168
2008-06-17,15.22110080718994
2008-06-18,14.884814262390137
2008-06-19,15.273472785949709
2008-06-20,14.928915023803713
2008-06-21,14.928915023803713
2008-06-22,14.928915023803713
2008-06-23,14.729935646057127
2008-06-24,14.804557800292969
2008-06-25,15.064332962036133
2008-06-26,14.387253761291504
2008-06-27,14.293293952941896
2008-06-28,14.293293952941896
2008-06-29,14.293293952941896
2008-06-30,14.149577140808104
2008-07-01,14.099839210510254
2008-07-02,13.762682914733888
2008-07-03,13.367487907409668
2008-07-04,13.367487907409668
2008-07-05,13.367487907409668
2008-07-06,13.367487907409668
2008-07-07,13.447627067565918
2008-07-08,13.525016784667969
2008-07-09,12.977823257446287
2008-07-10,13.168511390686035
2008-07-11,13.121529579162598
2008-07-12,13.121529579162598
2008-07-13,13.121529579162598
2008-07-14,12.961236953735352
2008-07-15,13.088366508483888
2008-07-16,13.51119613647461
2008-07-17,13.801366806030272
2008-07-18,13.735044479370115
2008-07-19,13.735044479370115
2008-07-20,13.735044479370115
2008-07-21,13.618975639343262
2008-07-22,13.198911666870115
2008-07-23,13.323272705078123
2008-07-24,12.687644004821776
2008-07-25,12.812005996704102
2008-07-26,12.812005996704102
2008-07-27,12.812005996704102
2008-07-28,12.604734420776367
2008-07-29,12.92807388305664
2008-07-30,13.03309440612793
2008-07-31,12.98611068725586
2008-08-01,12.870038986206056
2008-08-02,12.870038986206056
2008-08-03,12.870038986206056
2008-08-04,12.89491367340088
2008-08-05,13.212723731994627
2008-08-06,13.378543853759766
2008-08-07,13.508428573608398
2008-08-08,13.79031753540039
2008-08-09,13.79031753540039
2008-08-10,13.79031753540039
2008-08-11,14.080495834350586
2008-08-12,14.0528564453125
2008-08-13,14.121946334838867
2008-08-14,14.265655517578123
2008-08-15,14.331981658935549
2008-08-16,14.331981658935549
2008-08-17,14.331981658935549
2008-08-18,14.149577140808104
2008-08-19,13.884281158447266
2008-08-20,13.845587730407717
2008-08-21,13.768208503723145
2008-08-22,13.939549446105955
2008-08-23,13.939549446105955
2008-08-24,13.939549446105955
2008-08-25,13.721224784851074
2008-08-26,13.602394104003906
2008-08-27,13.737812042236328
2008-08-28,13.867697715759276
2008-08-29,13.55817413330078
2008-08-30,13.55817413330078
2008-08-31,13.55817413330078
2008-09-01,13.55817413330078
2008-09-02,13.345381736755373
2008-09-03,12.740151405334473
2008-09-04,12.34772491455078
2008-09-05,12.510775566101074
2008-09-06,12.510775566101074
2008-09-07,12.510775566101074
2008-09-08,12.43616008758545
2008-09-09,11.952527046203612
2008-09-10,12.027151107788086
2008-09-11,12.02991008758545
2008-09-12,12.046490669250488
2008-09-13,12.046490669250488
2008-09-14,12.046490669250488
2008-09-15,11.576678276062012
2008-09-16,11.698280334472656
2008-09-17,11.305848121643066
2008-09-18,11.875146865844728
2008-09-19,12.16256332397461
2008-09-20,12.16256332397461
2008-09-21,12.16256332397461
2008-09-22,11.609848976135254
2008-09-23,11.432974815368652
2008-09-24,11.54904556274414
2008-09-25,11.714858055114746
2008-09-26,11.778422355651855
2008-09-27,11.778422355651855
2008-09-28,11.778422355651855
2008-09-29,10.778005599975586
2008-09-30,11.203598022460938
2008-10-01,11.142792701721191
2008-10-02,10.46847915649414
2008-10-03,10.34964656829834
2008-10-04,10.34964656829834
2008-10-05,10.34964656829834
2008-10-06,9.998669624328612
2008-10-07,9.346467971801758
2008-10-08,9.324356079101562
2008-10-09,9.16406536102295
2008-10-10,9.047992706298828
2008-10-11,9.047992706298828
2008-10-12,9.047992706298828
2008-10-13,9.87707233428955
2008-10-14,9.468061447143556
2008-10-15,8.59200382232666
2008-10-16,9.009303092956545
2008-10-17,8.868363380432129
2008-10-18,8.868363380432129
2008-10-19,8.868363380432129
2008-10-20,9.133666038513184
2008-10-21,8.69978141784668
2008-10-22,8.346040725708008
2008-10-23,8.1719388961792
2008-10-24,8.163647651672363
2008-10-25,8.163647651672363
2008-10-26,8.163647651672363
2008-10-27,8.147065162658691
2008-10-28,8.879417419433594
2008-10-29,8.732945442199707
2008-10-30,9.111554145812988
2008-10-31,9.227627754211426
2008-11-01,9.227627754211426
2008-11-02,9.227627754211426
2008-11-03,9.20551586151123
2008-11-04,9.548206329345703
2008-11-05,9.053523063659668
2008-11-06,8.36539077758789
2008-11-07,8.55055046081543
2008-11-08,8.55055046081543
2008-11-09,8.55055046081543
2008-11-10,8.301828384399414
2008-11-11,8.124958038330078
2008-11-12,7.715945243835449
2008-11-13,8.224445343017578
2008-11-14,7.6523823738098145
2008-11-15,7.6523823738098145
2008-11-16,7.6523823738098145
2008-11-17,7.453402996063232
2008-11-18,7.284825325012207
2008-11-19,6.740396976470947
2008-11-20,6.461275577545166
2008-11-21,6.756977558135986
2008-11-22,6.756977558135986
2008-11-23,6.756977558135986
2008-11-24,7.174278736114502
2008-11-25,7.094138622283936
2008-11-26,7.572239398956299
2008-11-27,7.572239398956299
2008-11-28,7.481038570404053
2008-11-29,7.481038570404053
2008-11-30,7.481038570404053
2008-12-01,6.914503574371338
2008-12-02,7.030574321746826
2008-12-03,7.370492935180664
2008-12-04,6.955960273742676
2008-12-05,7.207444667816162
2008-12-06,7.207444667816162
2008-12-07,7.207444667816162
2008-12-08,7.317988872528076
2008-12-09,7.64962100982666
2008-12-10,7.7933244705200195
2008-12-11,7.613693714141846
2008-12-12,7.99506950378418
2008-12-13,7.99506950378418
2008-12-14,7.99506950378418
2008-12-15,7.873469829559326
2008-12-16,8.290771484375
2008-12-17,8.373680114746094
2008-12-18,7.856884956359863
2008-12-19,8.036520004272461
2008-12-20,8.036520004272461
2008-12-21,8.036520004272461
2008-12-22,7.729622840881348
2008-12-23,7.501049995422363
2008-12-24,7.587464332580566
2008-12-25,7.587464332580566
2008-12-26,7.537287712097168
2008-12-27,7.537287712097168
2008-12-28,7.537287712097168
2008-12-29,7.501049995422363
2008-12-30,7.835546970367432
2008-12-31,7.908022403717041
2009-01-01,7.908022403717041
2009-01-02,8.27596664428711
2009-01-03,8.27596664428711
2009-01-04,8.27596664428711
2009-01-05,8.273172378540039
2009-01-06,8.7191743850708
2009-01-07,8.309414863586426
2009-01-08,8.301046371459961
2009-01-09,8.008365631103516
2009-01-10,8.008365631103516
2009-01-11,8.008365631103516
2009-01-12,7.763068199157715
2009-01-13,7.774224281311035
2009-01-14,7.462021827697754
2009-01-15,7.595822334289551
2009-01-16,7.908022403717041
2009-01-17,7.908022403717041
2009-01-18,7.908022403717041
2009-01-19,7.908022403717041
2009-01-20,7.375614643096924
2009-01-21,7.556800365447998
2009-01-22,7.370041370391846
2009-01-23,7.685023307800293
2009-01-24,7.685023307800293
2009-01-25,7.685023307800293
2009-01-26,7.749135971069336
2009-01-27,7.997216701507568
2009-01-28,8.27596664428711
2009-01-29,7.86063289642334
2009-01-30,7.701745510101318
2009-01-31,7.701745510101318
2009-02-01,7.701745510101318
2009-02-02,7.790945529937744
2009-02-03,7.916381359100342
2009-02-04,8.01673412322998
2009-02-05,8.345649719238281
2009-02-06,8.655059814453125
2009-02-07,8.655059814453125
2009-02-08,8.655059814453125
2009-02-09,8.610461235046387
2009-02-10,8.214641571044922
2009-02-11,8.064118385314941
2009-02-12,8.167253494262695
2009-02-13,8.301046371459961
2009-02-14,8.301046371459961
2009-02-15,8.301046371459961
2009-02-16,8.301046371459961
2009-02-17,7.7351975440979
2009-02-18,7.746345043182373
2009-02-19,7.381190299987793
2009-02-20,7.425787925720215
2009-02-21,7.425787925720215
2009-02-22,7.425787925720215
2009-02-23,7.113595008850098
2009-02-24,7.475961685180664
2009-02-25,7.68781042098999
2009-02-26,7.618124008178711
2009-02-27,7.576313972473144
2009-02-28,7.576313972473144
2009-03-01,7.576313972473144
2009-03-02,7.177705764770508
2009-03-03,7.280837535858154
2009-03-04,7.604185581207275
2009-03-05,7.501049995422363
2009-03-06,7.406275272369385
2009-03-07,7.406275272369385
2009-03-08,7.406275272369385
2009-03-09,7.26411771774292
2009-03-10,7.827183246612549
2009-03-11,8.025093078613281
2009-03-12,8.373523712158203
2009-03-13,8.457148551940918
2009-03-14,8.457148551940918
2009-03-15,8.457148551940918
2009-03-16,8.200700759887695
2009-03-17,8.521260261535645
2009-03-18,8.797216415405273
2009-03-19,8.777704238891602
2009-03-20,8.429274559020996
2009-03-21,8.429274559020996
2009-03-22,8.429274559020996
2009-03-23,8.970040321350098
2009-03-24,8.70523452758789
2009-03-25,8.769346237182617
2009-03-26,9.19582748413086
2009-03-27,9.039727210998535
2009-03-28,9.039727210998535
2009-03-29,9.039727210998535
2009-03-30,8.657846450805664
2009-03-31,8.680148124694824
2009-04-01,8.830667495727539
2009-04-02,9.1902494430542
2009-04-03,9.466208457946776
2009-04-04,9.466208457946776
2009-04-05,9.466208457946776
2009-04-06,9.296171188354492
2009-04-07,8.958890914916992
2009-04-08,9.162375450134276
2009-04-09,9.549832344055176
2009-04-10,9.549832344055176
2009-04-11,9.549832344055176
2009-04-12,9.549832344055176
2009-04-13,9.446699142456056
2009-04-14,9.477354049682615
2009-04-15,9.301746368408203
2009-04-16,9.68363094329834
2009-04-17,9.694778442382812
2009-04-18,9.694778442382812
2009-04-19,9.694778442382812
2009-04-20,9.24321460723877
2009-04-21,9.2236967086792
2009-04-22,9.502446174621582
2009-04-23,9.435544967651367
2009-04-24,9.569344520568848
2009-04-25,9.569344520568848
2009-04-26,9.569344520568848
2009-04-27,9.510807991027832
2009-04-28,9.35470962524414
2009-04-29,9.519168853759766
2009-04-30,9.75889492034912
2009-05-01,9.78676414489746
2009-05-02,9.78676414489746
2009-05-03,9.78676414489746
2009-05-04,10.246694564819336
2009-05-05,10.14913845062256
2009-05-06,10.21882438659668
2009-05-07,9.66969394683838
2009-05-08,9.371437072753906
2009-05-09,9.371437072753906
2009-05-10,9.371437072753906
2009-05-11,9.410455703735352
2009-05-12,9.176310539245604
2009-05-13,8.925440788269043
2009-05-14,9.148439407348633
2009-05-15,9.039727210998535
2009-05-16,9.039727210998535
2009-05-17,9.039727210998535
2009-05-18,9.351921081542969
2009-05-19,9.560979843139648
2009-05-20,9.66132926940918
2009-05-21,9.468989372253418
2009-05-22,9.471781730651855
2009-05-23,9.471781730651855
2009-05-24,9.471781730651855
2009-05-25,9.471781730651855
2009-05-26,9.792336463928224
2009-05-27,9.928925514221191
2009-05-28,10.110113143920898
2009-05-29,10.151926040649414
2009-05-30,10.151926040649414
2009-05-31,10.151926040649414
2009-06-01,10.689903259277344
2009-06-02,10.405582427978516
2009-06-03,10.224394798278809
2009-06-04,10.441817283630373
2009-06-05,10.274572372436523
2009-06-06,10.274572372436523
2009-06-07,10.274572372436523
2009-06-08,10.280144691467283
2009-06-09,10.74565315246582
2009-06-10,10.78467845916748
2009-06-11,10.720563888549805
2009-06-12,10.572830200195312
2009-06-13,10.572830200195312
2009-06-14,10.572830200195312
2009-06-15,10.458545684814451
2009-06-16,10.243908882141112
2009-06-17,10.3804931640625
2009-06-18,10.185372352600098
2009-06-19,10.299656867980955
2009-06-20,10.299656867980955
2009-06-21,10.299656867980955
2009-06-22,9.929603576660156
2009-06-23,9.84569263458252
2009-06-24,10.063864707946776
2009-06-25,10.268048286437988
2009-06-26,10.251272201538086
2009-06-27,10.251272201538086
2009-06-28,10.251272201538086
2009-06-29,10.248472213745115
2009-06-30,10.254067420959473
2009-07-01,10.41909408569336
2009-07-02,10.321191787719728
2009-07-03,10.321191787719728
2009-07-04,10.321191787719728
2009-07-05,10.321191787719728
2009-07-06,10.164560317993164
2009-07-07,9.89323902130127
2009-07-08,9.80373191833496
2009-07-09,10.007922172546388
2009-07-10,10.063864707946776
2009-07-11,10.063864707946776
2009-07-12,10.063864707946776
2009-07-13,10.3128080368042
2009-07-14,10.477828025817873
2009-07-15,10.95053768157959
2009-07-16,11.168710708618164
2009-07-17,11.302969932556152
2009-07-18,11.302969932556152
2009-07-19,11.302969932556152
2009-07-20,11.42324161529541
2009-07-21,11.384081840515137
2009-07-22,11.658198356628418
2009-07-23,11.89315128326416
2009-07-24,11.75609302520752
2009-07-25,11.75609302520752
2009-07-26,11.75609302520752
2009-07-27,11.795252799987791
2009-07-28,11.81762981414795
2009-07-29,11.795252799987791
2009-07-30,11.76168727874756
2009-07-31,11.840004920959473
2009-08-01,11.840004920959473
2009-08-02,11.840004920959473
2009-08-03,12.005029678344728
2009-08-04,11.988247871398926
2009-08-05,11.879167556762695
2009-08-06,11.686165809631348
2009-08-07,11.70854377746582
2009-08-08,11.70854377746582
2009-08-09,11.70854377746582
2009-08-10,11.61343765258789
2009-08-11,11.484776496887209
2009-08-12,11.711342811584473
2009-08-13,11.96027660369873
2009-08-14,11.719731330871582
2009-08-15,11.719731330871582
2009-08-16,11.719731330871582
2009-08-17,11.384081840515137
2009-08-18,11.627427101135254
2009-08-19,11.68337059020996
2009-08-20,11.775675773620604
2009-08-21,11.996644973754885
2009-08-22,11.996644973754885
2009-08-23,11.996644973754885
2009-08-24,11.881964683532717
2009-08-25,11.93790054321289
2009-08-26,12.04978847503662
2009-08-27,12.07496166229248
2009-08-28,12.329497337341309
2009-08-29,12.329497337341309
2009-08-30,12.329497337341309
2009-08-31,12.150477409362791
2009-09-01,11.840004920959473
2009-09-02,11.812034606933594
2009-09-03,11.993841171264648
2009-09-04,12.304320335388184
2009-09-05,12.304320335388184
2009-09-06,12.304320335388184
2009-09-07,12.304320335388184
2009-09-08,12.553260803222656
2009-09-09,12.693117141723633
2009-09-10,12.888906478881836
2009-09-11,12.65115737915039
2009-09-12,12.65115737915039
2009-09-13,12.65115737915039
2009-09-14,12.653953552246094
2009-09-15,12.757441520690918
2009-09-16,12.709894180297852
2009-09-17,12.460954666137695
2009-09-18,12.556053161621094
2009-09-19,12.556053161621094
2009-09-20,12.556053161621094
2009-09-21,12.542071342468262
2009-09-22,12.65115737915039
2009-09-23,12.698707580566406
2009-09-24,12.393824577331545
2009-09-25,12.360262870788574
2009-09-26,12.360262870788574
2009-09-27,12.360262870788574
2009-09-28,12.60080909729004
2009-09-29,12.42459201812744
2009-09-30,12.528085708618164
2009-10-01,11.929513931274414
2009-10-02,11.786863327026367
2009-10-03,11.786863327026367
2009-10-04,11.786863327026367
2009-10-05,12.016217231750488
2009-10-06,12.251174926757812
2009-10-07,12.225998878479004
2009-10-08,12.13929557800293
2009-10-09,12.556053161621094
2009-10-10,12.556053161621094
2009-10-11,12.556053161621094
2009-10-12,12.7434663772583
2009-10-13,12.695910453796388
2009-10-14,12.894502639770508
2009-10-15,12.667941093444824
2009-10-16,12.396623611450195
2009-10-17,12.396623611450195
2009-10-18,12.396623611450195
2009-10-19,12.584028244018556
2009-10-20,12.536476135253906
2009-10-21,12.3211030960083
2009-10-22,12.45256519317627
2009-10-23,12.125306129455566
2009-10-24,12.125306129455566
2009-10-25,12.125306129455566
2009-10-26,12.08055305480957
2009-10-27,11.8008451461792
2009-10-28,11.46239948272705
2009-10-29,11.744903564453123
2009-10-30,11.356111526489258
2009-10-31,11.356111526489258
2009-11-01,11.356111526489258
2009-11-02,11.35890769958496
2009-11-03,11.247027397155762
2009-11-04,11.336532592773438
2009-11-05,11.677776336669922
2009-11-06,11.702954292297363
2009-11-07,11.702954292297363
2009-11-08,11.702954292297363
2009-11-09,12.060975074768066
2009-11-10,12.083352088928224
2009-11-11,12.256770133972168
2009-11-12,12.198028564453123
2009-11-13,12.293129920959473
2009-11-14,12.293129920959473
2009-11-15,12.293129920959473
2009-11-16,12.584028244018556
2009-11-17,12.61199951171875
2009-11-18,12.51130485534668
2009-11-19,12.10013484954834
2009-11-20,12.005029678344728
2009-11-21,12.005029678344728
2009-11-22,12.005029678344728
2009-11-23,12.130899429321287
2009-11-24,12.228797912597656
2009-11-25,12.27634620666504
2009-11-26,12.27634620666504
2009-11-27,12.105725288391112
2009-11-28,12.105725288391112
2009-11-29,12.105725288391112
2009-11-30,12.128104209899902
2009-12-01,12.51969051361084
2009-12-02,12.707098960876465
2009-12-03,12.863733291625977
2009-12-04,13.067919731140137
2009-12-05,13.067919731140137
2009-12-06,13.067919731140137
2009-12-07,13.174209594726562
2009-12-08,13.101485252380373
2009-12-09,13.1630220413208
2009-12-10,13.123861312866213
2009-12-11,13.02596664428711
2009-12-12,13.02596664428711
2009-12-13,13.02596664428711
2009-12-14,13.221761703491213
2009-12-15,13.157426834106444
2009-12-16,13.350423812866213
2009-12-17,13.15183448791504
2009-12-18,13.30846881866455
2009-12-19,13.30846881866455
2009-12-20,13.30846881866455
2009-12-21,13.623769760131836
2009-12-22,13.69964599609375
2009-12-23,13.71932315826416
2009-12-24,13.882308959960938
2009-12-25,13.882308959960938
2009-12-26,13.882308959960938
2009-12-27,13.882308959960938
2009-12-28,13.74742317199707
2009-12-29,13.72774887084961
2009-12-30,13.921652793884276
2009-12-31,13.83453369140625
2010-01-01,13.83453369140625
2010-01-02,13.83453369140625
2010-01-03,13.83453369140625
2010-01-04,14.00314712524414
2010-01-05,13.980669021606444
2010-01-06,13.938515663146973
2010-01-07,13.828912734985352
2010-01-08,14.03686809539795
2010-01-09,14.03686809539795
2010-01-10,14.03686809539795
2010-01-11,13.99471664428711
2010-01-12,13.505746841430664
2010-01-13,13.663115501403809
2010-01-14,13.63782024383545
2010-01-15,13.19381332397461
2010-01-16,13.19381332397461
2010-01-17,13.19381332397461
2010-01-18,13.19381332397461
2010-01-19,13.345562934875488
2010-01-20,13.345562934875488
2010-01-21,13.261260032653809
2010-01-22,12.637398719787598
2010-01-23,12.637398719787598
2010-01-24,12.637398719787598
2010-01-25,12.811626434326172
2010-01-26,12.6964111328125
2010-01-27,12.873451232910156
2010-01-28,12.494074821472168
2010-01-29,12.078170776367188
2010-01-30,12.078170776367188
2010-01-31,12.078170776367188
2010-02-01,12.48845672607422
2010-02-02,12.617727279663086
2010-02-03,12.614912033081056
2010-02-04,12.069741249084473
2010-02-05,12.345136642456056
2010-02-06,12.345136642456056
2010-02-07,12.345136642456056
2010-02-08,12.294556617736816
2010-02-09,12.44068431854248
2010-02-10,12.516554832458496
2010-02-11,12.775094985961914
2010-02-12,12.890313148498535
2010-02-13,12.890313148498535
2010-02-14,12.890313148498535
2010-02-15,12.890313148498535
2010-02-16,13.171329498291016
2010-02-17,13.160089492797852
2010-02-18,13.205055236816406
2010-02-19,13.241584777832031
2010-02-20,13.241584777832031
2010-02-21,13.241584777832031
2010-02-22,13.21629524230957
2010-02-23,12.876260757446287
2010-02-24,13.117934226989746
2010-02-25,13.064544677734377
2010-02-26,13.04206371307373
2010-02-27,13.04206371307373
2010-02-28,13.04206371307373
2010-03-01,13.351184844970703
2010-03-02,13.351184844970703
2010-03-03,13.286550521850586
2010-03-04,13.275312423706056
2010-03-05,13.424246788024902
2010-03-06,13.424246788024902
2010-03-07,13.424246788024902
2010-03-08,13.418631553649902
2010-03-09,13.38209629058838
2010-03-10,13.643441200256348
2010-03-11,13.556329727172852
2010-03-12,13.531035423278809
2010-03-13,13.531035423278809
2010-03-14,13.531035423278809
2010-03-15,13.384906768798828
2010-03-16,13.75584888458252
2010-03-17,13.977853775024414
2010-03-18,13.848589897155762
2010-03-19,13.657493591308594
2010-03-20,13.657493591308594
2010-03-21,13.657493591308594
2010-03-22,13.927271842956545
2010-03-23,14.208292007446287
2010-03-24,13.873878479003906
2010-03-25,13.86544704437256
2010-03-26,13.812054634094238
2010-03-27,13.812054634094238
2010-03-28,13.812054634094238
2010-03-29,13.901979446411133
2010-03-30,13.986285209655762
2010-03-31,13.887925148010254
2010-04-01,13.882308959960938
2010-04-02,13.882308959960938
2010-04-03,13.882308959960938
2010-04-04,13.882308959960938
2010-04-05,14.281357765197754
2010-04-06,14.19143295288086
2010-04-07,14.244824409484863
2010-04-08,14.050921440124512
2010-04-09,14.20547866821289
2010-04-10,14.20547866821289
2010-04-11,14.20547866821289
2010-04-12,14.32631492614746
2010-04-13,14.461206436157228
2010-04-14,15.048528671264648
2010-04-15,15.113167762756348
2010-04-16,14.893978118896484
2010-04-17,14.893978118896484
2010-04-18,14.893978118896484
2010-04-19,14.7618989944458
2010-04-20,14.955804824829102
2010-04-21,14.7618989944458
2010-04-22,14.967039108276367
2010-04-23,14.975473403930664
2010-04-24,14.975473403930664
2010-04-25,14.975473403930664
2010-04-26,15.04291820526123
2010-04-27,14.556751251220703
2010-04-28,14.627013206481934
2010-04-29,14.81247615814209
2010-04-30,14.168946266174316
2010-05-01,14.168946266174316
2010-05-02,14.168946266174316
2010-05-03,14.464022636413574
2010-05-04,13.910409927368164
2010-05-05,13.769903182983398
2010-05-06,13.269686698913574
2010-05-07,13.101079940795898
2010-05-08,13.101079940795898
2010-05-09,13.101079940795898
2010-05-10,13.783954620361328
2010-05-11,13.705265045166016
2010-05-12,14.081832885742188
2010-05-13,13.74742317199707
2010-05-14,13.33150863647461
2010-05-15,13.33150863647461
2010-05-16,13.33150863647461
2010-05-17,13.50293254852295
2010-05-18,13.131990432739258
2010-05-19,13.210678100585938
2010-05-20,12.817245483398438
2010-05-21,13.011155128479004
2010-05-22,13.011155128479004
2010-05-23,13.011155128479004
2010-05-24,12.817245483398438
2010-05-25,12.85659122467041
2010-05-26,12.879071235656738
2010-05-27,13.457972526550291
2010-05-28,13.241584777832031
2010-05-29,13.241584777832031
2010-05-30,13.241584777832031
2010-05-31,13.241584777832031
2010-06-01,12.960569381713867
2010-06-02,13.37928581237793
2010-06-03,13.539466857910156
2010-06-04,12.935275077819824
2010-06-05,12.935275077819824
2010-06-06,12.935275077819824
2010-06-07,12.460354804992676
2010-06-08,12.457549095153809
2010-06-09,12.31422519683838
2010-06-10,12.74980640411377
2010-06-11,12.93246841430664
2010-06-12,12.93246841430664
2010-06-13,12.93246841430664
2010-06-14,12.963379859924316
2010-06-15,13.609719276428224
2010-06-16,13.660303115844728
2010-06-17,13.677165031433104
2010-06-18,13.646254539489746
2010-06-19,13.646254539489746
2010-06-20,13.646254539489746
2010-06-21,13.543225288391112
2010-06-22,13.27789306640625
2010-06-23,13.331521034240724
2010-06-24,12.978689193725586
2010-06-25,13.015378952026367
2010-06-26,13.015378952026367
2010-06-27,13.015378952026367
2010-06-28,13.105709075927734
2010-06-29,12.549641609191896
2010-06-30,12.33794116973877
2010-07-01,12.315357208251951
2010-07-02,12.25043773651123
2010-07-03,12.25043773651123
2010-07-04,12.25043773651123
2010-07-05,12.25043773651123
2010-07-06,12.216565132141112
2010-07-07,12.868605613708496
2010-07-08,12.851667404174805
2010-07-09,13.03514289855957
2010-07-10,13.03514289855957
2010-07-11,13.03514289855957
2010-07-12,13.114180564880373
2010-07-13,13.407737731933594
2010-07-14,13.385153770446776
2010-07-15,13.365403175354004
2010-07-16,12.970219612121582
2010-07-17,12.970219612121582
2010-07-18,12.970219612121582
2010-07-19,13.320232391357422
2010-07-20,13.303298950195312
2010-07-21,13.03514289855957
2010-07-22,13.472655296325684
2010-07-23,13.57710075378418
2010-07-24,13.57710075378418
2010-07-25,13.57710075378418
2010-07-26,13.794445991516112
2010-07-27,13.675890922546388
2010-07-28,13.450078964233398
2010-07-29,13.119824409484863
2010-07-30,12.978689193725586
2010-07-31,12.978689193725586
2010-08-01,12.978689193725586
2010-08-02,13.179099082946776
2010-08-03,13.060544967651367
2010-08-04,13.18192195892334
2010-08-05,13.148052215576172
2010-08-06,13.150875091552734
2010-08-07,13.150875091552734
2010-08-08,13.150875091552734
2010-08-09,13.235550880432127
2010-08-10,12.916590690612791
2010-08-11,12.408507347106934
2010-08-12,12.216565132141112
2010-08-13,12.134710311889648
2010-08-14,12.134710311889648
2010-08-15,12.134710311889648
2010-08-16,12.168583869934082
2010-08-17,12.33794116973877
2010-08-18,12.484723091125488
2010-08-19,12.304067611694336
2010-08-20,12.306891441345217
2010-08-21,12.306891441345217
2010-08-22,12.306891441345217
2010-08-23,12.174224853515623
2010-08-24,11.987930297851562
2010-08-25,12.086718559265137
2010-08-26,11.903250694274902
2010-08-27,12.16575813293457
2010-08-28,12.16575813293457
2010-08-29,12.16575813293457
2010-08-30,11.84114933013916
2010-08-31,11.620978355407717
2010-09-01,11.954057693481444
2010-09-02,12.196807861328123
2010-09-03,12.431087493896484
2010-09-04,12.431087493896484
2010-09-05,12.431087493896484
2010-09-06,12.431087493896484
2010-09-07,12.140355110168455
2010-09-08,12.086718559265137
2010-09-09,12.109301567077637
2010-09-10,11.959702491760254
2010-09-11,11.959702491760254
2010-09-12,11.959702491760254
2010-09-13,12.340764999389648
2010-09-14,12.569398880004885
2010-09-15,12.549641609191896
2010-09-16,12.651262283325195
2010-09-17,12.659724235534668
2010-09-18,12.659724235534668
2010-09-19,12.659724235534668
2010-09-20,12.766989707946776
2010-09-21,12.79521656036377
2010-09-22,12.594802856445312
2010-09-23,12.671016693115234
2010-09-24,13.235550880432127
2010-09-25,13.235550880432127
2010-09-26,13.235550880432127
2010-09-27,13.167804718017578
2010-09-28,13.39926528930664
2010-09-29,13.433140754699709
2010-09-30,13.35410213470459
2010-10-01,13.339995384216309
2010-10-02,13.339995384216309
2010-10-03,13.339995384216309
2010-10-04,13.15651798248291
2010-10-05,13.492413520812988
2010-10-06,13.28636074066162
2010-10-07,13.337169647216797
2010-10-08,13.464189529418944
2010-10-09,13.464189529418944
2010-10-10,13.464189529418944
2010-10-11,13.568628311157228
2010-10-12,13.664599418640137
2010-10-13,13.639195442199709
2010-10-14,13.605324745178224
2010-10-15,13.661778450012209
2010-10-16,13.661778450012209
2010-10-17,13.661778450012209
2010-10-18,13.568628311157228
2010-10-19,13.379508018493652
2010-10-20,13.469836235046388
2010-10-21,13.390798568725586
2010-10-22,13.65049171447754
2010-10-23,13.65049171447754
2010-10-24,13.65049171447754
2010-10-25,13.808561325073242
2010-10-26,13.749284744262695
2010-10-27,14.183975219726562
2010-10-28,14.189620971679688
2010-10-29,14.27712059020996
2010-10-30,14.27712059020996
2010-10-31,14.27712059020996
2010-11-01,14.231964111328123
2010-11-02,14.32793140411377
2010-11-03,14.47470760345459
2010-11-04,14.926339149475098
2010-11-05,15.022310256958008
2010-11-06,15.022310256958008
2010-11-07,15.022310256958008
2010-11-08,15.019486427307127
2010-11-09,14.858598709106444
2010-11-10,14.844481468200684
2010-11-11,14.68076515197754
2010-11-12,14.675127029418944
2010-11-13,14.675127029418944
2010-11-14,14.675127029418944
2010-11-15,14.565032958984377
2010-11-16,14.356157302856444
2010-11-17,14.344871520996094
2010-11-18,14.6045560836792
2010-11-19,14.830370903015137
2010-11-20,14.830370903015137
2010-11-21,14.830370903015137
2010-11-22,15.019486427307127
2010-11-23,14.909403800964355
2010-11-24,15.28481388092041
2010-11-25,15.28481388092041
2010-11-26,15.188846588134766
2010-11-27,15.188846588134766
2010-11-28,15.188846588134766
2010-11-29,15.166264533996582
2010-11-30,14.974327087402344
2010-12-01,15.425948143005373
2010-12-02,15.730798721313477
2010-12-03,15.809839248657228
2010-12-04,15.809839248657228
2010-12-05,15.809839248657228
2010-12-06,15.80137538909912
2010-12-07,15.78443717956543
2010-12-08,15.919927597045898
2010-12-09,15.967907905578612
2010-12-10,15.970731735229492
2010-12-11,15.970731735229492
2010-12-12,15.970731735229492
2010-12-13,15.863468170166016
2010-12-14,15.759029388427734
2010-12-15,15.58967113494873
2010-12-16,15.674349784851074
2010-12-17,15.775962829589844
2010-12-18,15.775962829589844
2010-12-19,15.775962829589844
2010-12-20,15.643298149108888
2010-12-21,15.74209690093994
2010-12-22,15.759029388427734
2010-12-23,15.713868141174316
2010-12-24,15.713868141174316
2010-12-25,15.713868141174316
2010-12-26,15.713868141174316
2010-12-27,15.733622550964355
2010-12-28,15.668704986572266
2010-12-29,15.671525955200195
2010-12-30,15.719515800476074
2010-12-31,15.722335815429688
2011-01-01,15.722335815429688
2011-01-02,15.722335815429688
2011-01-03,15.80702018737793
2011-01-04,15.846538543701172
2011-01-05,15.897336959838867
2011-01-06,16.182432174682617
2011-01-07,16.227598190307617
2011-01-08,16.227598190307617
2011-01-09,16.227598190307617
2011-01-10,16.402605056762695
2011-01-11,16.444944381713867
2011-01-12,16.76673126220703
2011-01-13,16.778011322021484
2011-01-14,17.2239990234375
2011-01-15,17.2239990234375
2011-01-16,17.2239990234375
2011-01-17,17.2239990234375
2011-01-18,17.176015853881836
2011-01-19,16.76108741760254
2011-01-20,16.58890151977539
2011-01-21,16.47034454345703
2011-01-22,16.47034454345703
2011-01-23,16.47034454345703
2011-01-24,16.851408004760742
2011-01-25,16.732864379882812
2011-01-26,16.868343353271484
2011-01-27,17.198596954345703
2011-01-28,16.727209091186523
2011-01-29,16.727209091186523
2011-01-30,16.727209091186523
2011-01-31,16.79213523864746
2011-02-01,17.209890365600586
2011-02-02,17.30021858215332
2011-02-03,17.31432342529297
2011-02-04,17.67844581604004
2011-02-05,17.67844581604004
2011-02-06,17.67844581604004
2011-02-07,17.607885360717773
2011-02-08,17.607885360717773
2011-02-09,17.483692169189453
2011-02-10,17.506263732910156
2011-02-11,17.647409439086914
2011-02-12,17.647409439086914
2011-02-13,17.647409439086914
2011-02-14,17.791353225708008
2011-02-15,17.61070442199707
2011-02-16,17.794178009033203
2011-02-17,18.06234169006348
2011-02-18,18.01999282836914
2011-02-19,18.01999282836914
2011-02-20,18.01999282836914
2011-02-21,18.01999282836914
2011-02-22,17.31432342529297
2011-02-23,16.98125648498535
2011-02-24,17.246585845947266
2011-02-25,17.692569732666016
2011-02-26,17.692569732666016
2011-02-27,17.692569732666016
2011-02-28,17.523202896118164
2011-03-01,17.18166160583496
2011-03-02,17.399009704589844
2011-03-03,17.73490333557129
2011-03-04,17.588132858276367
2011-03-05,17.588132858276367
2011-03-06,17.588132858276367
2011-03-07,17.105453491210938
2011-03-08,17.12238121032715
2011-03-09,16.591712951660156
2011-03-10,16.171142578125
2011-03-11,16.354612350463867
2011-03-12,16.354612350463867
2011-03-13,16.354612350463867
2011-03-14,16.317928314208984
2011-03-15,16.103391647338867
2011-03-16,15.764673233032228
2011-03-17,15.953791618347168
2011-03-18,16.021533966064453
2011-03-19,16.021533966064453
2011-03-20,16.021533966064453
2011-03-21,16.309446334838867
2011-03-22,16.154211044311523
2011-03-23,16.309446334838867
2011-03-24,16.707456588745117
2011-03-25,16.67323875427246
2011-03-26,16.67323875427246
2011-03-27,16.67323875427246
2011-03-28,16.67607879638672
2011-03-29,16.84286117553711
2011-03-30,16.86264991760254
2011-03-31,16.70433807373047
2011-04-01,16.520591735839844
2011-04-02,16.520591735839844
2011-04-03,16.520591735839844
2011-04-04,16.37358856201172
2011-04-05,16.741092681884766
2011-04-06,16.998348236083984
2011-04-07,16.941804885864258
2011-04-08,16.800458908081055
2011-04-09,16.800458908081055
2011-04-10,16.800458908081055
2011-04-11,16.659114837646484
2011-04-12,16.30574607849121
2011-04-13,16.345321655273438
2011-04-14,16.370756149291992
2011-04-15,16.455564498901367
2011-04-16,16.455564498901367
2011-04-17,16.455564498901367
2011-04-18,16.161571502685547
2011-04-19,16.22942352294922
2011-04-20,16.91636085510254
2011-04-21,16.933320999145508
2011-04-22,16.933320999145508
2011-04-23,16.933320999145508
2011-04-24,16.933320999145508
2011-04-25,16.94463539123535
2011-04-26,17.22167205810547
2011-04-27,17.21036720275879
2011-04-28,17.122730255126953
2011-04-29,17.18209457397461
2011-04-30,17.18209457397461
2011-05-01,17.18209457397461
2011-05-02,17.026609420776367
2011-05-03,16.817420959472656
2011-05-04,16.811763763427734
2011-05-05,16.856998443603516
2011-05-06,16.989849090576172
2011-05-07,16.989849090576172
2011-05-08,16.989849090576172
2011-05-09,16.919187545776367
2011-05-10,17.001161575317383
2011-05-11,16.876785278320312
2011-05-12,17.097291946411133
2011-05-13,16.888092041015625
2011-05-14,16.888092041015625
2011-05-15,16.888092041015625
2011-05-16,16.650636672973633
2011-05-17,16.444259643554688
2011-05-18,16.743927001953125
2011-05-19,16.602571487426758
2011-05-20,16.568641662597656
2011-05-21,16.568641662597656
2011-05-22,16.568641662597656
2011-05-23,16.22942352294922
2011-05-24,16.08806800842285
2011-05-25,16.232240676879883
2011-05-26,16.38490104675293
2011-05-27,16.579959869384766
2011-05-28,16.579959869384766
2011-05-29,16.579959869384766
2011-05-30,16.579959869384766
2011-05-31,16.83155632019043
2011-06-01,16.342498779296875
2011-06-02,16.322702407836914
2011-06-03,16.03718376159668
2011-06-04,16.03718376159668
2011-06-05,16.03718376159668
2011-06-06,15.921277046203612
2011-06-07,15.986295700073242
2011-06-08,15.675338745117188
2011-06-09,15.686650276184082
2011-06-10,15.435056686401367
2011-06-11,15.435056686401367
2011-06-12,15.435056686401367
2011-06-13,15.299354553222656
2011-06-14,15.567914962768556
2011-06-15,15.282397270202637
2011-06-16,15.107120513916016
2011-06-17,14.88380241394043
2011-06-18,14.88380241394043
2011-06-19,14.88380241394043
2011-06-20,14.903582572937012
2011-06-21,15.254128456115724
2011-06-22,15.1947603225708
2011-06-23,15.4148530960083
2011-06-24,15.060781478881836
2011-06-25,15.060781478881836
2011-06-26,15.060781478881836
2011-06-27,15.13725471496582
2011-06-28,15.341203689575195
2011-06-29,15.36103057861328
2011-06-30,15.720768928527832
2011-07-01,16.05785369873047
2011-07-02,16.05785369873047
2011-07-03,16.05785369873047
2011-07-04,16.05785369873047
2011-07-05,15.930377006530762
2011-07-06,15.802907943725586
2011-07-07,16.103168487548828
2011-07-08,15.88222312927246
2011-07-09,15.88222312927246
2011-07-10,15.88222312927246
2011-07-11,15.607462882995604
2011-07-12,15.159930229187012
2011-07-13,15.111759185791016
2011-07-14,14.887991905212402
2011-07-15,14.947480201721191
2011-07-16,14.947480201721191
2011-07-17,14.947480201721191
2011-07-18,14.766190528869627
2011-07-19,15.227901458740234
2011-07-20,15.168416976928713
2011-07-21,15.281719207763672
2011-07-22,15.652779579162598
2011-07-23,15.652779579162598
2011-07-24,15.652779579162598
2011-07-25,15.468670845031738
2011-07-26,15.57347583770752
2011-07-27,15.018293380737305
2011-07-28,14.987139701843262
2011-07-29,14.86249828338623
2011-07-30,14.86249828338623
2011-07-31,14.86249828338623
2011-08-01,14.845500946044922
2011-08-02,14.414949417114258
2011-08-03,14.584909439086914
2011-08-04,13.743637084960938
2011-08-05,13.466044425964355
2011-08-06,13.466044425964355
2011-08-07,13.466044425964355
2011-08-08,12.746573448181152
2011-08-09,13.315914154052734
2011-08-10,13.060983657836914
2011-08-11,13.706811904907228
2011-08-12,13.65015983581543
2011-08-13,13.65015983581543
2011-08-14,13.65015983581543
2011-08-15,13.913588523864746
2011-08-16,13.664328575134276
2011-08-17,13.57368278503418
2011-08-18,12.789057731628418
2011-08-19,12.553953170776367
2011-08-20,12.553953170776367
2011-08-21,12.553953170776367
2011-08-22,12.63043212890625
2011-08-23,13.279095649719238
2011-08-24,13.290423393249512
2011-08-25,12.942015647888184
2011-08-26,13.301753044128418
2011-08-27,13.301753044128418
2011-08-28,13.301753044128418
2011-08-29,13.766295433044434
2011-08-30,13.763463973999023
2011-08-31,13.692646980285645
2011-09-01,13.46887493133545
2011-09-02,13.148794174194336
2011-09-03,13.148794174194336
2011-09-04,13.148794174194336
2011-09-05,13.148794174194336
2011-09-06,13.060983657836914
2011-09-07,13.616167068481444
2011-09-08,13.556687355041504
2011-09-09,13.412223815917969
2011-09-10,13.412223815917969
2011-09-11,13.412223815917969
2011-09-12,13.800284385681152
2011-09-13,14.072208404541016
2011-09-14,14.43478298187256
2011-09-15,14.667054176330566
2011-09-16,14.686880111694336
2011-09-17,14.686880111694336
2011-09-18,14.686880111694336
2011-09-19,14.531091690063477
2011-09-20,14.344141960144045
2011-09-21,14.055219650268556
2011-09-22,13.58217716217041
2011-09-23,13.828611373901367
2011-09-24,13.828611373901367
2011-09-25,13.828611373901367
2011-09-26,13.818954467773438
2011-09-27,14.07170581817627
2011-09-28,13.67979907989502
2011-09-29,13.503725051879885
2011-09-30,13.04082489013672
2011-10-01,13.04082489013672
2011-10-02,13.04082489013672
2011-10-03,12.558037757873535
2011-10-04,13.057863235473633
2011-10-05,13.472490310668944
2011-10-06,13.637200355529783
2011-10-07,13.69968032836914
2011-10-08,13.69968032836914
2011-10-09,13.69968032836914
2011-10-10,14.085908889770508
2011-10-11,14.07170581817627
2011-10-12,14.176783561706545
2011-10-13,14.463610649108888
2011-10-14,14.628331184387209
2011-10-15,14.628331184387209
2011-10-16,14.628331184387209
2011-10-17,14.247779846191406
2011-10-18,14.534615516662598
2011-10-19,14.242107391357422
2011-10-20,13.995031356811523
2011-10-21,14.293218612670898
2011-10-22,14.293218612670898
2011-10-23,14.293218612670898
2011-10-24,14.770322799682615
2011-10-25,14.52608871459961
2011-10-26,14.574369430541992
2011-10-27,15.190628051757812
2011-10-28,15.250269889831545
2011-10-29,15.250269889831545
2011-10-30,15.250269889831545
2011-10-31,14.881081581115724
2011-11-01,14.406815528869627
2011-11-02,14.460774421691896
2011-11-03,14.89243507385254
2011-11-04,15.06283473968506
2011-11-05,15.06283473968506
2011-11-06,15.06283473968506
2011-11-07,15.054306983947754
2011-11-08,15.12246799468994
2011-11-09,14.455096244812012
2011-11-10,14.551652908325195
2011-11-11,15.06283473968506
2011-11-12,15.06283473968506
2011-11-13,15.06283473968506
2011-11-14,14.89811897277832
2011-11-15,15.085546493530272
2011-11-16,15.034439086914062
2011-11-17,14.452248573303224
2011-11-18,14.315936088562012
2011-11-19,14.315936088562012
2011-11-20,14.315936088562012
2011-11-21,14.048988342285156
2011-11-22,13.870074272155762
2011-11-23,13.43272876739502
2011-11-24,13.43272876739502
2011-11-25,13.268014907836914
2011-11-26,13.268014907836914
2011-11-27,13.268014907836914
2011-11-28,13.671283721923828
2011-11-29,13.586085319519045
2011-11-30,14.350015640258787
2011-12-01,14.446573257446287
2011-12-02,14.449416160583496
2011-12-03,14.449416160583496
2011-12-04,14.449416160583496
2011-12-05,14.56869125366211
2011-12-06,14.53176975250244
2011-12-07,14.724886894226074
2011-12-08,14.29037857055664
2011-12-09,14.480653762817385
2011-12-10,14.480653762817385
2011-12-11,14.480653762817385
2011-12-12,14.09442901611328
2011-12-13,13.759317398071287
2011-12-14,13.543484687805176
2011-12-15,13.509407997131348
2011-12-16,13.640044212341309
2011-12-17,13.640044212341309
2011-12-18,13.640044212341309
2011-12-19,13.245294570922852
2011-12-20,13.833157539367676
2011-12-21,13.694000244140623
2011-12-22,14.15041160583496
2011-12-23,14.213010787963867
2011-12-24,14.213010787963867
2011-12-25,14.213010787963867
2011-12-26,14.213010787963867
2011-12-27,14.195938110351562
2011-12-28,13.98537540435791
2011-12-29,14.10772705078125
2011-12-30,14.056512832641602
2011-12-31,14.056512832641602
2012-01-01,14.056512832641602
2012-01-02,14.056512832641602
2012-01-03,14.23292636871338
2012-01-04,14.23292636871338
2012-01-05,14.42641830444336
2012-01-06,14.463412284851074
2012-01-07,14.463412284851074
2012-01-08,14.463412284851074
2012-01-09,14.756495475769045
2012-01-10,14.904452323913574
2012-01-11,14.955670356750488
2012-01-12,15.115012168884276
2012-01-13,14.80770778656006
2012-01-14,14.80770778656006
2012-01-15,14.80770778656006
2012-01-16,14.80770778656006
2012-01-17,14.850393295288086
2012-01-18,15.604433059692385
2012-01-19,15.914589881896973
2012-01-20,15.991405487060549
2012-01-21,15.991405487060549
2012-01-22,15.991405487060549
2012-01-23,15.94019603729248
2012-01-24,15.997102737426758
2012-01-25,16.065393447875977
2012-01-26,15.89751148223877
2012-01-27,15.948729515075684
2012-01-28,15.948729515075684
2012-01-29,15.948729515075684
2012-01-30,15.783700942993164
2012-01-31,15.795074462890623
2012-02-01,16.147918701171875
2012-02-02,16.236125946044922
2012-02-03,16.489368438720703
2012-02-04,16.489368438720703
2012-02-05,16.489368438720703
2012-02-06,16.30156707763672
2012-02-07,16.310102462768555
2012-02-08,16.506431579589844
2012-02-09,16.56051254272461
2012-02-10,16.238967895507812
2012-02-11,16.238967895507812
2012-02-12,16.238967895507812
2012-02-13,16.287343978881836
2012-02-14,16.347097396850586
2012-02-15,16.432456970214844
2012-02-16,16.845048904418945
2012-02-17,16.68854522705078
2012-02-18,16.68854522705078
2012-02-19,16.68854522705078
2012-02-20,16.68854522705078
2012-02-21,16.46091079711914
2012-02-22,16.401166915893555
2012-02-23,16.429615020751953
2012-02-24,16.378400802612305
2012-02-25,16.378400802612305
2012-02-26,16.378400802612305
2012-02-27,16.395465850830078
2012-02-28,16.66008949279785
2012-02-29,16.41254234313965
2012-03-01,16.423925399780273
2012-03-02,16.238967895507812
2012-03-03,16.238967895507812
2012-03-04,16.238967895507812
2012-03-05,15.8519926071167
2012-03-06,15.704030990600586
2012-03-07,15.9345064163208
2012-03-08,16.170679092407227
2012-03-09,16.347097396850586
2012-03-10,16.347097396850586
2012-03-11,16.347097396850586
2012-03-12,16.190595626831055
2012-03-13,16.543437957763672
2012-03-14,16.489368438720703
2012-03-15,16.816593170166016
2012-03-16,16.845048904418945
2012-03-17,16.845048904418945
2012-03-18,16.845048904418945
2012-03-19,16.964555740356445
2012-03-20,16.83081817626953
2012-03-21,16.899110794067383
2012-03-22,16.808053970336914
2012-03-23,16.842208862304688
2012-03-24,16.842208862304688
2012-03-25,16.842208862304688
2012-03-26,17.07451629638672
2012-03-27,17.068811416625977
2012-03-28,16.87213706970215
2012-03-29,16.874982833862305
2012-03-30,16.94624900817871
2012-03-31,16.94624900817871
2012-04-01,16.94624900817871
2012-04-02,16.960494995117188
2012-04-03,16.689695358276367
2012-04-04,16.32198715209961
2012-04-05,16.347644805908203
2012-04-06,16.347644805908203
2012-04-07,16.347644805908203
2012-04-08,16.347644805908203
2012-04-09,16.13100242614746
2012-04-10,15.826000213623049
2012-04-11,16.091096878051758
2012-04-12,16.39610481262207
2012-04-13,16.1053524017334
2012-04-14,16.1053524017334
2012-04-15,16.1053524017334
2012-04-16,16.09964370727539
2012-04-17,16.350494384765625
2012-04-18,16.23077392578125
2012-04-19,16.031234741210938
2012-04-20,15.660663604736328
2012-04-21,15.660663604736328
2012-04-22,15.660663604736328
2012-04-23,15.469685554504396
2012-04-24,15.355660438537598
2012-04-25,15.697724342346191
2012-04-26,16.059738159179688
2012-04-27,16.06258773803711
2012-04-28,16.06258773803711
2012-04-29,16.06258773803711
2012-04-30,15.994174003601074
2012-05-01,16.042638778686523
2012-05-02,16.119600296020508
2012-05-03,15.717677116394045
2012-05-04,15.401273727416992
2012-05-05,15.401273727416992
2012-05-06,15.401273727416992
2012-05-07,15.355660438537598
2012-05-08,15.267300605773926
2012-05-09,15.213140487670898
2012-05-10,15.156132698059082
2012-05-11,15.2615966796875
2012-05-12,15.2615966796875
2012-05-13,15.2615966796875
2012-05-14,15.113370895385742
2012-05-15,14.95374584197998
2012-05-16,14.722854614257812
2012-05-17,14.397892951965332
2012-05-18,14.121397018432615
2012-05-19,14.121397018432615
2012-05-20,14.121397018432615
2012-05-21,14.474859237670898
2012-05-22,14.369391441345217
2012-05-23,14.426403045654297
2012-05-24,14.221163749694824
2012-05-25,14.363689422607422
2012-05-26,14.363689422607422
2012-05-27,14.363689422607422
2012-05-28,14.363689422607422
2012-05-29,14.671547889709473
2012-05-30,14.466309547424316
2012-05-31,14.315231323242188
2012-06-01,13.70237159729004
2012-06-02,13.70237159729004
2012-06-03,13.70237159729004
2012-06-04,13.679570198059082
2012-06-05,13.941815376281738
2012-06-06,14.380794525146484
2012-06-07,14.252524375915527
2012-06-08,14.400748252868652
2012-06-09,14.400748252868652
2012-06-10,14.400748252868652
2012-06-11,14.198354721069336
2012-06-12,14.452055931091309
2012-06-13,14.33803367614746
2012-06-14,14.306675910949709
2012-06-15,14.531866073608398
2012-06-16,14.531866073608398
2012-06-17,14.531866073608398
2012-06-18,14.7342529296875
2012-06-19,14.927964210510254
2012-06-20,15.05937957763672
2012-06-21,14.445124626159668
2012-06-22,14.653682708740234
2012-06-23,14.653682708740234
2012-06-24,14.653682708740234
2012-06-25,14.17941951751709
2012-06-26,14.233705520629885
2012-06-27,14.416549682617188
2012-06-28,14.325129508972168
2012-06-29,14.94796085357666
2012-06-30,14.94796085357666
2012-07-01,14.94796085357666
2012-07-02,14.92510223388672
2012-07-03,15.107952117919922
2012-07-04,15.107952117919922
2012-07-05,14.993670463562012
2012-07-06,14.616547584533691
2012-07-07,14.616547584533691
2012-07-08,14.616547584533691
2012-07-09,14.422271728515623
2012-07-10,14.12513828277588
2012-07-11,13.967997550964355
2012-07-12,13.74801254272461
2012-07-13,13.845149040222168
2012-07-14,13.845149040222168
2012-07-15,13.845149040222168
2012-07-16,13.71657943725586
2012-07-17,13.659443855285645
2012-07-18,14.12513828277588
2012-07-19,14.407981872558594
2012-07-20,14.167990684509276
2012-07-21,14.167990684509276
2012-07-22,14.167990684509276
2012-07-23,14.050851821899414
2012-07-24,13.985139846801758
2012-07-25,14.265131950378418
2012-07-26,14.579402923583984
2012-07-27,14.93652629852295
2012-07-28,14.93652629852295
2012-07-29,14.93652629852295
2012-07-30,14.802255630493164
2012-07-31,14.91081714630127
2012-08-01,14.907962799072266
2012-08-02,14.81939697265625
2012-08-03,15.150809288024902
2012-08-04,15.150809288024902
2012-08-05,15.150809288024902
2012-08-06,15.202235221862791
2012-08-07,15.5536527633667
2012-08-08,15.59079647064209
2012-08-09,15.71364402770996
2012-08-10,15.793636322021484
2012-08-11,15.793636322021484
2012-08-12,15.793636322021484
2012-08-13,15.65650463104248
2012-08-14,15.536505699157717
2012-08-15,15.625078201293944
2012-08-16,15.87077808380127
2012-08-17,15.75649642944336
2012-08-18,15.75649642944336
2012-08-19,15.75649642944336
2012-08-20,15.650779724121094
2012-08-21,15.65936279296875
2012-08-22,15.545082092285156
2012-08-23,15.45651149749756
2012-08-24,15.533655166625977
2012-08-25,15.533655166625977
2012-08-26,15.533655166625977
2012-08-27,15.473654747009276
2012-08-28,15.45079517364502
2012-08-29,15.467941284179688
2012-08-30,15.230798721313477
2012-08-31,15.413655281066896
2012-09-01,15.413655281066896
2012-09-02,15.413655281066896
2012-09-03,15.413655281066896
2012-09-04,15.29365062713623
2012-09-05,15.210806846618652
2012-09-06,15.673649787902832
2012-09-07,15.63078784942627
2012-09-08,15.63078784942627
2012-09-09,15.63078784942627
2012-09-10,15.359376907348633
2012-09-11,15.459365844726562
2012-09-12,15.493651390075684
2012-09-13,15.63078784942627
2012-09-14,15.836491584777832
2012-09-15,15.836491584777832
2012-09-16,15.836491584777832
2012-09-17,15.673649787902832
2012-09-18,15.607934951782228
2012-09-19,15.513656616210938
2012-09-20,15.362229347229004
2012-09-21,15.37936305999756
2012-09-22,15.37936305999756
2012-09-23,15.37936305999756
2012-09-24,15.15937614440918
2012-09-25,14.78200626373291
2012-09-26,14.67582893371582
2012-09-27,15.008715629577637
2012-09-28,14.888188362121582
2012-09-29,14.888188362121582
2012-09-30,14.888188362121582
2012-10-01,14.83079433441162
2012-10-02,14.902538299560549
2012-10-03,14.856621742248535
2012-10-04,14.934104919433594
2012-10-05,14.916888236999512
2012-10-06,14.916888236999512
2012-10-07,14.916888236999512
2012-10-08,14.753311157226562
2012-10-09,14.526605606079102
2012-10-10,14.32571792602539
2012-10-11,14.368769645690918
2012-10-12,14.28554916381836
2012-10-13,14.28554916381836
2012-10-14,14.28554916381836
2012-10-15,14.47781467437744
2012-10-16,14.807839393615724
2012-10-17,14.779144287109377
2012-10-18,14.635652542114258
2012-10-19,14.19658374786377
2012-10-20,14.19658374786377
2012-10-21,14.19658374786377
2012-10-22,14.233888626098633
2012-10-23,14.268327713012695
2012-10-24,14.038752555847168
2012-10-25,14.245366096496582
2012-10-26,14.291285514831545
2012-10-27,14.291285514831545
2012-10-28,14.291285514831545
2012-10-29,14.291285514831545
2012-10-30,14.291285514831545
2012-10-31,14.317111015319824
2012-11-01,14.767662048339844
2012-11-02,14.492168426513672
2012-11-03,14.492168426513672
2012-11-04,14.492168426513672
2012-11-05,14.744705200195312
2012-11-06,14.965672492980955
2012-11-07,14.561040878295898
2012-11-08,14.39459228515625
2012-11-09,14.411812782287598
2012-11-10,14.411812782287598
2012-11-11,14.411812782287598
2012-11-12,14.42042064666748
2012-11-13,14.311373710632324
2012-11-14,14.0789213180542
2012-11-15,13.903868675231934
2012-11-16,13.906740188598633
2012-11-17,13.906740188598633
2012-11-18,13.906740188598633
2012-11-19,14.187975883483888
2012-11-20,14.124831199645996
2012-11-21,14.176496505737305
2012-11-22,14.176496505737305
2012-11-23,14.411812782287598
2012-11-24,14.411812782287598
2012-11-25,14.411812782287598
2012-11-26,14.47207736968994
2012-11-27,14.440505027770996
2012-11-28,14.592607498168944
2012-11-29,14.635652542114258
2012-11-30,14.615565299987791
2012-12-01,14.615565299987791
2012-12-02,14.615565299987791
2012-12-03,14.546689987182615
2012-12-04,14.635652542114258
2012-12-05,14.63851547241211
2012-12-06,14.78200626373291
2012-12-07,14.81357765197754
2012-12-08,14.81357765197754
2012-12-09,14.81357765197754
2012-12-10,14.911148071289062
2012-12-11,15.195253372192385
2012-12-12,15.137856483459473
2012-12-13,14.99437141418457
2012-12-14,14.879582405090332
2012-12-15,14.879582405090332
2012-12-16,14.879582405090332
2012-12-17,14.942712783813477
2012-12-18,15.223950386047363
2012-12-19,15.243536949157717
2012-12-20,15.21473217010498
2012-12-21,15.073613166809082
2012-12-22,15.073613166809082
2012-12-23,15.073613166809082
2012-12-24,15.004497528076172
2012-12-25,15.004497528076172
2012-12-26,14.906577110290527
2012-12-27,14.828822135925291
2012-12-28,14.73378562927246
2012-12-29,14.73378562927246
2012-12-30,14.73378562927246
2012-12-31,14.987217903137209
2013-01-01,14.987217903137209
2013-01-02,15.640962600708008
2013-01-03,15.534408569335938
2013-01-04,15.525771141052246
2013-01-05,15.525771141052246
2013-01-06,15.525771141052246
2013-01-07,15.471052169799805
2013-01-08,15.292490005493164
2013-01-09,15.439371109008787
2013-01-10,15.66400146484375
2013-01-11,15.738879203796388
2013-01-12,15.738879203796388
2013-01-13,15.738879203796388
2013-01-14,15.712963104248049
2013-01-15,15.626564979553224
2013-01-16,15.813759803771973
2013-01-17,16.11326789855957
2013-01-18,16.044157028198242
2013-01-19,16.044157028198242
2013-01-20,16.044157028198242
2013-01-21,16.044157028198242
2013-01-22,15.989442825317385
2013-01-23,16.16798973083496
2013-01-24,16.015356063842773
2013-01-25,16.219833374023438
2013-01-26,16.219833374023438
2013-01-27,16.219833374023438
2013-01-28,16.260154724121094
2013-01-29,16.15646743774414
2013-01-30,16.17375946044922
2013-01-31,16.13343048095703
2013-02-01,16.447351455688477
2013-02-02,16.447351455688477
2013-02-03,16.447351455688477
2013-02-04,16.19391632080078
2013-02-05,16.447351455688477
2013-02-06,16.4876651763916
2013-02-07,16.398391723632812
2013-02-08,16.599987030029297
2013-02-09,16.599987030029297
2013-02-10,16.599987030029297
2013-02-11,16.640302658081055
2013-02-12,16.66910171508789
2013-02-13,16.703664779663086
2013-02-14,16.87647247314453
2013-02-15,16.784303665161133
2013-02-16,16.784303665161133
2013-02-17,16.784303665161133
2013-02-18,16.784303665161133
2013-02-19,16.97726058959961
2013-02-20,16.6143856048584
2013-02-21,16.30335235595703
2013-02-22,16.64606285095215
2013-02-23,16.64606285095215
2013-02-24,16.64606285095215
2013-02-25,16.32926368713379
2013-02-26,16.438709259033203
2013-02-27,16.709423065185547
2013-02-28,16.720935821533203
2013-03-01,16.651824951171875
2013-03-02,16.651824951171875
2013-03-03,16.651824951171875
2013-03-04,16.605743408203125
2013-03-05,16.931180953979492
2013-03-06,16.951337814331055
2013-03-07,17.029102325439453
2013-03-08,17.052135467529297
2013-03-09,17.052135467529297
2013-03-10,17.052135467529297
2013-03-11,17.06941795349121
2013-03-12,17.141416549682617
2013-03-13,17.193252563476562
2013-03-14,17.28252410888672
2013-03-15,17.00029945373535
2013-03-16,17.00029945373535
2013-03-17,17.00029945373535
2013-03-18,16.784303665161133
2013-03-19,16.715187072753906
2013-03-20,16.93692970275879
2013-03-21,16.66333770751953
2013-03-22,16.84766960144043
2013-03-23,16.84766960144043
2013-03-24,16.84766960144043
2013-03-25,16.83003807067871
2013-03-26,16.9600772857666
2013-03-27,16.99474334716797
2013-03-28,17.11034393310547
2013-03-29,17.11034393310547
2013-03-30,17.11034393310547
2013-03-31,17.11034393310547
2013-04-01,16.760677337646484
2013-04-02,16.61330223083496
2013-04-03,16.278087615966797
2013-04-04,16.491928100585938
2013-04-05,16.405231475830078
2013-04-06,16.405231475830078
2013-04-07,16.405231475830078
2013-04-08,16.604629516601562
2013-04-09,16.763568878173828
2013-04-10,17.139232635498047
2013-04-11,17.05832862854004
2013-04-12,16.98897361755371
2013-04-13,16.98897361755371
2013-04-14,16.98897361755371
2013-04-15,16.57573699951172
2013-04-16,16.916725158691406
2013-04-17,16.35033416748047
2013-04-18,16.21161651611328
2013-04-19,16.332992553710938
2013-04-20,16.332992553710938
2013-04-21,16.332992553710938
2013-04-22,16.50926971435547
2013-04-23,16.850269317626953
2013-04-24,17.06698989868164
2013-04-25,17.234601974487305
2013-04-26,17.06698989868164
2013-04-27,17.06698989868164
2013-04-28,17.06698989868164
2013-04-29,17.2779483795166
2013-04-30,17.41088104248047
2013-05-01,17.275062561035156
2013-05-02,17.50335693359375
2013-05-03,17.639171600341797
2013-05-04,17.639171600341797
2013-05-05,17.639171600341797
2013-05-06,17.77787971496582
2013-05-07,17.79233169555664
2013-05-08,17.983049392700195
2013-05-09,18.11598014831543
2013-05-10,18.27491950988769
2013-05-11,18.27491950988769
2013-05-12,18.27491950988769
2013-05-13,18.0986385345459
2013-05-14,18.18244743347168
2013-05-15,18.35872459411621
2013-05-16,18.228679656982425
2013-05-17,18.462757110595703
2013-05-18,18.462757110595703
2013-05-19,18.462757110595703
2013-05-20,18.42807579040528
2013-05-21,18.425188064575195
2013-05-22,18.133319854736328
2013-05-23,18.136213302612305
2013-05-24,18.130430221557617
2013-05-25,18.130430221557617
2013-05-26,18.130430221557617
2013-05-27,18.130430221557617
2013-05-28,18.295148849487305
2013-05-29,18.364500045776367
2013-05-30,18.64770126342773
2013-05-31,18.40206718444824
2013-06-01,18.40206718444824
2013-06-02,18.40206718444824
2013-06-03,18.46853256225586
2013-06-04,18.552335739135746
2013-06-05,18.269142150878903
2013-06-06,18.243135452270508
2013-06-07,18.5147647857666
2013-06-08,18.5147647857666
2013-06-09,18.5147647857666
2013-06-10,18.62747001647949
2013-06-11,18.208457946777344
2013-06-12,17.997501373291016
2013-06-13,18.364500045776367
2013-06-14,18.28937149047852
2013-06-15,18.28937149047852
2013-06-16,18.28937149047852
2013-06-17,18.555221557617188
2013-06-18,18.86153984069824
2013-06-19,18.639026641845703
2013-06-20,18.04952049255371
2013-06-21,18.12753677368164
2013-06-22,18.12753677368164
2013-06-23,18.12753677368164
2013-06-24,17.740312576293945
2013-06-25,18.17377662658692
2013-06-26,18.26672744750977
2013-06-27,18.3304443359375
2013-06-28,18.39414405822754
2013-06-29,18.39414405822754
2013-06-30,18.39414405822754
2013-07-01,18.370983123779297
2013-07-02,18.397045135498047
2013-07-03,18.48101234436035
2013-07-04,18.48101234436035
2013-07-05,18.72136688232422
2013-07-06,18.72136688232422
2013-07-07,18.72136688232422
2013-07-08,18.347814559936523
2013-07-09,18.54472541809082
2013-07-10,18.735855102539062
2013-07-11,19.14415740966797
2013-07-12,19.248411178588867
2013-07-13,19.248411178588867
2013-07-14,19.248411178588867
2013-07-15,19.248411178588867
2013-07-16,19.32369804382324
2013-07-17,19.32949447631836
2013-07-18,19.16732406616211
2013-07-19,19.11809158325196
2013-07-20,19.11809158325196
2013-07-21,19.11809158325196
2013-07-22,19.080453872680664
2013-07-23,19.025426864624023
2013-07-24,18.669246673583984
2013-07-25,18.76481056213379
2013-07-26,18.61712074279785
2013-07-27,18.61712074279785
2013-07-28,18.61712074279785
2013-07-29,18.49839782714844
2013-07-30,18.72136688232422
2013-07-31,18.814037322998047
2013-08-01,19.14126777648925
2013-08-02,19.037012100219727
2013-08-03,19.037012100219727
2013-08-04,19.037012100219727
2013-08-05,18.99646759033203
2013-08-06,18.880640029907227
2013-08-07,18.67503547668457
2013-08-08,18.68372344970703
2013-08-09,18.588165283203125
2013-08-10,18.588165283203125
2013-08-11,18.588165283203125
2013-08-12,18.65767288208008
2013-08-13,18.87774658203125
2013-08-14,18.59106063842773
2013-08-15,18.171173095703125
2013-08-16,18.23487663269043
2013-08-17,18.23487663269043
2013-08-18,18.23487663269043
2013-08-19,18.10457229614257
2013-08-20,18.231983184814453
2013-08-21,18.09298515319824
2013-08-22,18.29279518127441
2013-08-23,18.29279518127441
2013-08-24,18.29279518127441
2013-08-25,18.29279518127441
2013-08-26,18.258041381835938
2013-08-27,17.809194564819336
2013-08-28,18.04085350036621
2013-08-29,18.22908973693848
2013-08-30,18.07271957397461
2013-08-31,18.07271957397461
2013-09-01,18.07271957397461
2013-09-02,18.07271957397461
2013-09-03,18.22329330444336
2013-09-04,18.68372344970703
2013-09-05,18.825624465942383
2013-09-06,18.73874855041504
2013-09-07,18.73874855041504
2013-09-08,18.73874855041504
2013-09-09,18.98778533935547
2013-09-10,19.35845184326172
2013-09-11,19.306316375732425
2013-09-12,19.178905487060547
2013-09-13,19.268678665161133
2013-09-14,19.268678665161133
2013-09-15,19.268678665161133
2013-09-16,19.332387924194336
2013-09-17,19.4655876159668
2013-09-18,19.63934135437012
2013-09-19,19.58142471313477
2013-09-20,19.47428131103516
2013-09-21,19.47428131103516
2013-09-22,19.47428131103516
2013-09-23,19.39319610595703
2013-09-24,19.515663146972656
2013-09-25,19.536022186279297
2013-09-26,19.524389266967773
2013-09-27,19.3673095703125
2013-09-28,19.3673095703125
2013-09-29,19.3673095703125
2013-09-30,19.387676239013672
2013-10-01,19.57384490966797
2013-10-02,19.53894424438477
2013-10-03,19.48948097229004
2013-10-04,19.63783073425293
2013-10-05,19.63783073425293
2013-10-06,19.63783073425293
2013-10-07,19.53894424438477
2013-10-08,19.227689743041992
2013-10-09,19.15786933898925
2013-10-10,19.58547019958496
2013-10-11,19.62328720092773
2013-10-12,19.62328720092773
2013-10-13,19.62328720092773
2013-10-14,19.77745819091797
2013-10-15,19.600017547607425
2013-10-16,19.78619384765625
2013-10-17,19.931638717651367
2013-10-18,19.986900329589844
2013-10-19,19.986900329589844
2013-10-20,19.986900329589844
2013-10-21,20.03635025024414
2013-10-22,19.98981285095215
2013-10-23,19.329496383666992
2013-10-24,19.50111389160156
2013-10-25,19.56220436096192
2013-10-26,19.56220436096192
2013-10-27,19.56220436096192
2013-10-28,19.69601058959961
2013-10-29,20.01307678222656
2013-10-30,19.902544021606445
2013-10-31,20.03344345092773
2013-11-01,19.94617462158203
2013-11-02,19.94617462158203
2013-11-03,19.94617462158203
2013-11-04,19.931638717651367
2013-11-05,19.885093688964844
2013-11-06,19.92581558227539
2013-11-07,19.57384490966797
2013-11-08,19.78619384765625
2013-11-09,19.78619384765625
2013-11-10,19.78619384765625
2013-11-11,19.78619384765625
2013-11-12,19.908361434936523
2013-11-13,20.06834983825684
2013-11-14,19.98399543762207
2013-11-15,20.111989974975582
2013-11-16,20.111989974975582
2013-11-17,20.111989974975582
2013-11-18,19.931638717651367
2013-11-19,19.70183753967285
2013-11-20,19.597124099731445
2013-11-21,19.95199584960937
2013-11-22,19.978178024291992
2013-11-23,19.978178024291992
2013-11-24,19.978178024291992
2013-11-25,19.95199584960937
2013-11-26,20.12071418762207
2013-11-27,20.17598342895508
2013-11-28,20.17598342895508
2013-11-29,20.20797348022461
2013-11-30,20.20797348022461
2013-12-01,20.20797348022461
2013-12-02,20.15852165222168
2013-12-03,20.22833251953125
2013-12-04,20.13525390625
2013-12-05,20.17598342895508
2013-12-06,20.411598205566406
2013-12-07,20.411598205566406
2013-12-08,20.411598205566406
2013-12-09,20.45813751220703
2013-12-10,20.40287208557129
2013-12-11,20.225431442260746
2013-12-12,20.05962562561035
2013-12-13,20.01889419555664
2013-12-14,20.01889419555664
2013-12-15,20.01889419555664
2013-12-16,20.26614761352539
2013-12-17,20.478498458862305
2013-12-18,20.586124420166016
2013-12-19,20.50177574157715
2013-12-20,20.685035705566406
2013-12-21,20.685035705566406
2013-12-22,20.685035705566406
2013-12-23,20.83941078186035
2013-12-24,20.886096954345703
2013-12-25,20.886096954345703
2013-12-26,20.967819213867188
2013-12-27,20.98531913757324
2013-12-28,20.98531913757324
2013-12-29,20.98531913757324
2013-12-30,21.02033805847168
2013-12-31,21.218788146972656
2014-01-01,21.218788146972656
2014-01-02,20.926952362060547
2014-01-03,20.86566925048828
2014-01-04,20.86566925048828
2014-01-05,20.86566925048828
2014-01-06,20.76352882385254
2014-01-07,20.90652275085449
2014-01-08,21.218788146972656
2014-01-09,21.06119728088379
2014-01-10,21.15750312805176
2014-01-11,21.15750312805176
2014-01-12,21.15750312805176
2014-01-13,20.91820526123047
2014-01-14,21.367616653442383
2014-01-15,21.557308197021484
2014-01-16,21.446409225463867
2014-01-17,21.329683303833008
2014-01-18,21.329683303833008
2014-01-19,21.329683303833008
2014-01-20,21.329683303833008
2014-01-21,21.446409225463867
2014-01-22,21.67695617675781
2014-01-23,21.46099853515625
2014-01-24,20.96198272705078
2014-01-25,20.96198272705078
2014-01-26,20.96198272705078
2014-01-27,20.81606674194336
2014-01-28,20.900691986083984
2014-01-29,20.821901321411133
2014-01-30,21.08453750610352
2014-01-31,20.98824691772461
2014-02-01,20.98824691772461
2014-02-02,20.98824691772461
2014-02-03,20.518400192260746
2014-02-04,20.553422927856445
2014-02-05,20.579683303833008
2014-02-06,20.90652275085449
2014-02-07,21.236289978027344
2014-02-08,21.236289978027344
2014-02-09,21.236289978027344
2014-02-10,21.34427261352539
2014-02-11,21.624425888061523
2014-02-12,21.814115524291992
2014-02-13,22.06216812133789
2014-02-14,22.20516586303711
2014-02-15,22.20516586303711
2014-02-16,22.20516586303711
2014-02-17,22.20516586303711
2014-02-18,22.26353454589844
2014-02-19,22.243106842041016
2014-02-20,22.39484596252441
2014-02-21,22.298545837402344
2014-02-22,22.298545837402344
2014-02-23,22.298545837402344
2014-02-24,22.386096954345703
2014-02-25,22.26644515991211
2014-02-26,22.418193817138672
2014-02-27,22.415281295776367
2014-02-28,22.39776611328125
2014-03-01,22.39776611328125
2014-03-02,22.39776611328125
2014-03-03,22.257688522338867
2014-03-04,22.65165328979492
2014-03-05,22.6954288482666
2014-03-06,22.8530216217041
2014-03-07,22.82674789428711
2014-03-08,22.82674789428711
2014-03-09,22.82674789428711
2014-03-10,22.788818359375
2014-03-11,22.6633358001709
2014-03-12,22.84426498413086
2014-03-13,22.473642349243164
2014-03-14,22.34523582458496
2014-03-15,22.34523582458496
2014-03-16,22.34523582458496
2014-03-17,22.62247657775879
2014-03-18,22.94931983947754
2014-03-19,22.92889404296875
2014-03-20,23.35204315185547
2014-03-21,23.14776039123535
2014-03-22,23.14776039123535
2014-03-23,23.14776039123535
2014-03-24,23.054378509521484
2014-03-25,23.22672462463379
2014-03-26,22.963382720947266
2014-03-27,22.79367446899414
2014-03-28,22.94289779663086
2014-03-29,22.94289779663086
2014-03-30,22.94289779663086
2014-03-31,23.31743049621582
2014-04-01,23.68903160095215
2014-04-02,23.653921127319336
2014-04-03,23.68903160095215
2014-04-04,23.018978118896484
2014-04-05,23.018978118896484
2014-04-06,23.018978118896484
2014-04-07,22.81123352050781
2014-04-08,23.10968399047852
2014-04-09,23.3525390625
2014-04-10,22.62980842590332
2014-04-11,22.27577018737793
2014-04-12,22.27577018737793
2014-04-13,22.27577018737793
2014-04-14,22.45425796508789
2014-04-15,22.600557327270508
2014-04-16,22.562515258789062
2014-04-17,22.986787796020508
2014-04-18,22.986787796020508
2014-04-19,22.986787796020508
2014-04-20,22.986787796020508
2014-04-21,23.19453430175781
2014-04-22,23.402284622192383
2014-04-23,23.38180351257324
2014-04-24,23.51346778869629
2014-04-25,22.74392509460449
2014-04-26,22.74392509460449
2014-04-27,22.74392509460449
2014-04-28,22.615184783935547
2014-04-29,22.77026557922364
2014-04-30,22.88438034057617
2014-05-01,22.81123352050781
2014-05-02,22.890226364135746
2014-05-03,22.890226364135746
2014-05-04,22.890226364135746
2014-05-05,22.910717010498047
2014-05-06,22.822933197021484
2014-05-07,22.831710815429688
2014-05-08,22.989707946777344
2014-05-09,22.916563034057617
2014-05-10,22.916563034057617
2014-05-11,22.916563034057617
2014-05-12,23.33497428894043
2014-05-13,23.150644302368164
2014-05-14,22.95752716064453
2014-05-15,22.688337326049805
2014-05-16,22.939979553222656
2014-05-17,22.939979553222656
2014-05-18,22.939979553222656
2014-05-19,23.171123504638672
2014-05-20,23.0599422454834
2014-05-21,23.171123504638672
2014-05-22,23.27647018432617
2014-05-23,23.49884605407715
2014-05-24,23.49884605407715
2014-05-25,23.49884605407715
2014-05-26,23.49884605407715
2014-05-27,23.788516998291016
2014-05-28,23.82362937927246
2014-05-29,23.867521286010746
2014-05-30,23.89678192138672
2014-05-31,23.89678192138672
2014-06-01,23.89678192138672
2014-06-02,24.02845573425293
2014-06-03,24.253755569458008
2014-06-04,24.362016677856445
2014-06-05,24.48198127746582
2014-06-06,24.625354766845703
2014-06-07,24.625354766845703
2014-06-08,24.625354766845703
2014-06-09,24.64876365661621
2014-06-10,24.72191429138184
2014-06-11,24.850662231445312
2014-06-12,24.76580810546875
2014-06-13,25.0086669921875
2014-06-14,25.0086669921875
2014-06-15,25.0086669921875
2014-06-16,25.157894134521484
2014-06-17,25.34223747253418
2014-06-18,25.23690223693848
2014-06-19,25.272010803222656
2014-06-20,25.348087310791016
2014-06-21,25.348087310791016
2014-06-22,25.348087310791016
2014-06-23,25.25444984436035
2014-06-24,25.049644470214844
2014-06-25,25.155277252197266
2014-06-26,25.04376983642578
2014-06-27,25.0760555267334
2014-06-28,25.0760555267334
2014-06-29,25.0760555267334
2014-06-30,25.35186767578125
2014-07-01,25.6981143951416
2014-07-02,25.765600204467773
2014-07-03,25.92698097229004
2014-07-04,25.92698097229004
2014-07-05,25.92698097229004
2014-07-06,25.92698097229004
2014-07-07,25.75386428833008
2014-07-08,25.615949630737305
2014-07-09,25.771467208862305
2014-07-10,25.654102325439453
2014-07-11,25.651166915893555
2014-07-12,25.651166915893555
2014-07-13,25.651166915893555
2014-07-14,25.77733421325684
2014-07-15,25.7010498046875
2014-07-16,26.00034141540528
2014-07-17,25.32839584350586
2014-07-18,25.659961700439453
2014-07-19,25.659961700439453
2014-07-20,25.659961700439453
2014-07-21,25.736257553100582
2014-07-22,25.90351295471192
2014-07-23,25.310794830322266
2014-07-24,25.0760555267334
2014-07-25,24.58016014099121
2014-07-26,24.58016014099121
2014-07-27,24.58016014099121
2014-07-28,24.556690216064453
2014-07-29,24.512678146362305
2014-07-30,24.750354766845703
2014-07-31,24.248592376708984
2014-08-01,24.32781982421875
2014-08-02,24.32781982421875
2014-08-03,24.32781982421875
2014-08-04,24.433448791503903
2014-08-05,24.17523193359375
2014-08-06,24.25446128845215
2014-08-07,23.92875862121582
2014-08-08,24.22512626647949
2014-08-09,24.22512626647949
2014-08-10,24.22512626647949
2014-08-11,24.44519424438477
2014-08-12,24.427583694458008
2014-08-13,24.65938949584961
2014-08-14,24.706336975097656
2014-08-15,24.96748733520508
2014-08-16,24.96748733520508
2014-08-17,24.96748733520508
2014-08-18,25.06431770324707
2014-08-19,25.243303298950195
2014-08-20,25.45456886291504
2014-08-21,25.551401138305664
2014-08-22,25.56900405883789
2014-08-23,25.56900405883789
2014-08-24,25.56900405883789
2014-08-25,25.478036880493164
2014-08-26,25.480972290039062
2014-08-27,25.52792739868164
2014-08-28,25.610078811645508
2014-08-29,25.80374336242676
2014-08-30,25.80374336242676
2014-08-31,25.80374336242676
2014-09-01,25.80374336242676
2014-09-02,25.686378479003903
2014-09-03,25.75679397583008
2014-09-04,25.830154418945312
2014-09-05,26.044347763061523
2014-09-06,26.044347763061523
2014-09-07,26.044347763061523
2014-09-08,26.108905792236328
2014-09-09,25.868297576904297
2014-09-10,25.859487533569336
2014-09-11,25.92698097229004
2014-09-12,25.60421371459961
2014-09-13,25.60421371459961
2014-09-14,25.60421371459961
2014-09-15,25.29025077819824
2014-09-16,25.730388641357425
2014-09-17,25.915245056152344
2014-09-18,26.311368942260746
2014-09-19,25.98273086547852
2014-09-20,25.98273086547852
2014-09-21,25.98273086547852
2014-09-22,25.66876792907715
2014-09-23,25.58661460876465
2014-09-24,25.907325744628903
2014-09-25,25.43360710144043
2014-09-26,25.73372268676757
2014-09-27,25.73372268676757
2014-09-28,25.73372268676757
2014-09-29,25.766096115112305
2014-09-30,25.554244995117188
2014-10-01,24.93046760559082
2014-10-02,24.777463912963867
2014-10-03,24.933406829833984
2014-10-04,24.933406829833984
2014-10-05,24.933406829833984
2014-10-06,24.71567153930664
2014-10-07,24.24490547180176
2014-10-08,24.79217338562012
2014-10-09,24.12132453918457
2014-10-10,22.45888900756836
2014-10-11,22.45888900756836
2014-10-12,22.45888900756836
2014-10-13,21.982240676879883
2014-10-14,22.37945556640625
2014-10-15,22.485382080078125
2014-10-16,22.832576751708984
2014-10-17,23.00028610229492
2014-10-18,23.00028610229492
2014-10-19,23.00028610229492
2014-10-20,23.36513900756836
2014-10-21,24.22724723815918
2014-10-22,23.88004875183105
2014-10-23,24.224308013916016
2014-10-24,24.4655818939209
2014-10-25,24.4655818939209
2014-10-26,24.4655818939209
2014-10-27,24.58032989501953
2014-10-28,24.93046760559082
2014-10-29,24.98048591613769
2014-10-30,24.67741775512696
2014-10-31,25.642513275146484
2014-11-01,25.642513275146484
2014-11-02,25.642513275146484
2014-11-03,25.81904983520508
2014-11-04,25.724903106689453
2014-11-05,25.983827590942383
2014-11-06,25.76020622253418
2014-11-07,25.52776336669922
2014-11-08,25.52776336669922
2014-11-09,25.52776336669922
2014-11-10,25.716073989868164
2014-11-11,25.66605567932129
2014-11-12,25.62779998779297
2014-11-13,25.630754470825195
2014-11-14,25.854368209838867
2014-11-15,25.854368209838867
2014-11-16,25.854368209838867
2014-11-17,25.736671447753903
2014-11-18,26.23981285095215
2014-11-19,26.060327529907227
2014-11-20,26.29865264892578
2014-11-21,26.587007522583008
2014-11-22,26.587007522583008
2014-11-23,26.587007522583008
2014-11-24,26.842987060546875
2014-11-25,26.848876953125
2014-11-26,27.416746139526367
2014-11-27,27.416746139526367
2014-11-28,27.49325180053711
2014-11-29,27.49325180053711
2014-11-30,27.49325180053711
2014-12-01,27.14605140686035
2014-12-02,27.316707611083984
2014-12-03,27.890459060668945
2014-12-04,27.91399955749512
2014-12-05,28.19352912902832
2014-12-06,28.19352912902832
2014-12-07,28.19352912902832
2014-12-08,27.796310424804688
2014-12-09,27.79336929321289
2014-12-10,27.263748168945312
2014-12-11,27.393207550048828
2014-12-12,26.940080642700195
2014-12-13,26.940080642700195
2014-12-14,26.940080642700195
2014-12-15,26.689990997314453
2014-12-16,26.5075626373291
2014-12-17,27.07837104797364
2014-12-18,27.59328269958496
2014-12-19,27.596227645874023
2014-12-20,27.596227645874023
2014-12-21,27.596227645874023
2014-12-22,27.93460273742676
2014-12-23,27.8728084564209
2014-12-24,27.91464233398437
2014-12-25,27.91464233398437
2014-12-26,27.95022392272949
2014-12-27,27.95022392272949
2014-12-28,27.95022392272949
2014-12-29,27.87013816833496
2014-12-30,27.69513511657715
2014-12-31,27.55276298522949
2015-01-01,27.55276298522949
2015-01-02,27.52903175354004
2015-01-03,27.52903175354004
2015-01-04,27.52903175354004
2015-01-05,27.009950637817383
2015-01-06,26.40782165527344
2015-01-07,26.668834686279297
2015-01-08,27.460813522338867
2015-01-09,27.47564125061035
2015-01-10,27.47564125061035
2015-01-11,27.47564125061035
2015-01-12,26.94766426086425
2015-01-13,26.68367576599121
2015-01-14,26.532400131225582
2015-01-15,26.32180595397949
2015-01-16,26.609516143798828
2015-01-17,26.609516143798828
2015-01-18,26.609516143798828
2015-01-19,26.609516143798828
2015-01-20,26.885372161865234
2015-01-21,27.190887451171875
2015-01-22,27.35402488708496
2015-01-23,27.282838821411133
2015-01-24,27.282838821411133
2015-01-25,27.282838821411133
2015-01-26,27.33326530456543
2015-01-27,26.846811294555664
2015-01-28,26.71926689147949
2015-01-29,26.737070083618164
2015-01-30,26.21205139160156
2015-01-31,26.21205139160156
2015-02-01,26.21205139160156
2015-02-02,26.2802734375
2015-02-03,26.74596405029297
2015-02-04,26.846811294555664
2015-02-05,27.10782814025879
2015-02-06,26.95952796936035
2015-02-07,26.95952796936035
2015-02-08,26.95952796936035
2015-02-09,26.674781799316406
2015-02-10,27.576494216918945
2015-02-11,27.66547584533692
2015-02-12,28.1074333190918
2015-02-13,28.306171417236328
2015-02-14,28.306171417236328
2015-02-15,28.306171417236328
2015-02-16,28.306171417236328
2015-02-17,28.39514923095703
2015-02-18,28.32099723815918
2015-02-19,28.39811134338379
2015-02-20,28.56718635559082
2015-02-21,28.56718635559082
2015-02-22,28.56718635559082
2015-02-23,28.389217376708984
2015-02-24,28.76889419555664
2015-02-25,28.620576858520508
2015-02-26,28.816349029541016
2015-02-27,28.73033142089844
2015-02-28,28.73033142089844
2015-03-01,28.73033142089844
2015-03-02,29.519323348999023
2015-03-03,28.97355461120605
2015-03-04,28.93499183654785
2015-03-05,28.952789306640625
2015-03-06,28.653209686279297
2015-03-07,28.653209686279297
2015-03-08,28.653209686279297
2015-03-09,28.742197036743164
2015-03-10,28.21125221252441
2015-03-11,28.27354049682617
2015-03-12,28.26463890075684
2015-03-13,28.45447540283203
2015-03-14,28.45447540283203
2015-03-15,28.45447540283203
2015-03-16,28.887544631958008
2015-03-17,28.67693519592285
2015-03-18,28.890499114990234
2015-03-19,28.955766677856445
2015-03-20,29.36507797241211
2015-03-21,29.36507797241211
2015-03-22,29.36507797241211
2015-03-23,29.121862411499023
2015-03-24,28.87270736694336
2015-03-25,27.53109741210937
2015-03-26,27.15338134765625
2015-03-27,27.923677444458008
2015-03-28,27.923677444458008
2015-03-29,27.923677444458008
2015-03-30,28.28056526184082
2015-03-31,27.96234130859375
2015-04-01,27.78091812133789
2015-04-02,27.718461990356445
2015-04-03,27.718461990356445
2015-04-04,27.718461990356445
2015-04-05,27.718461990356445
2015-04-06,27.840394973754883
2015-04-07,27.852298736572266
2015-04-08,28.015869140625
2015-04-09,28.381681442260746
2015-04-10,28.497682571411133
2015-04-11,28.497682571411133
2015-04-12,28.497682571411133
2015-04-13,28.32815361022949
2015-04-14,28.0396671295166
2015-04-15,28.50659942626953
2015-04-16,28.38465690612793
2015-04-17,27.980180740356445
2015-04-18,27.980180740356445
2015-04-19,27.980180740356445
2015-04-20,28.218107223510746
2015-04-21,28.411420822143555
2015-04-22,28.812923431396484
2015-04-23,28.366809844970703
2015-04-24,27.899887084960938
2015-04-25,27.899887084960938
2015-04-26,27.899887084960938
2015-04-27,27.97126579284668
2015-04-28,27.99802589416504
2015-04-29,27.8433780670166
2015-04-30,27.60247611999512
2015-05-01,28.36979103088379
2015-05-02,28.36979103088379
2015-05-03,28.36979103088379
2015-05-04,28.31328582763672
2015-05-05,27.69764518737793
2015-05-06,27.664934158325195
2015-05-07,27.96829414367676
2015-05-08,28.247848510742188
2015-05-09,28.247848510742188
2015-05-10,28.247848510742188
2015-05-11,28.265701293945312
2015-05-12,28.00992584228516
2015-05-13,28.182422637939453
2015-05-14,28.518489837646484
2015-05-15,28.56608009338379
2015-05-16,28.56608009338379
2015-05-17,28.56608009338379
2015-05-18,28.84564208984375
2015-05-19,28.741548538208008
2015-05-20,28.804000854492188
2015-05-21,28.949731826782227
2015-05-22,29.009218215942383
2015-05-23,29.009218215942383
2015-05-24,29.009218215942383
2015-05-25,29.009218215942383
2015-05-26,28.786157608032227
2015-05-27,29.916316986083984
2015-05-28,29.94604682922364
2015-05-29,30.05906867980957
2015-05-30,30.05906867980957
2015-05-31,30.05906867980957
2015-06-01,30.076908111572266
2015-06-02,29.740835189819336
2015-06-03,29.5385971069336
2015-06-04,29.27094078063965
2015-06-05,29.27391815185547
2015-06-06,29.27391815185547
2015-06-07,29.27391815185547
2015-06-08,28.72370338439941
2015-06-09,28.705860137939453
2015-06-10,29.0627498626709
2015-06-11,29.05382537841797
2015-06-12,28.7921085357666
2015-06-13,28.7921085357666
2015-06-14,28.7921085357666
2015-06-15,28.73263168334961
2015-06-16,28.812923431396484
2015-06-17,28.836715698242188
2015-06-18,29.24417304992676
2015-06-19,29.098438262939453
2015-06-20,29.098438262939453
2015-06-21,29.098438262939453
2015-06-22,29.34528923034668
2015-06-23,29.199556350708008
2015-06-24,28.89093589782715
2015-06-25,28.87006568908692
2015-06-26,28.15144920349121
2015-06-27,28.15144920349121
2015-06-28,28.15144920349121
2015-06-29,27.36126518249512
2015-06-30,27.459659576416016
2015-07-01,27.52525520324707
2015-07-02,27.653478622436523
2015-07-03,27.653478622436523
2015-07-04,27.653478622436523
2015-07-05,27.653478622436523
2015-07-06,27.250932693481445
2015-07-07,27.16446304321289
2015-07-08,26.430927276611328
2015-07-09,26.093982696533203
2015-07-10,26.57703971862793
2015-07-11,26.57703971862793
2015-07-12,26.57703971862793
2015-07-13,26.80067253112793
2015-07-14,27.080968856811523
2015-07-15,26.919946670532227
2015-07-16,26.97064781188965
2015-07-17,26.91398811340332
2015-07-18,26.91398811340332
2015-07-19,26.91398811340332
2015-07-20,26.72911262512207
2015-07-21,26.735078811645508
2015-07-22,26.070127487182617
2015-07-23,26.457767486572266
2015-07-24,25.927001953125
2015-07-25,25.927001953125
2015-07-26,25.927001953125
2015-07-27,25.736162185668945
2015-07-28,26.27289581298828
2015-07-29,26.30569839477539
2015-07-30,26.410058975219727
2015-07-31,26.10292625427246
2015-08-01,26.10292625427246
2015-08-02,26.10292625427246
2015-08-03,26.019439697265625
2015-08-04,25.73019790649414
2015-08-05,26.05521774291992
2015-08-06,25.59005546569824
2015-08-07,25.736162185668945
2015-08-08,25.736162185668945
2015-08-09,25.736162185668945
2015-08-10,26.37427520751953
2015-08-11,25.78089141845703
2015-08-12,25.92998695373535
2015-08-13,25.721250534057617
2015-08-14,25.50954246520996
2015-08-15,25.50954246520996
2015-08-16,25.50954246520996
2015-08-17,25.72721672058105
2015-08-18,25.241182327270508
2015-08-19,25.014562606811523
2015-08-20,24.07529258728028
2015-08-21,23.41629981994629
2015-08-22,23.41629981994629
2015-08-23,23.41629981994629
2015-08-24,22.891496658325195
2015-08-25,22.66488647460937
2015-08-26,23.795000076293945
2015-08-27,24.68059730529785
2015-08-28,24.8237247467041
2015-08-29,24.8237247467041
2015-08-30,24.8237247467041
2015-08-31,24.755146026611328
2015-09-01,23.881465911865234
2015-09-02,24.45099639892578
2015-09-03,24.641830444335938
2015-09-04,24.21542739868164
2015-09-05,24.21542739868164
2015-09-06,24.21542739868164
2015-09-07,24.21542739868164
2015-09-08,25.28889274597168
2015-09-09,24.8237247467041
2015-09-10,24.93404960632324
2015-09-11,24.948959350585938
2015-09-12,24.948959350585938
2015-09-13,24.948959350585938
2015-09-14,25.005619049072266
2015-09-15,25.324676513671875
2015-09-16,25.37834548950196
2015-09-17,25.175580978393555
2015-09-18,24.73724937438965
2015-09-19,24.73724937438965
2015-09-20,24.73724937438965
2015-09-21,24.662696838378903
2015-09-22,24.120014190673828
2015-09-23,23.94110679626465
2015-09-24,23.89339637756348
2015-09-25,24.02473831176757
2015-09-26,24.02473831176757
2015-09-27,24.02473831176757
2015-09-28,23.359050750732425
2015-09-29,23.514968872070312
2015-09-30,24.426549911499023
2015-10-01,24.13567352294922
2015-10-02,24.639440536499023
2015-10-03,24.639440536499023
2015-10-04,24.639440536499023
2015-10-05,25.11922264099121
2015-10-06,25.200183868408203
2015-10-07,25.53302764892578
2015-10-08,25.700946807861328
2015-10-09,25.54202079772949
2015-10-10,25.54202079772949
2015-10-11,25.54202079772949
2015-10-12,25.54202079772949
2015-10-13,25.2271671295166
2015-10-14,26.144739151000977
2015-10-15,26.39062118530273
2015-10-16,26.450597763061523
2015-10-17,26.450597763061523
2015-10-18,26.450597763061523
2015-10-19,26.441600799560547
2015-10-20,26.41761589050293
2015-10-21,26.45659637451172
2015-10-22,27.37415313720703
2015-10-23,27.70700454711914
2015-10-24,27.70700454711914
2015-10-25,27.70700454711914
2015-10-26,27.2092342376709
2015-10-27,26.97234916687012
2015-10-28,27.37116241455078
2015-10-29,26.63650321960449
2015-10-30,26.849411010742188
2015-10-31,26.849411010742188
2015-11-01,26.849411010742188
2015-11-02,27.086294174194336
2015-11-03,27.22722816467285
2015-11-04,27.30518913269043
2015-11-05,26.732460021972656
2015-11-06,27.44012451171875
2015-11-07,27.44012451171875
2015-11-08,27.44012451171875
2015-11-09,27.17325782775879
2015-11-10,26.6784896850586
2015-11-11,26.6994857788086
2015-11-12,26.354639053344727
2015-11-13,26.11775016784668
2015-11-14,26.11775016784668
2015-11-15,26.11775016784668
2015-11-16,26.43860244750977
2015-11-17,26.61551856994629
2015-11-18,26.87939453125
2015-11-19,26.94236946105957
2015-11-20,27.02932548522949
2015-11-21,27.02932548522949
2015-11-22,27.02932548522949
2015-11-23,26.705472946166992
2015-11-24,27.02032852172852
2015-11-25,27.059309005737305
2015-11-26,27.059309005737305
2015-11-27,27.17625617980957
2015-11-28,27.17625617980957
2015-11-29,27.17625617980957
2015-11-30,27.47011947631836
2015-12-01,27.895919799804688
2015-12-02,27.76398277282715
2015-12-03,27.59604835510254
2015-12-04,28.072832107543945
2015-12-05,28.072832107543945
2015-12-06,28.072832107543945
2015-12-07,27.84494400024414
2015-12-08,27.608055114746094
2015-12-09,27.24822235107422
2015-12-10,27.38016128540039
2015-12-11,26.86739921569824
2015-12-12,26.86739921569824
2015-12-13,26.86739921569824
2015-12-14,26.693479537963867
2015-12-15,27.09528541564941
2015-12-16,27.2992000579834
2015-12-17,26.92436981201172
2015-12-18,26.61251449584961
2015-12-19,26.61251449584961
2015-12-20,26.61251449584961
2015-12-21,27.06830787658692
2015-12-22,27.110286712646484
2015-12-23,27.2992000579834
2015-12-24,27.408281326293945
2015-12-25,27.408281326293945
2015-12-26,27.408281326293945
2015-12-27,27.408281326293945
2015-12-28,27.300094604492188
2015-12-29,27.618627548217773
2015-12-30,27.369213104248047
2015-12-31,26.996597290039062
2016-01-01,26.996597290039062
2016-01-02,26.996597290039062
2016-01-03,26.996597290039062
2016-01-04,26.68407821655273
2016-01-05,26.43166160583496
2016-01-06,25.51816368103028
2016-01-07,24.802976608276367
2016-01-08,24.445384979248047
2016-01-09,24.445384979248047
2016-01-10,24.445384979248047
2016-01-11,24.529525756835938
2016-01-12,24.73386001586914
2016-01-13,23.946557998657227
2016-01-14,24.439373016357425
2016-01-15,23.3365478515625
2016-01-16,23.3365478515625
2016-01-17,23.3365478515625
2016-01-18,23.3365478515625
2016-01-19,23.3756160736084
2016-01-20,23.52886962890625
2016-01-21,23.8774471282959
2016-01-22,24.313161849975582
2016-01-23,24.313161849975582
2016-01-24,24.313161849975582
2016-01-25,23.976606369018555
2016-01-26,24.198972702026367
2016-01-27,23.92251777648925
2016-01-28,23.8684310913086
2016-01-29,24.950214385986328
2016-01-30,24.950214385986328
2016-01-31,24.950214385986328
2016-02-01,25.061403274536133
2016-02-02,24.235042572021484
2016-02-03,24.292131423950195
2016-02-04,24.712825775146484
2016-02-05,23.86543083190918
2016-02-06,23.86543083190918
2016-02-07,23.86543083190918
2016-02-08,23.26443099975586
2016-02-09,23.132213592529297
2016-02-10,22.9519157409668
2016-02-11,22.77461624145508
2016-02-12,23.273447036743164
2016-02-13,23.273447036743164
2016-02-14,23.273447036743164
2016-02-15,23.273447036743164
2016-02-16,24.090803146362305
2016-02-17,24.664745330810547
2016-02-18,24.54755592346192
2016-02-19,24.655731201171875
2016-02-20,24.655731201171875
2016-02-21,24.655731201171875
2016-02-22,25.04337310791016
2016-02-23,24.649721145629883
2016-02-24,24.977266311645508
2016-02-25,25.28076362609864
2016-02-26,25.44303131103516
2016-02-27,25.44303131103516
2016-02-28,25.44303131103516
2016-02-29,25.382930755615234
2016-03-01,26.068065643310547
2016-03-02,26.23033142089844
2016-03-03,26.2603816986084
2016-03-04,26.53082847595215
2016-03-05,26.53082847595215
2016-03-06,26.53082847595215
2016-03-07,26.65101623535156
2016-03-08,26.047027587890625
2016-03-09,26.23033142089844
2016-03-10,26.36255645751953
2016-03-11,26.864377975463867
2016-03-12,26.864377975463867
2016-03-13,26.864377975463867
2016-03-14,26.80126953125
2016-03-15,26.732166290283203
2016-03-16,26.972553253173828
2016-03-17,27.15886116027832
2016-03-18,27.51645469665528
2016-03-19,27.51645469665528
2016-03-20,27.51645469665528
2016-03-21,27.552520751953125
2016-03-22,27.546506881713867
2016-03-23,27.18663024902344
2016-03-24,27.16854476928711
2016-03-25,27.16854476928711
2016-03-26,27.16854476928711
2016-03-27,27.16854476928711
2016-03-28,27.15347480773925
2016-03-29,27.527219772338867
2016-03-30,27.7683334350586
2016-03-31,27.614625930786133
2016-04-01,27.80451202392578
2016-04-02,27.80451202392578
2016-04-03,27.80451202392578
2016-04-04,27.557361602783203
2016-04-05,27.40364456176757
2016-04-06,27.665864944458008
2016-04-07,27.24389839172364
2016-04-08,27.3704891204834
2016-04-09,27.3704891204834
2016-04-10,27.3704891204834
2016-04-11,27.36445617675781
2016-04-12,27.325273513793945
2016-04-13,27.937124252319336
2016-04-14,27.723121643066406
2016-04-15,27.48501205444336
2016-04-16,27.48501205444336
2016-04-17,27.48501205444336
2016-04-18,27.4880313873291
2016-04-19,27.15347480773925
2016-04-20,27.412673950195312
2016-04-21,27.24993133544922
2016-04-22,27.29814720153809
2016-04-23,27.29814720153809
2016-04-24,27.29814720153809
2016-04-25,27.135393142700195
2016-04-26,27.49707221984864
2016-04-27,27.777381896972656
2016-04-28,27.05099868774414
2016-04-29,26.336669921875
2016-04-30,26.336669921875
2016-05-01,26.336669921875
2016-05-02,26.53559875488281
2016-05-03,26.234193801879883
2016-05-04,25.935806274414062
2016-05-05,25.999099731445312
2016-05-06,26.035261154174805
2016-05-07,26.035261154174805
2016-05-08,26.035261154174805
2016-05-09,26.00210952758789
2016-05-10,26.309547424316406
2016-05-11,26.246252059936523
2016-05-12,25.776058197021484
2016-05-13,25.869495391845703
2016-05-14,25.869495391845703
2016-05-15,25.869495391845703
2016-05-16,26.28543281555176
2016-05-17,26.113630294799805
2016-05-18,26.5205307006836
2016-05-19,26.372840881347656
2016-05-20,27.17155838012696
2016-05-21,27.17155838012696
2016-05-22,27.17155838012696
2016-05-23,27.3614444732666
2016-05-24,28.02151298522949
2016-05-25,28.187292098999023
2016-05-26,28.280723571777344
2016-05-27,28.458555221557617
2016-05-28,28.458555221557617
2016-05-29,28.458555221557617
2016-05-30,28.458555221557617
2016-05-31,28.624330520629883
2016-06-01,28.7750301361084
2016-06-02,28.781055450439453
2016-06-03,28.865447998046875
2016-06-04,28.865447998046875
2016-06-05,28.865447998046875
2016-06-06,28.79914283752441
2016-06-07,29.07341384887696
2016-06-08,29.061357498168945
2016-06-09,29.09451484680176
2016-06-10,28.618297576904297
2016-06-11,28.618297576904297
2016-06-12,28.618297576904297
2016-06-13,28.470611572265625
2016-06-14,28.461566925048828
2016-06-15,28.458555221557617
2016-06-16,28.45553970336914
2016-06-17,28.214412689208984
2016-06-18,28.214412689208984
2016-06-19,28.214412689208984
2016-06-20,28.527875900268555
2016-06-21,28.618284225463867
2016-06-22,28.591068267822266
2016-06-23,29.30463600158692
2016-06-24,27.71422576904297
2016-06-25,27.71422576904297
2016-06-26,27.71422576904297
2016-06-27,26.58945274353028
2016-06-28,27.28487968444824
2016-06-29,27.835174560546875
2016-06-30,28.31289863586425
2016-07-01,28.08008575439453
2016-07-02,28.08008575439453
2016-07-03,28.08008575439453
2016-07-04,28.08008575439453
2016-07-05,27.56607246398925
2016-07-06,27.60235977172852
2016-07-07,27.93796730041504
2016-07-08,28.71504211425781
2016-07-09,28.71504211425781
2016-07-10,28.71504211425781
2016-07-11,29.038558959960938
2016-07-12,29.41651153564453
2016-07-13,29.45279312133789
2016-07-14,29.667469024658203
2016-07-15,29.65840148925781
2016-07-16,29.65840148925781
2016-07-17,29.65840148925781
2016-07-18,30.093795776367188
2016-07-19,29.99099349975586
2016-07-20,30.4656982421875
2016-07-21,30.251026153564453
2016-07-22,30.40220642089844
2016-07-23,30.40220642089844
2016-07-24,30.40220642089844
2016-07-25,30.57755470275879
2016-07-26,31.7628231048584
2016-07-27,31.759803771972656
2016-07-28,31.58441925048828
2016-07-29,31.445350646972656
2016-07-30,31.445350646972656
2016-07-31,31.445350646972656
2016-08-01,31.46953773498535
2016-08-02,30.98575592041016
2016-08-03,31.02506256103516
2016-08-04,31.315324783325195
2016-08-05,31.714439392089844
2016-08-06,31.714439392089844
2016-08-07,31.714439392089844
2016-08-08,31.678152084350582
2016-08-09,31.93516540527344
2016-08-10,31.717453002929688
2016-08-11,31.83841133117676
2016-08-12,31.98656845092773
2016-08-13,31.98656845092773
2016-08-14,31.98656845092773
2016-08-15,32.421958923339844
2016-08-16,32.195186614990234
2016-08-17,32.189151763916016
2016-08-18,32.421958923339844
2016-08-19,32.700130462646484
2016-08-20,32.700130462646484
2016-08-21,32.700130462646484
2016-08-22,32.715240478515625
2016-08-23,32.87549591064453
2016-08-24,32.60338592529297
2016-08-25,32.736427307128906
2016-08-26,32.88154220581055
2016-08-27,32.88154220581055
2016-08-28,32.88154220581055
2016-08-29,33.011558532714844
2016-08-30,32.94807052612305
2016-08-31,32.92690658569336
2016-09-01,33.18693542480469
2016-09-02,33.15366744995117
2016-09-03,33.15366744995117
2016-09-04,33.15366744995117
2016-09-05,33.15366744995117
2016-09-06,33.07807922363281
2016-09-07,32.82713317871094
2016-09-08,32.76968765258789
2016-09-09,31.6055908203125
2016-09-10,31.6055908203125
2016-09-11,31.6055908203125
2016-09-12,32.195186614990234
2016-09-13,31.91097640991211
2016-09-14,32.19217300415039
2016-09-15,32.93596649169922
2016-09-16,32.945037841796875
2016-09-17,32.945037841796875
2016-09-18,32.945037841796875
2016-09-19,32.98433303833008
2016-09-20,32.83618927001953
2016-09-21,33.289730072021484
2016-09-22,33.39857864379883
2016-09-23,33.056907653808594
2016-09-24,33.056907653808594
2016-09-25,33.056907653808594
2016-09-26,32.73112869262695
2016-09-27,33.295860290527344
2016-09-28,33.36266326904297
2016-09-29,33.772560119628906
2016-09-30,34.30696105957031
2016-10-01,34.30696105957031
2016-10-02,34.30696105957031
2016-10-03,34.076194763183594
2016-10-04,33.98814010620117
2016-10-05,34.23712158203125
2016-10-06,34.437522888183594
2016-10-07,34.38590621948242
2016-10-08,34.38590621948242
2016-10-09,34.38590621948242
2016-10-10,34.21282958984375
2016-10-11,33.49626159667969
2016-10-12,33.38391876220703
2016-10-13,32.98920822143555
2016-10-14,33.23817825317383
2016-10-15,33.23817825317383
2016-10-16,33.23817825317383
2016-10-17,33.06511688232422
2016-10-18,33.44767761230469
2016-10-19,33.30801773071289
2016-10-20,33.541805267333984
2016-10-21,33.4567985534668
2016-10-22,33.4567985534668
2016-10-23,33.4567985534668
2016-10-24,34.07012176513672
2016-10-25,34.03976058959961
2016-10-26,33.991180419921875
2016-10-27,33.83330154418945
2016-10-28,33.62986755371094
2016-10-29,33.62986755371094
2016-10-30,33.62986755371094
2016-10-31,33.812042236328125
2016-11-01,33.511444091796875
2016-11-02,33.289791107177734
2016-11-03,33.23211669921875
2016-11-04,33.02259826660156
2016-11-05,33.02259826660156
2016-11-06,33.02259826660156
2016-11-07,33.95171356201172
2016-11-08,34.02153778076172
2016-11-09,33.860618591308594
2016-11-10,33.12886047363281
2016-11-11,34.39805221557617
2016-11-12,34.39805221557617
2016-11-13,34.39805221557617
2016-11-14,34.218902587890625
2016-11-15,34.85955810546875
2016-11-16,35.260353088378906
2016-11-17,35.63987731933594
2016-11-18,35.89795684814453
2016-11-19,35.89795684814453
2016-11-20,35.89795684814453
2016-11-21,36.13783264160156
2016-11-22,36.5234375
2016-11-23,36.5689811706543
2016-11-24,36.5689811706543
2016-11-25,36.63272857666016
2016-11-26,36.63272857666016
2016-11-27,36.63272857666016
2016-11-28,36.5234375
2016-11-29,36.4566535949707
2016-11-30,36.24713134765625
2016-12-01,34.476993560791016
2016-12-02,34.90204620361328
2016-12-03,34.90204620361328
2016-12-04,34.90204620361328
2016-12-05,35.327144622802734
2016-12-06,35.81598281860352
2016-12-07,36.553810119628906
2016-12-08,36.87260818481445
2016-12-09,36.74811935424805
2016-12-10,36.74811935424805
2016-12-11,36.74811935424805
2016-12-12,36.45968246459961
2016-12-13,36.88475036621094
2016-12-14,36.85136413574219
2016-12-15,37.4798583984375
2016-12-16,37.10033416748047
2016-12-17,37.10033416748047
2016-12-18,37.10033416748047
2016-12-19,37.46770095825195
2016-12-20,37.82599258422852
2016-12-21,37.82599639892578
2016-12-22,38.00860595703125
2016-12-23,38.20338439941406
2016-12-24,38.20338439941406
2016-12-25,38.20338439941406
2016-12-26,38.20338439941406
2016-12-27,38.675106048583984
2016-12-28,37.94164276123047
2016-12-29,37.9355583190918
2016-12-30,37.34819030761719
2016-12-31,37.34819030761719
2017-01-01,37.34819030761719
2017-01-02,37.34819030761719
2017-01-03,37.34819030761719
2017-01-04,37.4516716003418
2017-01-05,37.13210678100586
2017-01-06,37.42729949951172
2017-01-07,37.42729949951172
2017-01-08,37.42729949951172
2017-01-09,37.82295989990234
2017-01-10,38.00556945800781
2017-01-11,38.13641357421875
2017-01-12,37.816856384277344
2017-01-13,38.063385009765625
2017-01-14,38.063385009765625
2017-01-15,38.063385009765625
2017-01-16,38.063385009765625
2017-01-17,37.4516716003418
2017-01-18,37.96294784545898
2017-01-19,37.792518615722656
2017-01-20,38.27945327758789
2017-01-21,38.27945327758789
2017-01-22,38.27945327758789
2017-01-23,38.04512786865234
2017-01-24,38.7816162109375
2017-01-25,39.356815338134766
2017-01-26,39.13466262817383
2017-01-27,39.62158203125
2017-01-28,39.62158203125
2017-01-29,39.62158203125
2017-01-30,39.42378234863281
2017-01-31,38.91248321533203
2017-02-01,39.5302848815918
2017-02-02,39.512020111083984
2017-02-03,39.7159309387207
2017-02-04,39.7159309387207
2017-02-05,39.7159309387207
2017-02-06,39.855934143066406
2017-02-07,40.00201034545898
2017-02-08,40.07810974121094
2017-02-09,39.72810745239258
2017-02-10,39.703758239746094
2017-02-11,39.703758239746094
2017-02-12,39.703758239746094
2017-02-13,39.78594207763672
2017-02-14,39.676361083984375
2017-02-15,39.98373031616211
2017-02-16,40.047664642333984
2017-02-17,40.25460815429688
2017-02-18,40.25460815429688
2017-02-19,40.25460815429688
2017-02-20,40.25460815429688
2017-02-21,40.82372283935547
2017-02-22,40.83283996582031
2017-02-23,40.16939163208008
2017-02-24,40.141998291015625
2017-02-25,40.141998291015625
2017-02-26,40.141998291015625
2017-02-27,40.52547073364258
2017-02-28,40.00810241699219
2017-03-01,40.63199234008789
2017-03-02,40.21504974365234
2017-03-03,40.19373321533203
2017-03-04,40.19373321533203
2017-03-05,40.19373321533203
2017-03-06,40.21504974365234
2017-03-07,40.30330276489258
2017-03-08,40.39764404296875
2017-03-09,40.47676467895508
2017-03-10,40.93936538696289
2017-03-11,40.93936538696289
2017-03-12,40.93936538696289
2017-03-13,41.24674224853516
2017-03-14,41.12501525878906
2017-03-15,41.45065307617188
2017-03-16,41.40804672241211
2017-03-17,41.493255615234375
2017-03-18,41.493255615234375
2017-03-19,41.493255615234375
2017-03-20,41.80063247680664
2017-03-21,40.820682525634766
2017-03-22,41.25283432006836
2017-03-23,41.16153335571289
2017-03-24,41.46146774291992
2017-03-25,41.46146774291992
2017-03-26,41.46146774291992
2017-03-27,41.52250289916992
2017-03-28,41.65371322631836
2017-03-29,41.55302047729492
2017-03-30,41.76661682128906
2017-03-31,41.769657135009766
2017-04-01,41.769657135009766
2017-04-02,41.769657135009766
2017-04-03,41.50419616699219
2017-04-04,41.29669952392578
2017-04-05,41.0098876953125
2017-04-06,41.07396697998047
2017-04-07,41.250938415527344
2017-04-08,41.250938415527344
2017-04-09,41.250938415527344
2017-04-10,40.93359756469727
2017-04-11,40.60405731201172
2017-04-12,39.90529251098633
2017-04-13,39.63982772827149
2017-04-14,39.63982772827149
2017-04-15,39.63982772827149
2017-04-16,39.63982772827149
2017-04-17,40.1341552734375
2017-04-18,40.32027816772461
2017-04-19,40.53082656860352
2017-04-20,41.17160034179688
2017-04-21,40.997676849365234
2017-04-22,40.997676849365234
2017-04-23,40.997676849365234
2017-04-24,41.58657836914063
2017-04-25,42.01071548461914
2017-04-26,41.66592025756836
2017-04-27,42.25177001953125
2017-04-28,41.53165435791016
2017-04-29,41.53165435791016
2017-04-30,41.53165435791016
2017-05-01,41.94359588623047
2017-05-02,41.50114822387695
2017-05-03,41.64455795288086
2017-05-04,41.614044189453125
2017-05-05,41.77880859375
2017-05-06,41.77880859375
2017-05-07,41.77880859375
2017-05-08,41.614044189453125
2017-05-09,42.02597427368164
2017-05-10,42.91696548461914
2017-05-11,43.07257843017578
2017-05-12,43.194637298583984
2017-05-13,43.194637298583984
2017-05-14,43.194637298583984
2017-05-15,43.86287307739258
2017-05-16,44.491455078125
2017-05-17,42.57216644287109
2017-05-18,43.36550521850586
2017-05-19,43.84457015991211
2017-05-20,43.84457015991211
2017-05-21,43.84457015991211
2017-05-22,44.32362365722656
2017-05-23,44.14664840698242
2017-05-24,44.433475494384766
2017-05-25,44.65927505493164
2017-05-26,44.86371994018555
2017-05-27,44.86371994018555
2017-05-28,44.86371994018555
2017-05-29,44.86371994018555
2017-05-30,45.16274642944336
2017-05-31,45.156646728515625
2017-06-01,45.20241165161133
2017-06-02,45.66316604614258
2017-06-03,45.66316604614258
2017-06-04,45.66316604614258
2017-06-05,45.77301025390625
2017-06-06,45.92251968383789
2017-06-07,46.26426696777344
2017-06-08,47.10947036743164
2017-06-09,45.129173278808594
2017-06-10,45.129173278808594
2017-06-11,45.129173278808594
2017-06-12,44.869815826416016
2017-06-13,45.17494201660156
2017-06-14,44.70197677612305
2017-06-15,44.34804153442383
2017-06-16,44.17106246948242
2017-06-17,44.17106246948242
2017-06-18,44.17106246948242
2017-06-19,45.01017761230469
2017-06-20,44.50365829467773
2017-06-21,45.01931381225586
2017-06-22,44.91558456420898
2017-06-23,45.049842834472656
2017-06-24,45.049842834472656
2017-06-25,45.049842834472656
2017-06-26,44.66232299804688
2017-06-27,43.46937942504883
2017-06-28,44.22183990478516
2017-06-29,43.12066268920898
2017-06-30,42.88513946533203
2017-07-01,42.88513946533203
2017-07-02,42.88513946533203
2017-07-03,42.29781723022461
2017-07-04,42.29781723022461
2017-07-05,43.16349029541016
2017-07-06,42.97385025024414
2017-07-07,43.69878768920898
2017-07-08,43.69878768920898
2017-07-09,43.69878768920898
2017-07-10,44.203495025634766
2017-07-11,44.570556640625
2017-07-12,45.28326797485352
2017-07-13,45.14256286621094
2017-07-14,45.74821472167969
2017-07-15,45.74821472167969
2017-07-16,45.74821472167969
2017-07-17,45.56162643432617
2017-07-18,45.702335357666016
2017-07-19,46.12445831298828
2017-07-20,46.25905227661133
2017-07-21,45.86445617675781
2017-07-22,45.86445617675781
2017-07-23,45.86445617675781
2017-07-24,45.72680282592773
2017-07-25,45.687042236328125
2017-07-26,46.18869018554688
2017-07-27,45.48514938354492
2017-07-28,45.31079864501953
2017-07-29,45.31079864501953
2017-07-30,45.31079864501953
2017-07-31,44.95903015136719
2017-08-01,45.23737716674805
2017-08-02,44.91007614135742
2017-08-03,44.74185562133789
2017-08-04,44.76020812988281
2017-08-05,44.76020812988281
2017-08-06,44.76020812988281
2017-08-07,45.53105545043945
2017-08-08,45.399505615234375
2017-08-09,45.246559143066406
2017-08-10,43.98325347900391
2017-08-11,44.23103332519531
2017-08-12,44.23103332519531
2017-08-13,44.23103332519531
2017-08-14,45.356693267822266
2017-08-15,45.4698600769043
2017-08-16,45.54327392578125
2017-08-17,44.39314651489258
2017-08-18,44.46044158935547
2017-08-19,44.46044158935547
2017-08-20,44.46044158935547
2017-08-21,44.13008499145508
2017-08-22,44.85808944702149
2017-08-23,45.04774856567383
2017-08-24,45.05385208129883
2017-08-25,44.83668518066406
2017-08-26,44.83668518066406
2017-08-27,44.83668518066406
2017-08-28,44.97126388549805
2017-08-29,45.0416259765625
2017-08-30,45.81243896484375
2017-08-31,46.26517105102539
2017-09-01,46.467041015625
2017-09-02,46.467041015625
2017-09-03,46.467041015625
2017-09-04,46.467041015625
2017-09-05,45.83080291748047
2017-09-06,45.90421676635742
2017-09-07,45.98374938964844
2017-09-08,45.442344665527344
2017-09-09,45.442344665527344
2017-09-10,45.442344665527344
2017-09-11,46.3079833984375
2017-09-12,46.5159912109375
2017-09-13,46.607757568359375
2017-09-14,46.79128646850586
2017-09-15,47.60799789428711
2017-09-16,47.60799789428711
2017-09-17,47.60799789428711
2017-09-18,48.23199844360352
2017-09-19,48.38494873046875
2017-09-20,47.71812057495117
2017-09-21,47.51317596435547
2017-09-22,47.75482177734375
2017-09-23,47.75482177734375
2017-09-24,47.75482177734375
2017-09-25,46.8341178894043
2017-09-26,46.76014709472656
2017-09-27,47.8925666809082
2017-09-28,48.24547958374024
2017-09-29,48.662841796875
2017-09-30,48.662841796875
2017-10-01,48.662841796875
2017-10-02,48.988128662109375
2017-10-03,49.123165130615234
2017-10-04,49.23671340942383
2017-10-05,49.27968597412109
2017-10-06,49.47301483154297
2017-10-07,49.47301483154297
2017-10-08,49.47301483154297
2017-10-09,49.850494384765625
2017-10-10,50.129764556884766
2017-10-11,50.47347259521485
2017-10-12,50.31387710571289
2017-10-13,50.63610458374024
2017-10-14,50.63610458374024
2017-10-15,50.63610458374024
2017-10-16,50.87549591064453
2017-10-17,50.8325080871582
2017-10-18,51.004371643066406
2017-10-19,50.87549591064453
2017-10-20,51.136329650878906
2017-10-21,51.136329650878906
2017-10-22,51.136329650878906
2017-10-23,51.38798141479492
2017-10-24,51.747047424316406
2017-10-25,51.06882858276367
2017-10-26,51.36956405639648
2017-10-27,52.44365310668945
2017-10-28,52.44365310668945
2017-10-29,52.44365310668945
2017-10-30,52.5848388671875
2017-10-31,53.00527191162109
2017-11-01,52.81192779541016
2017-11-02,53.07277297973633
2017-11-03,54.01185989379883
2017-11-04,54.01185989379883
2017-11-05,54.01185989379883
2017-11-06,54.776004791259766
2017-11-07,54.72690200805664
2017-11-08,54.90180969238281
2017-11-09,53.80316925048828
2017-11-10,54.159156799316406
2017-11-11,54.159156799316406
2017-11-12,54.159156799316406
2017-11-13,54.31567001342773
2017-11-14,54.26655960083008
2017-11-15,53.77862930297852
2017-11-16,54.57958984375
2017-11-17,54.3402214050293
2017-11-18,54.3402214050293
2017-11-19,54.3402214050293
2017-11-20,54.98775863647461
2017-11-21,55.61685562133789
2017-11-22,55.27928161621094
2017-11-23,55.27928161621094
2017-11-24,55.77643966674805
2017-11-25,55.77643966674805
2017-11-26,55.77643966674805
2017-11-27,55.07674407958984
2017-11-28,55.10129165649414
2017-11-29,52.67383575439453
2017-11-30,52.9561653137207
2017-12-01,52.382301330566406
2017-12-02,52.382301330566406
2017-12-03,52.382301330566406
2017-12-04,51.12406539916992
2017-12-05,51.1639518737793
2017-12-06,51.32966613769531
2017-12-07,51.82989883422852
2017-12-08,51.56290435791016
2017-12-09,51.56290435791016
2017-12-10,51.56290435791016
2017-12-11,51.87286758422852
2017-12-12,51.36649703979492
2017-12-13,51.3572883605957
2017-12-14,51.30512619018555
2017-12-15,52.10915756225586
2017-12-16,52.10915756225586
2017-12-17,52.10915756225586
2017-12-18,53.226219177246094
2017-12-19,53.16996383666992
2017-12-20,53.55735778808594
2017-12-21,52.99165344238281
2017-12-22,52.960899353027344
2017-12-23,52.960899353027344
2017-12-24,52.960899353027344
2017-12-25,52.960899353027344
2017-12-26,52.43208694458008
2017-12-27,52.60118865966797
2017-12-28,52.74876403808594
2017-12-29,52.2076530456543
2017-12-30,52.2076530456543
2017-12-31,52.2076530456543
2018-01-01,52.2076530456543
2018-01-02,53.62498474121094
2018-01-03,54.56270599365234
2018-01-04,54.870147705078125
2018-01-05,55.18374633789063
2018-01-06,55.18374633789063
2018-01-07,55.18374633789063
2018-01-08,55.61724090576172
2018-01-09,55.06998443603516
2018-01-10,54.408973693847656
2018-01-11,54.7348747253418
2018-01-12,55.03002548217773
2018-01-13,55.03002548217773
2018-01-14,55.03002548217773
2018-01-15,55.03002548217773
2018-01-16,55.21141815185547
2018-01-17,56.81321716308594
2018-01-18,57.06839370727539
2018-01-19,57.12681579589844
2018-01-20,57.12681579589844
2018-01-21,57.12681579589844
2018-01-22,57.55109024047852
2018-01-23,58.01225280761719
2018-01-24,56.68408966064453
2018-01-25,55.70026397705078
2018-01-26,57.48038101196289
2018-01-27,57.48038101196289
2018-01-28,57.48038101196289
2018-01-29,57.39737319946289
2018-01-30,56.25673675537109
2018-01-31,56.7148323059082
2018-02-01,56.43506622314453
2018-02-02,54.916259765625
2018-02-03,54.916259765625
2018-02-04,54.916259765625
2018-02-05,52.33062744140625
2018-02-06,54.22450256347656
2018-02-07,53.06235504150391
2018-02-08,50.83336639404297
2018-02-09,52.29681396484375
2018-02-10,52.29681396484375
2018-02-11,52.29681396484375
2018-02-12,53.30216598510742
2018-02-13,53.24067687988281
2018-02-14,54.48891830444336
2018-02-15,55.13761520385742
2018-02-16,54.94085311889648
2018-02-17,54.94085311889648
2018-02-18,54.94085311889648
2018-02-19,54.94085311889648
2018-02-20,55.91239929199219
2018-02-21,55.26982498168945
2018-02-22,55.14684295654297
2018-02-23,56.327449798583984
2018-02-24,56.327449798583984
2018-02-25,56.327449798583984
2018-02-26,57.54185104370117
2018-02-27,57.35124588012695
2018-02-28,56.84088516235352
2018-03-01,55.943145751953125
2018-03-02,56.89315414428711
2018-03-03,56.89315414428711
2018-03-04,56.89315414428711
2018-03-05,57.40351104736328
2018-03-06,58.26742935180664
2018-03-07,58.454986572265625
2018-03-08,58.50724792480469
2018-03-09,59.7216796875
2018-03-10,59.7216796875
2018-03-11,59.7216796875
2018-03-12,60.35502624511719
2018-03-13,59.42343521118164
2018-03-14,59.41730117797852
2018-03-15,59.37117385864258
2018-03-16,59.34659194946289
2018-03-17,59.34659194946289
2018-03-18,59.34659194946289
2018-03-19,58.21518325805664
2018-03-20,58.64253234863281
2018-03-21,58.75320816040039
2018-03-22,57.20524978637695
2018-03-23,55.30148315429688
2018-03-24,55.30148315429688
2018-03-25,55.30148315429688
2018-03-26,57.608795166015625
2018-03-27,55.4893913269043
2018-03-28,54.28800201416016
2018-03-29,55.46474456787109
2018-03-30,55.46474456787109
2018-03-31,55.46474456787109
2018-04-01,55.46474456787109
2018-04-02,53.345359802246094
2018-04-03,54.35576248168945
2018-04-04,55.05504608154297
2018-04-05,54.491302490234375
2018-04-06,52.84323120117188
2018-04-07,52.84323120117188
2018-04-08,52.84323120117188
2018-04-09,53.17593383789063
2018-04-10,54.87638092041016
2018-04-11,54.89794158935547
2018-04-12,55.93299102783203
2018-04-13,55.52021026611328
2018-04-14,55.52021026611328
2018-04-15,55.52021026611328
2018-04-16,55.6187858581543
2018-04-17,56.672306060791016
2018-04-18,56.11474990844727
2018-04-19,53.68729782104492
2018-04-20,53.05270385742188
2018-04-21,53.05270385742188
2018-04-22,53.05270385742188
2018-04-23,52.347267150878906
2018-04-24,51.92523193359375
2018-04-25,51.86055755615234
2018-04-26,52.92023849487305
2018-04-27,52.55059051513672
2018-04-28,52.55059051513672
2018-04-29,52.55059051513672
2018-04-30,51.97452545166016
2018-05-01,52.827823638916016
2018-05-02,52.593711853027344
2018-05-03,52.90792465209961
2018-05-04,54.14937210083008
2018-05-05,54.14937210083008
2018-05-06,54.14937210083008
2018-05-07,54.67305374145508
2018-05-08,54.99651718139648
2018-05-09,55.83442306518555
2018-05-10,56.850982666015625
2018-05-11,56.43511199951172
2018-05-12,56.43511199951172
2018-05-13,56.43511199951172
2018-05-14,57.12514114379883
2018-05-15,56.5059700012207
2018-05-16,57.23297119140625
2018-05-17,57.06661605834961
2018-05-18,56.25027847290039
2018-05-19,56.25027847290039
2018-05-20,56.25027847290039
2018-05-21,56.81402969360352
2018-05-22,57.131309509277344
2018-05-23,57.43936538696289
2018-05-24,57.67041015625
2018-05-25,58.13555908203125
2018-05-26,58.13555908203125
2018-05-27,58.13555908203125
2018-05-28,58.13555908203125
2018-05-29,57.78438568115234
2018-05-30,58.16020965576172
2018-05-31,57.73817825317383
2018-06-01,59.05356597900391
2018-06-02,59.05356597900391
2018-06-03,59.05356597900391
2018-06-04,59.52179718017578
2018-06-05,59.805206298828125
2018-06-06,60.184112548828125
2018-06-07,59.64809799194336
2018-06-08,59.11515808105469
2018-06-09,59.11515808105469
2018-06-10,59.11515808105469
2018-06-11,59.00119400024414
2018-06-12,59.30615615844727
2018-06-13,59.21683120727539
2018-06-14,59.57107162475586
2018-06-15,59.51871490478516
2018-06-16,59.51871490478516
2018-06-17,59.51871490478516
2018-06-18,58.94573974609375
2018-06-19,58.298828125
2018-06-20,58.57915496826172
2018-06-21,57.852149963378906
2018-06-22,57.393157958984375
2018-06-23,57.393157958984375
2018-06-24,57.393157958984375
2018-06-25,55.70502471923828
2018-06-26,55.90287399291992
2018-06-27,54.567501068115234
2018-06-28,54.981712341308594
2018-06-29,55.09609603881836
2018-06-30,55.09609603881836
2018-07-01,55.09609603881836
2018-07-02,55.442291259765625
2018-07-03,54.43151473999024
2018-07-04,54.43151473999024
2018-07-05,55.88740921020508
2018-07-06,56.573638916015625
2018-07-07,56.573638916015625
2018-07-08,56.573638916015625
2018-07-09,56.93529891967773
2018-07-10,57.53807830810547
2018-07-11,56.06051254272461
2018-07-12,56.43762969970703
2018-07-13,56.23361587524414
2018-07-14,56.23361587524414
2018-07-15,56.23361587524414
2018-07-16,56.15633392333984
2018-07-17,56.9631233215332
2018-07-18,57.40206146240234
2018-07-19,57.27532196044922
2018-07-20,57.00640106201172
2018-07-21,57.00640106201172
2018-07-22,57.00640106201172
2018-07-23,57.08367538452149
2018-07-24,56.46235656738281
2018-07-25,56.67564392089844
2018-07-26,57.78225326538086
2018-07-27,57.52569580078125
2018-07-28,57.52569580078125
2018-07-29,57.52569580078125
2018-07-30,56.9631233215332
2018-07-31,57.34023284912109
2018-08-01,57.25676727294922
2018-08-02,57.81935501098633
2018-08-03,57.93991088867188
2018-08-04,57.93991088867188
2018-08-05,57.93991088867188
2018-08-06,58.28920364379883
2018-08-07,58.75287628173828
2018-08-08,58.88887786865234
2018-08-09,58.307762145996094
2018-08-10,56.861114501953125
2018-08-11,56.861114501953125
2018-08-12,56.861114501953125
2018-08-13,56.9445686340332
2018-08-14,56.830196380615234
2018-08-15,56.04197311401367
2018-08-16,55.97087097167969
2018-08-17,55.55357360839844
2018-08-18,55.55357360839844
2018-08-19,55.55357360839844
2018-08-20,55.50411224365234
2018-08-21,56.58600616455078
2018-08-22,56.851837158203125
2018-08-23,56.91675567626953
2018-08-24,57.74208831787109
2018-08-25,57.74208831787109
2018-08-26,57.74208831787109
2018-08-27,58.66014099121094
2018-08-28,58.88578796386719
2018-08-29,59.04036331176758
2018-08-30,58.51176834106445
2018-08-31,58.83015060424805
2018-09-01,58.83015060424805
2018-09-02,58.83015060424805
2018-09-03,58.83015060424805
2018-09-04,59.30309677124024
2018-09-05,59.015625
2018-09-06,57.45151519775391
2018-09-07,57.2135009765625
2018-09-08,57.2135009765625
2018-09-09,57.2135009765625
2018-09-10,57.81935501098633
2018-09-11,57.25986862182617
2018-09-12,56.598365783691406
2018-09-13,57.24440383911133
2018-09-14,57.88735580444336
2018-09-15,57.88735580444336
2018-09-16,57.88735580444336
2018-09-17,57.08057022094727
2018-09-18,57.57206726074219
2018-09-19,57.66170883178711
2018-09-20,58.36030197143555
2018-09-21,58.20266342163086
2018-09-22,58.20266342163086
2018-09-23,58.20266342163086
2018-09-24,58.40357971191406
2018-09-25,57.47314453125
2018-09-26,56.87921142578125
2018-09-27,57.09344100952149
2018-09-28,57.45359420776367
2018-09-29,57.45359420776367
2018-09-30,57.45359420776367
2018-10-01,57.65230941772461
2018-10-02,57.65230941772461
2018-10-03,57.70507049560547
2018-10-04,56.68359756469727
2018-10-05,55.34235382080078
2018-10-06,55.34235382080078
2018-10-07,55.34235382080078
2018-10-08,54.72450637817383
2018-10-09,54.66241836547852
2018-10-10,52.25001907348633
2018-10-11,51.72841644287109
2018-10-12,52.66915512084961
2018-10-13,52.66915512084961
2018-10-14,52.66915512084961
2018-10-15,52.23759078979492
2018-10-16,53.93901062011719
2018-10-17,53.72476959228516
2018-10-18,52.38041305541992
2018-10-19,51.59490585327149
2018-10-20,51.59490585327149
2018-10-21,51.59490585327149
2018-10-22,51.91158676147461
2018-10-23,51.6414794921875
2018-10-24,48.25419235229492
2018-10-25,49.3315315246582
2018-10-26,48.4746208190918
2018-10-27,48.4746208190918
2018-10-28,48.4746208190918
2018-10-29,47.96855163574219
2018-10-30,49.96179962158203
2018-10-31,50.59518051147461
2018-11-01,52.97032928466797
2018-11-02,52.17239761352539
2018-11-03,52.17239761352539
2018-11-04,52.17239761352539
2018-11-05,51.69736862182617
2018-11-06,52.29969024658203
2018-11-07,52.8927001953125
2018-11-08,52.749881744384766
2018-11-09,51.74394226074219
2018-11-10,51.74394226074219
2018-11-11,51.74394226074219
2018-11-12,49.43399429321289
2018-11-13,50.11394500732422
2018-11-14,50.33437347412109
2018-11-15,52.035789489746094
2018-11-16,51.40862274169922
2018-11-17,51.40862274169922
2018-11-18,51.40862274169922
2018-11-19,49.44331741333008
2018-11-20,49.505409240722656
2018-11-21,49.71031951904297
2018-11-22,49.71031951904297
2018-11-23,49.738277435302734
2018-11-24,49.738277435302734
2018-11-25,49.738277435302734
2018-11-26,50.63864517211914
2018-11-27,50.71316146850586
2018-11-28,51.89918518066406
2018-11-29,51.5203971862793
2018-11-30,52.23759078979492
2018-12-01,52.23759078979492
2018-12-02,52.23759078979492
2018-12-03,53.60990524291992
2018-12-04,51.04536437988281
2018-12-05,51.04536437988281
2018-12-06,50.78456878662109
2018-12-07,48.89067077636719
2018-12-08,48.89067077636719
2018-12-09,48.89067077636719
2018-12-10,49.517822265625
2018-12-11,49.83451461791992
2018-12-12,50.54239654541016
2018-12-13,50.43683242797852
2018-12-14,49.722747802734375
2018-12-15,49.722747802734375
2018-12-16,49.722747802734375
2018-12-17,49.07837677001953
2018-12-18,49.72553253173828
2018-12-19,47.60981750488281
2018-12-20,47.280006408691406
2018-12-21,46.47727966308594
2018-12-22,46.47727966308594
2018-12-23,46.47727966308594
2018-12-24,45.11452102661133
2018-12-25,45.11452102661133
2018-12-26,47.821388244628906
2018-12-27,48.13563919067383
2018-12-28,48.48099899291992
2018-12-29,48.48099899291992
2018-12-30,48.48099899291992
2018-12-31,48.82013702392578
2019-01-01,48.82013702392578
2019-01-02,49.13438415527344
2019-01-03,46.26882553100586
2019-01-04,48.3565559387207
2019-01-05,48.3565559387207
2019-01-06,48.3565559387207
2019-01-07,49.24950408935547
2019-01-08,49.03482437133789
2019-01-09,50.29491424560547
2019-01-10,50.73984146118164
2019-01-11,51.28431701660156
2019-01-12,51.28431701660156
2019-01-13,51.28431701660156
2019-01-14,50.45048141479492
2019-01-15,50.59672546386719
2019-01-16,50.13311767578125
2019-01-17,50.59672546386719
2019-01-18,51.912818908691406
2019-01-19,51.912818908691406
2019-01-20,51.912818908691406
2019-01-21,51.912818908691406
2019-01-22,50.41935729980469
2019-01-23,50.06467056274414
2019-01-24,52.97378158569336
2019-01-25,54.07209014892578
2019-01-26,54.07209014892578
2019-01-27,54.07209014892578
2019-01-28,53.0048942565918
2019-01-29,52.23950958251953
2019-01-30,53.75473403930664
2019-01-31,53.72983551025391
2019-02-01,54.3738899230957
2019-02-02,54.3738899230957
2019-02-03,54.3738899230957
2019-02-04,54.64768981933594
2019-02-05,54.8965950012207
2019-02-06,56.374488830566406
2019-02-07,55.1517333984375
2019-02-08,55.05528259277344
2019-02-09,55.05528259277344
2019-02-10,55.05528259277344
2019-02-11,55.32595443725586
2019-02-12,56.49582290649414
2019-02-13,56.67628860473633
2019-02-14,56.82872772216797
2019-02-15,57.1212043762207
2019-02-16,57.1212043762207
2019-02-17,57.1212043762207
2019-02-18,57.1212043762207
2019-02-19,57.04342269897461
2019-02-20,57.52878189086914
2019-02-21,57.10254287719727
2019-02-22,57.715476989746094
2019-02-23,57.715476989746094
2019-02-24,57.715476989746094
2019-02-25,58.191524505615234
2019-02-26,57.82748031616211
2019-02-27,57.13365173339844
2019-02-28,57.16786575317383
2019-03-01,57.67501831054688
2019-03-02,57.67501831054688
2019-03-03,57.67501831054688
2019-03-04,57.68124008178711
2019-03-05,57.46035003662109
2019-03-06,56.51138305664063
2019-03-07,55.90156173706055
2019-03-08,55.85177612304688
2019-03-09,55.85177612304688
2019-03-10,55.85177612304688
2019-03-11,57.15232849121094
2019-03-12,57.367000579833984
2019-03-13,57.59724426269531
2019-03-14,57.282989501953125
2019-03-15,58.94445037841797
2019-03-16,58.94445037841797
2019-03-17,58.94445037841797
2019-03-18,58.85423278808594
2019-03-19,59.61649703979492
2019-03-20,59.05805969238281
2019-03-21,61.09840774536133
2019-03-22,59.37628555297852
2019-03-23,59.37628555297852
2019-03-24,59.37628555297852
2019-03-25,58.63375473022461
2019-03-26,59.19533920288086
2019-03-27,58.36546325683594
2019-03-28,58.268741607666016
2019-03-29,59.132938385009766
2019-03-30,59.132938385009766
2019-03-31,59.132938385009766
2019-04-01,60.60861587524414
2019-04-02,60.69908142089844
2019-04-03,62.04061126708984
2019-04-04,62.17475509643555
2019-04-05,62.62401580810547
2019-04-06,62.62401580810547
2019-04-07,62.62401580810547
2019-04-08,62.7706413269043
2019-04-09,62.11860656738281
2019-04-10,62.59905624389648
2019-04-11,62.546016693115234
2019-04-12,63.41331100463867
2019-04-13,63.41331100463867
2019-04-14,63.41331100463867
2019-04-15,62.94222259521485
2019-04-16,64.9576416015625
2019-04-17,66.03395080566406
2019-04-18,66.04334259033203
2019-04-19,66.04334259033203
2019-04-20,66.04334259033203
2019-04-21,66.04334259033203
2019-04-22,65.99340057373047
2019-04-23,66.67353820800781
2019-04-24,67.29125213623047
2019-04-25,66.10881805419922
2019-04-26,65.56285858154297
2019-04-27,65.56285858154297
2019-04-28,65.56285858154297
2019-04-29,65.48489379882812
2019-04-30,66.00276184082031
2019-05-01,65.47551727294922
2019-05-02,66.1057357788086
2019-05-03,66.62361145019531
2019-05-04,66.62361145019531
2019-05-05,66.62361145019531
2019-05-06,65.53790283203125
2019-05-07,63.92497634887695
2019-05-08,63.37901306152344
2019-05-09,62.6801643371582
2019-05-10,62.7706413269043
2019-05-11,62.7706413269043
2019-05-12,62.7706413269043
2019-05-13,59.83489608764648
2019-05-14,61.21385192871094
2019-05-15,61.684940338134766
2019-05-16,60.711570739746094
2019-05-17,59.52915191650391
2019-05-18,59.52915191650391
2019-05-19,59.52915191650391
2019-05-20,57.154972076416016
2019-05-21,58.32490539550781
2019-05-22,57.092567443847656
2019-05-23,56.20343399047852
2019-05-24,55.71361923217773
2019-05-25,55.71361923217773
2019-05-26,55.71361923217773
2019-05-27,55.71361923217773
2019-05-28,55.23630142211914
2019-05-29,55.43596649169922
2019-05-30,55.90393829345703
2019-05-31,55.0709342956543
2019-06-01,55.0709342956543
2019-06-02,55.0709342956543
2019-06-03,55.20198059082031
2019-06-04,57.61671829223633
2019-06-05,57.20176696777344
2019-06-06,57.99420547485352
2019-06-07,58.64936828613281
2019-06-08,58.64936828613281
2019-06-09,58.64936828613281
2019-06-10,60.07823944091797
2019-06-11,60.31846618652344
2019-06-12,58.91767120361328
2019-06-13,59.201568603515625
2019-06-14,57.71030426025391
2019-06-15,57.71030426025391
2019-06-16,57.71030426025391
2019-06-17,57.283321380615234
2019-06-18,59.76123809814453
2019-06-19,59.88027191162109
2019-06-20,60.38463973999024
2019-06-21,60.04004287719727
2019-06-22,60.04004287719727
2019-06-23,60.04004287719727
2019-06-24,60.10270309448242
2019-06-25,59.272552490234375
2019-06-26,61.18657684326172
2019-06-27,62.07624435424805
2019-06-28,62.1545524597168
2019-06-29,62.1545524597168
2019-06-30,62.1545524597168
2019-07-01,63.72086715698242
2019-07-02,62.92521667480469
2019-07-03,62.63700866699219
2019-07-04,62.63700866699219
2019-07-05,62.27988815307617
2019-07-06,62.27988815307617
2019-07-07,62.27988815307617
2019-07-08,61.79744720458984
2019-07-09,62.18275833129883
2019-07-10,62.68398666381836
2019-07-11,62.859413146972656
2019-07-12,64.00281524658203
2019-07-13,64.00281524658203
2019-07-14,64.00281524658203
2019-07-15,64.5635757446289
2019-07-16,63.87751770019531
2019-07-17,64.06861877441406
2019-07-18,64.99584197998047
2019-07-19,64.92070007324219
2019-07-20,64.92070007324219
2019-07-21,64.92070007324219
2019-07-22,66.16118621826172
2019-07-23,67.01013946533203
2019-07-24,69.05261993408203
2019-07-25,67.8935546875
2019-07-26,67.8747787475586
2019-07-27,67.8747787475586
2019-07-28,67.8747787475586
2019-07-29,68.05957794189453
2019-07-30,67.90608215332031
2019-07-31,65.65372467041016
2019-08-01,64.35681915283203
2019-08-02,63.40764236450195
2019-08-03,63.40764236450195
2019-08-04,63.40764236450195
2019-08-05,60.66970443725586
2019-08-06,61.443450927734375
2019-08-07,61.83190536499024
2019-08-08,63.54545974731445
2019-08-09,62.43651580810547
2019-08-10,62.43651580810547
2019-08-11,62.43651580810547
2019-08-12,61.618896484375
2019-08-13,63.43895721435547
2019-08-14,61.48731231689453
2019-08-15,61.37453079223633
2019-08-16,63.00978469848633
2019-08-17,63.00978469848633
2019-08-18,63.00978469848633
2019-08-19,64.16886138916016
2019-08-20,63.93076705932617
2019-08-21,64.45391845703125
2019-08-22,64.45391845703125
2019-08-23,61.6533432006836
2019-08-24,61.6533432006836
2019-08-25,61.6533432006836
2019-08-26,62.1765022277832
2019-08-27,61.94467926025391
2019-08-28,62.33625030517578
2019-08-29,63.83366394042969
2019-08-30,64.1343765258789
2019-08-31,64.1343765258789
2019-09-01,64.1343765258789
2019-09-02,64.1343765258789
2019-09-03,63.07868576049805
2019-09-04,64.77344512939453
2019-09-05,66.76580810546875
2019-09-06,66.94437408447266
2019-09-07,66.94437408447266
2019-09-08,66.94437408447266
2019-09-09,67.188720703125
2019-09-10,67.48944091796875
2019-09-11,68.50128936767578
2019-09-12,68.65478515625
2019-09-13,68.51695251464844
2019-09-14,68.51695251464844
2019-09-15,68.51695251464844
2019-09-16,68.07524871826172
2019-09-17,68.22563171386719
2019-09-18,68.35092163085938
2019-09-19,67.9029541015625
2019-09-20,66.65303039550781
2019-09-21,66.65303039550781
2019-09-22,66.65303039550781
2019-09-23,67.4393310546875
2019-09-24,66.32538604736328
2019-09-25,67.43617248535156
2019-09-26,67.52113342285156
2019-09-27,65.9415054321289
2019-09-28,65.9415054321289
2019-09-29,65.9415054321289
2019-09-30,66.52363586425781
2019-10-01,65.90058898925781
2019-10-02,64.93772888183594
2019-10-03,66.0799789428711
2019-10-04,67.17811584472656
2019-10-05,67.17811584472656
2019-10-06,67.17811584472656
2019-10-07,66.78482818603516
2019-10-08,64.71746063232422
2019-10-09,65.77471923828125
2019-10-10,66.41664123535156
2019-10-11,67.98368072509766
2019-10-12,67.98368072509766
2019-10-13,67.98368072509766
2019-10-14,67.9742660522461
2019-10-15,69.4688949584961
2019-10-16,68.48402404785156
2019-10-17,68.60043334960938
2019-10-18,67.8735580444336
2019-10-19,67.8735580444336
2019-10-20,67.8735580444336
2019-10-21,69.21088409423828
2019-10-22,68.60672760009766
2019-10-23,67.28514099121094
2019-10-24,68.94970703125
2019-10-25,70.39088439941406
2019-10-26,70.39088439941406
2019-10-27,70.39088439941406
2019-10-28,71.67158508300781
2019-10-29,70.92899322509766
2019-10-30,70.95414733886719
2019-10-31,70.59542846679688
2019-11-01,72.21595764160156
2019-11-02,72.21595764160156
2019-11-03,72.21595764160156
2019-11-04,73.82390594482422
2019-11-05,73.86480712890625
2019-11-06,73.37079620361328
2019-11-07,73.81444549560547
2019-11-08,74.1857681274414
2019-11-09,74.1857681274414
2019-11-10,74.1857681274414
2019-11-11,73.88055419921875
2019-11-12,74.0315933227539
2019-11-13,74.1102523803711
2019-11-14,73.86480712890625
2019-11-15,74.54135131835938
2019-11-16,74.54135131835938
2019-11-17,74.54135131835938
2019-11-18,74.37141418457031
2019-11-19,74.00010681152344
2019-11-20,73.12850952148438
2019-11-21,72.3481216430664
2019-11-22,72.27259826660156
2019-11-23,72.27259826660156
2019-11-24,72.27259826660156
2019-11-25,74.00641632080078
2019-11-26,73.72950744628906
2019-11-27,74.26129913330078
2019-11-28,74.26129913330078
2019-11-29,73.46519470214844
2019-11-30,73.46519470214844
2019-12-01,73.46519470214844
2019-12-02,72.33553314208984
2019-12-03,71.21531677246094
2019-12-04,72.34181213378906
2019-12-05,72.70366668701172
2019-12-06,73.75468444824219
2019-12-07,73.75468444824219
2019-12-08,73.75468444824219
2019-12-09,73.41799926757812
2019-12-10,73.72950744628906
2019-12-11,75.23992156982422
2019-12-12,77.2789535522461
2019-12-13,76.93909454345703
2019-12-14,76.93909454345703
2019-12-15,76.93909454345703
2019-12-16,77.6755142211914
2019-12-17,78.0260238647461
2019-12-18,77.98495483398438
2019-12-19,78.61336517333984
2019-12-20,79.36177062988281
2019-12-21,79.36177062988281
2019-12-22,79.36177062988281
2019-12-23,79.61439514160156
2019-12-24,79.7438735961914
2019-12-25,79.7438735961914
2019-12-26,79.83543395996094
2019-12-27,79.67753601074219
2019-12-28,79.67753601074219
2019-12-29,79.67753601074219
2019-12-30,79.07756805419922
2019-12-31,79.29228973388672
2020-01-01,79.29228973388672
2020-01-02,80.93121337890625
2020-01-03,79.4217758178711
2020-01-04,79.4217758178711
2020-01-05,79.4217758178711
2020-01-06,78.59442138671875
2020-01-07,80.04070281982422
2020-01-08,79.9680404663086
2020-01-09,80.47332763671875
2020-01-10,80.00596618652344
2020-01-11,80.00596618652344
2020-01-12,80.00596618652344
2020-01-13,80.940673828125
2020-01-14,81.11751556396484
2020-01-15,80.25857543945312
2020-01-16,81.52799987792969
2020-01-17,82.14060974121094
2020-01-18,82.14060974121094
2020-01-19,82.14060974121094
2020-01-20,82.14060974121094
2020-01-21,82.09324645996094
2020-01-22,82.64585876464844
2020-01-23,83.27113342285156
2020-01-24,82.38693237304688
2020-01-25,82.38693237304688
2020-01-26,82.38693237304688
2020-01-27,79.24175262451172
2020-01-28,81.07962799072266
2020-01-29,79.58912658691406
2020-01-30,79.59227752685547
2020-01-31,76.75343322753906
2020-02-01,76.75343322753906
2020-02-02,76.75343322753906
2020-02-03,77.61234283447266
2020-02-04,80.03752899169922
2020-02-05,81.88167572021484
2020-02-06,81.9290542602539
2020-02-07,79.99650573730469
2020-02-08,79.99650573730469
2020-02-09,79.99650573730469
2020-02-10,81.11751556396484
2020-02-11,82.75640869140625
2020-02-12,84.03215789794922
2020-02-13,84.12057495117188
2020-02-14,83.83950805664062
2020-02-15,83.83950805664062
2020-02-16,83.83950805664062
2020-02-17,83.83950805664062
2020-02-18,82.76274108886719
2020-02-19,84.85000610351562
2020-02-20,83.61848449707031
2020-02-21,81.13330078125
2020-02-22,81.13330078125
2020-02-23,81.13330078125
2020-02-24,77.24604034423828
2020-02-25,74.94400787353516
2020-02-26,75.0450668334961
2020-02-27,71.5809555053711
2020-02-28,73.19458770751953
2020-02-29,73.19458770751953
2020-03-01,73.19458770751953
2020-03-02,75.7871322631836
2020-03-03,73.11882019042969
2020-03-04,76.85447692871094
2020-03-05,74.53981018066406
2020-03-06,72.9103775024414
2020-03-07,72.9103775024414
2020-03-08,72.9103775024414
2020-03-09,66.6832046508789
2020-03-10,71.0599136352539
2020-03-11,67.07792663574219
2020-03-12,59.72342300415039
2020-03-13,66.13060760498047
2020-03-14,66.13060760498047
2020-03-15,66.13060760498047
2020-03-16,56.06038284301758
2020-03-17,60.99285888671875
2020-03-18,55.98143768310547
2020-03-19,57.42139053344727
2020-03-20,55.78564453125
2020-03-21,55.78564453125
2020-03-22,55.78564453125
2020-03-23,57.77822494506836
2020-03-24,64.02750396728516
2020-03-25,63.19287872314453
2020-03-26,67.44207000732422
2020-03-27,64.09593963623047
2020-03-28,64.09593963623047
2020-03-29,64.09593963623047
2020-03-30,66.32667541503906
2020-03-31,65.02435302734375
2020-04-01,61.46595764160156
2020-04-02,63.29743576049805
2020-04-03,62.09968185424805
2020-04-04,62.09968185424805
2020-04-05,62.09968185424805
2020-04-06,68.43386840820312
2020-04-07,68.18987274169922
2020-04-08,70.4713134765625
2020-04-09,68.94718933105469
2020-04-10,68.94718933105469
2020-04-11,68.94718933105469
2020-04-12,68.94718933105469
2020-04-13,69.72665405273438
2020-04-14,72.94287872314453
2020-04-15,70.77234649658203
2020-04-16,72.75909423828125
2020-04-17,73.3231201171875
2020-04-18,73.3231201171875
2020-04-19,73.3231201171875
2020-04-20,71.7292709350586
2020-04-21,68.21521759033203
2020-04-22,72.34400939941406
2020-04-23,71.62154388427734
2020-04-24,73.11083221435547
2020-04-25,73.11083221435547
2020-04-26,73.11083221435547
2020-04-27,74.08676147460938
2020-04-28,73.70337677001953
2020-04-29,77.20157623291016
2020-04-30,74.47650909423828
2020-05-01,70.84523010253906
2020-05-02,70.84523010253906
2020-05-03,70.84523010253906
2020-05-04,71.43460083007812
2020-05-05,72.6355209350586
2020-05-06,73.52592468261719
2020-05-07,74.18816375732422
2020-05-08,76.37771606445312
2020-05-09,76.37771606445312
2020-05-10,76.37771606445312
2020-05-11,76.30484771728516
2020-05-12,74.2800521850586
2020-05-13,72.84780883789062
2020-05-14,74.79654693603516
2020-05-15,73.25025177001953
2020-05-16,73.25025177001953
2020-05-17,73.25025177001953
2020-05-18,76.6153793334961
2020-05-19,76.36505126953125
2020-05-20,79.17884063720703
2020-05-21,77.18576049804688
2020-05-22,77.5279541015625
2020-05-23,77.5279541015625
2020-05-24,77.5279541015625
2020-05-25,77.5279541015625
2020-05-26,78.34230041503906
2020-05-27,79.54957580566406
2020-05-28,77.81314849853516
2020-05-29,79.8062515258789
2020-05-30,79.8062515258789
2020-05-31,79.8062515258789
2020-06-01,79.37527465820312
2020-06-02,81.08953094482422
2020-06-03,83.43120574951172
2020-06-04,84.19166564941406
2020-06-05,86.25448608398438
2020-06-06,86.25448608398438
2020-06-07,86.25448608398438
2020-06-08,86.07703399658203
2020-06-09,86.14359283447266
2020-06-10,86.4477767944336
2020-06-11,80.95646667480469
2020-06-12,82.05916595458984
2020-06-13,82.05916595458984
2020-06-14,82.05916595458984
2020-06-15,83.16522216796875
2020-06-16,84.78793334960938
2020-06-17,85.44847106933594
2020-06-18,85.28968048095703
2020-06-19,84.8768539428711
2020-06-20,84.8768539428711
2020-06-21,84.8768539428711
2020-06-22,85.50244140625
2020-06-23,85.80730438232422
2020-06-24,83.92418670654297
2020-06-25,84.52436828613281
2020-06-26,82.93975067138672
2020-06-27,82.93975067138672
2020-06-28,82.93975067138672
2020-06-29,83.84481048583984
2020-06-30,86.01687622070312
2020-07-01,84.91497802734375
2020-07-02,85.953369140625
2020-07-03,85.953369140625
2020-07-04,85.953369140625
2020-07-05,85.953369140625
2020-07-06,88.22392272949219
2020-07-07,87.18231964111328
2020-07-08,88.3636474609375
2020-07-09,89.53541564941406
2020-07-10,89.23374938964844
2020-07-11,89.23374938964844
2020-07-12,89.23374938964844
2020-07-13,87.76663208007812
2020-07-14,89.21788787841797
2020-07-15,89.06228637695312
2020-07-16,88.72883605957031
2020-07-17,89.17658996582031
2020-07-18,89.17658996582031
2020-07-19,89.17658996582031
2020-07-20,90.93904113769533
2020-07-21,90.4753875732422
2020-07-22,90.77391815185548
2020-07-23,89.38619995117188
2020-07-24,87.98258209228516
2020-07-25,87.98258209228516
2020-07-26,87.98258209228516
2020-07-27,90.72308349609376
2020-07-28,88.97016143798828
2020-07-29,90.80248260498048
2020-07-30,92.59034729003906
2020-07-31,92.2155990600586
2020-08-01,92.2155990600586
2020-08-02,92.2155990600586
2020-08-03,93.8891372680664
2020-08-04,95.26734924316406
2020-08-05,95.16890716552734
2020-08-06,95.11808013916016
2020-08-07,94.06062316894533
2020-08-08,94.06062316894533
2020-08-09,94.06062316894533
2020-08-10,94.05744934082033
2020-08-11,93.07618713378906
2020-08-12,96.08345794677734
2020-08-13,95.12761688232422
2020-08-14,95.07046508789062
2020-08-15,95.07046508789062
2020-08-16,95.07046508789062
2020-08-17,96.14063262939452
2020-08-18,95.63251495361328
2020-08-19,95.08952331542967
2020-08-20,94.24481964111328
2020-08-21,94.88308715820312
2020-08-22,94.88308715820312
2020-08-23,94.88308715820312
2020-08-24,95.87068939208984
2020-08-25,96.80115509033205
2020-08-26,97.11237335205078
2020-08-27,96.00725555419922
2020-08-28,97.77923583984376
2020-08-29,97.77923583984376
2020-08-30,97.77923583984376
2020-08-31,97.56012725830078
2020-09-01,99.49722290039062
2020-09-02,102.3806381225586
2020-09-03,96.67095184326172
2020-09-04,95.66747283935548
2020-09-05,95.66747283935548
2020-09-06,95.66747283935548
2020-09-07,95.66747283935548
2020-09-08,91.19625091552734
2020-09-09,93.67957305908205
2020-09-10,92.40931701660156
2020-09-11,92.3839340209961
2020-09-12,92.3839340209961
2020-09-13,92.3839340209961
2020-09-14,94.2320785522461
2020-09-15,95.8580093383789
2020-09-16,94.95930480957033
2020-09-17,94.9116668701172
2020-09-18,93.42552185058594
2020-09-19,93.42552185058594
2020-09-20,93.42552185058594
2020-09-21,93.25719451904295
2020-09-22,94.21940612792967
2020-09-23,92.04550170898438
2020-09-24,92.82315826416016
2020-09-25,94.09797668457033
2020-09-26,94.09797668457033
2020-09-27,94.09797668457033
2020-09-28,96.6890640258789
2020-09-29,96.91535949707033
2020-09-30,97.08106994628906
2020-10-01,99.1590347290039
2020-10-02,96.18550872802734
2020-10-03,96.18550872802734
2020-10-04,96.18550872802734
2020-10-05,99.19091033935548
2020-10-06,98.71922302246094
2020-10-07,100.60916137695312
2020-10-08,101.85529327392578
2020-10-09,103.64641571044922
2020-10-10,103.64641571044922
2020-10-11,103.64641571044922
2020-10-12,105.1857681274414
2020-10-13,104.99774169921876
2020-10-14,104.5738525390625
2020-10-15,104.29340362548828
2020-10-16,103.79619598388672
2020-10-17,103.79619598388672
2020-10-18,103.79619598388672
2020-10-19,103.27354431152344
2020-10-20,103.1045913696289
2020-10-21,102.41303253173828
2020-10-22,102.45446014404295
2020-10-23,102.09429931640624
2020-10-24,102.09429931640624
2020-10-25,102.09429931640624
2020-10-26,99.8825225830078
2020-10-27,99.49048614501952
2020-10-28,96.23332214355467
2020-10-29,98.67459869384766
2020-10-30,97.35833740234376
2020-10-31,97.35833740234376
2020-11-01,97.35833740234376
2020-11-02,97.70572662353516
2020-11-03,99.54783630371094
2020-11-04,103.02812957763672
2020-11-05,107.65574645996094
2020-11-06,109.41181182861328
2020-11-07,109.41181182861328
2020-11-08,109.41181182861328
2020-11-09,108.1369857788086
2020-11-10,104.8925552368164
2020-11-11,108.6724090576172
2020-11-12,107.33065795898438
2020-11-13,108.64689636230467
2020-11-14,108.64689636230467
2020-11-15,108.64689636230467
2020-11-16,111.34954833984376
2020-11-17,110.43164825439452
2020-11-18,109.60940551757812
2020-11-19,111.22844696044922
2020-11-20,110.70894622802734
2020-11-21,110.70894622802734
2020-11-22,110.70894622802734
2020-11-23,112.28655242919922
2020-11-24,112.89846801757812
2020-11-25,112.64987182617188
2020-11-26,112.64987182617188
2020-11-27,113.99163055419922
2020-11-28,113.99163055419922
2020-11-29,113.99163055419922
2020-11-30,115.31106567382812
2020-12-01,117.2137222290039
2020-12-02,117.55794525146484
2020-12-03,117.71090698242188
2020-12-04,120.92028045654295
2020-12-05,120.92028045654295
2020-12-06,120.92028045654295
2020-12-07,121.53219604492188
2020-12-08,121.92420196533205
2020-12-09,118.48857879638672
2020-12-10,118.32281494140624
2020-12-11,117.1723175048828
2020-12-12,117.1723175048828
2020-12-13,117.1723175048828
2020-12-14,118.4806900024414
2020-12-15,120.13174438476562
2020-12-16,120.20201873779295
2020-12-17,120.42234802246094
2020-12-18,119.70703125
2020-12-19,119.70703125
2020-12-20,119.70703125
2020-12-21,119.1736831665039
2020-12-22,118.99803924560548
2020-12-23,118.1038589477539
2020-12-24,119.15773010253906
2020-12-25,119.15773010253906
2020-12-26,119.15773010253906
2020-12-27,119.15773010253906
2020-12-28,119.02678680419922
2020-12-29,118.72020721435548
2020-12-30,120.70979309082033
2020-12-31,121.09302520751952
2021-01-01,121.09302520751952
2021-01-02,121.09302520751952
2021-01-03,121.09302520751952
2021-01-04,120.58525848388672
2021-01-05,123.05067443847656
2021-01-06,122.65147399902344
2021-01-07,127.27896118164062
2021-01-08,127.345947265625
2021-01-09,127.345947265625
2021-01-10,127.345947265625
2021-01-11,128.63621520996094
2021-01-12,129.41537475585938
2021-01-13,129.62620544433594
2021-01-14,132.37261962890625
2021-01-15,129.68045043945312
2021-01-16,129.68045043945312
2021-01-17,129.68045043945312
2021-01-18,129.68045043945312
2021-01-19,134.1290740966797
2021-01-20,133.65005493164062
2021-01-21,135.58216857910156
2021-01-22,133.28280639648438
2021-01-23,133.28280639648438
2021-01-24,133.28280639648438
2021-01-25,133.4744415283203
2021-01-26,131.3059844970703
2021-01-27,124.49095153808594
2021-01-28,127.221435546875
2021-01-29,125.00193786621094
2021-01-30,125.00193786621094
2021-01-31,125.00193786621094
2021-02-01,129.93917846679688
2021-02-02,132.04689025878906
2021-02-03,129.36436462402344
2021-02-04,130.424560546875
2021-02-05,129.53358459472656
2021-02-06,129.53358459472656
2021-02-07,129.53358459472656
2021-02-08,133.42015075683594
2021-02-09,133.02732849121094
2021-02-10,133.28919982910156
2021-02-11,137.9038848876953
2021-02-12,139.60923767089844
2021-02-13,139.60923767089844
2021-02-14,139.60923767089844
2021-02-15,139.60923767089844
2021-02-16,140.31182861328125
2021-02-17,137.9070587158203
2021-02-18,136.4891357421875
2021-02-19,139.7784881591797
2021-02-20,139.7784881591797
2021-02-21,139.7784881591797
2021-02-22,134.71351623535156
2021-02-23,133.70114135742188
2021-02-24,138.03799438476562
2021-02-25,130.1754608154297
2021-02-26,133.14227294921875
2021-02-27,133.14227294921875
2021-02-28,133.14227294921875
2021-03-01,137.38650512695312
2021-03-02,133.26683044433594
2021-03-03,129.18862915039062
2021-03-04,122.97081756591795
2021-03-05,126.65938568115234
2021-03-06,126.65938568115234
2021-03-07,126.65938568115234
2021-03-08,119.8251724243164
2021-03-09,127.26936340332033
2021-03-10,124.86781311035156
2021-03-11,130.1243896484375
2021-03-12,128.7511749267578
2021-03-13,128.7511749267578
2021-03-14,128.7511749267578
2021-03-15,131.46566772460938
2021-03-16,133.16464233398438
2021-03-17,134.84124755859375
2021-03-18,129.2621307373047
2021-03-19,130.85890197753906
2021-03-20,130.85890197753906
2021-03-21,130.85890197753906
2021-03-22,133.62770080566406
2021-03-23,130.11477661132812
2021-03-24,128.32960510253906
2021-03-25,128.46592712402344
2021-03-26,134.8074493408203
2021-03-27,134.8074493408203
2021-03-28,134.8074493408203
2021-03-29,132.74050903320312
2021-03-30,132.4237823486328
2021-03-31,135.65858459472656
2021-04-01,140.64666748046875
2021-04-02,140.64666748046875
2021-04-03,140.64666748046875
2021-04-04,140.64666748046875
2021-04-05,143.48468017578125
2021-04-06,141.88168334960938
2021-04-07,141.78890991210938
2021-04-08,143.4047393798828
2021-04-09,142.95675659179688
2021-04-10,142.95675659179688
2021-04-11,142.95675659179688
2021-04-12,141.4209442138672
2021-04-13,141.19700622558594
2021-04-14,139.64520263671875
2021-04-15,141.98410034179688
2021-04-16,141.31861877441406
2021-04-17,141.31861877441406
2021-04-18,141.31861877441406
2021-04-19,137.60389709472656
2021-04-20,135.64254760742188
2021-04-21,139.20045471191406
2021-04-22,136.1704559326172
2021-04-23,138.6533660888672
2021-04-24,138.6533660888672
2021-04-25,138.6533660888672
2021-04-26,141.1938018798828
2021-04-27,140.1347198486328
2021-04-28,138.0070343017578
2021-04-29,138.9029083251953
2021-04-30,135.0314178466797
2021-05-01,135.0314178466797
2021-05-02,135.0314178466797
2021-05-03,133.6268310546875
2021-05-04,131.37432861328125
2021-05-05,132.1966094970703
2021-05-06,133.28125
2021-05-07,135.11143493652344
2021-05-08,135.11143493652344
2021-05-09,135.11143493652344
2021-05-10,129.1026153564453
2021-05-11,129.27540588378906
2021-05-12,124.00889587402344
2021-05-13,125.5895004272461
2021-05-14,129.47695922851562
2021-05-15,129.47695922851562
2021-05-16,129.47695922851562
2021-05-17,128.3475341796875
2021-05-18,127.31405639648438
2021-05-19,129.79690551757812
2021-05-20,133.21087646484375
2021-05-21,132.4749298095703
2021-05-22,132.4749298095703
2021-05-23,132.4749298095703
2021-05-24,135.8217315673828
2021-05-25,136.22486877441406
2021-05-26,136.589599609375
2021-05-27,137.16554260253906
2021-05-28,138.43894958496094
2021-05-29,138.43894958496094
2021-05-30,138.43894958496094
2021-05-31,138.43894958496094
2021-06-01,138.05181884765625
2021-06-02,138.89332580566406
2021-06-03,136.5064239501953
2021-06-04,139.82115173339844
2021-06-05,139.82115173339844
2021-06-06,139.82115173339844
2021-06-07,138.7333221435547
2021-06-08,137.93983459472656
2021-06-09,137.26153564453125
2021-06-10,138.83827209472656
2021-06-11,139.53976440429688
2021-06-12,139.53976440429688
2021-06-13,139.53976440429688
2021-06-14,141.52267456054688
2021-06-15,140.36306762695312
2021-06-16,139.04327392578125
2021-06-17,140.54244995117188
2021-06-18,137.17886352539062
2021-06-19,137.17886352539062
2021-06-20,137.17886352539062
2021-06-21,137.68496704101562
2021-06-22,138.33531188964844
2021-06-23,138.91188049316406
2021-06-24,141.27281188964844
2021-06-25,140.88841247558594
2021-06-26,140.88841247558594
2021-06-27,140.88841247558594
2021-06-28,144.251953125
2021-06-29,145.38279724121094
2021-06-30,145.50445556640625
2021-07-01,143.41905212402344
2021-07-02,144.2936248779297
2021-07-03,144.2936248779297
2021-07-04,144.2936248779297
2021-07-05,144.2936248779297
2021-07-06,144.04693603515625
2021-07-07,141.86541748046875
2021-07-08,140.04270935058594
2021-07-09,142.32672119140625
2021-07-10,142.32672119140625
2021-07-11,142.32672119140625
2021-07-12,144.15269470214844
2021-07-13,143.57606506347656
2021-07-14,142.9129638671875
2021-07-15,139.74156188964844
2021-07-16,136.70477294921875
2021-07-17,136.70477294921875
2021-07-18,136.70477294921875
2021-07-19,136.56703186035156
2021-07-20,138.42820739746094
2021-07-21,142.67910766601562
2021-07-22,141.83660888671875
2021-07-23,142.56057739257812
2021-07-24,142.56057739257812
2021-07-25,142.56057739257812
2021-07-26,142.60545349121094
2021-07-27,139.98822021484375
2021-07-28,142.27545166015625
2021-07-29,145.17774963378906
2021-07-30,146.3662109375
2021-07-31,146.3662109375
2021-08-01,146.3662109375
2021-08-02,147.2919921875
2021-08-03,148.41319274902344
2021-08-04,149.92518615722656
2021-08-05,149.95079040527344
2021-08-06,149.2044219970703
2021-08-07,149.2044219970703
2021-08-08,149.2044219970703
2021-08-09,148.69830322265625
2021-08-10,146.97161865234375
2021-08-11,146.4687042236328
2021-08-12,144.89584350585938
2021-08-13,145.8056182861328
2021-08-14,145.8056182861328
2021-08-15,145.8056182861328
2021-08-16,145.2642364501953
2021-08-17,142.45166015625
2021-08-18,140.56805419921875
2021-08-19,141.7213134765625
2021-08-20,142.7848358154297
2021-08-21,142.7848358154297
2021-08-22,142.7848358154297
2021-08-23,146.80508422851562
2021-08-24,146.80508422851562
2021-08-25,147.92303466796875
2021-08-26,148.06080627441406
2021-08-27,150.88619995117188
2021-08-28,150.88619995117188
2021-08-29,150.88619995117188
2021-08-30,151.1873321533203
2021-08-31,149.97962951660156
2021-09-01,149.16278076171875
2021-09-02,149.72012329101562
2021-09-03,150.84133911132812
2021-09-04,150.84133911132812
2021-09-05,150.84133911132812
2021-09-06,150.84133911132812
2021-09-07,150.28713989257812
2021-09-08,148.36187744140625
2021-09-09,148.88409423828125
2021-09-10,150.06614685058594
2021-09-11,150.06614685058594
2021-09-12,150.06614685058594
2021-09-13,151.50440979003906
2021-09-14,151.51083374023438
2021-09-15,152.38214111328125
2021-09-16,152.67372131347656
2021-09-17,150.23910522460938
2021-09-18,150.23910522460938
2021-09-19,150.23910522460938
2021-09-20,146.51998901367188
2021-09-21,146.95242309570312
2021-09-22,150.00205993652344
2021-09-23,152.00096130371094
2021-09-24,151.82662963867188
2021-09-25,151.82662963867188
2021-09-26,151.82662963867188
2021-09-27,151.45730590820312
2021-09-28,145.53260803222656
2021-09-29,143.23658752441406
2021-09-30,143.1787567138672
2021-10-01,143.2718963623047
2021-10-02,143.2718963623047
2021-10-03,143.2718963623047
2021-10-04,139.58221435546875
2021-10-05,141.69517517089844
2021-10-06,142.24749755859375
2021-10-07,143.91090393066406
2021-10-08,142.43701171875
2021-10-09,142.43701171875
2021-10-10,142.43701171875
2021-10-11,141.48321533203125
2021-10-12,139.7170867919922
2021-10-13,140.52313232421875
2021-10-14,144.8839569091797
2021-10-15,145.85052490234375
2021-10-16,145.85052490234375
2021-10-17,145.85052490234375
2021-10-18,147.02581787109375
2021-10-19,148.82733154296875
2021-10-20,148.51904296875
2021-10-21,150.0154571533203
2021-10-22,148.33277893066406
2021-10-23,148.33277893066406
2021-10-24,148.33277893066406
2021-10-25,149.3507537841797
2021-10-26,149.46315002441406
2021-10-27,148.39060974121094
2021-10-28,151.73666381835938
2021-10-29,152.41429138183594
2021-10-30,152.41429138183594
2021-10-31,152.41429138183594
2021-11-01,154.8997344970703
2021-11-02,156.8264923095703
2021-11-03,158.63438415527344
2021-11-04,163.97146606445312
2021-11-05,165.79222106933594
2021-11-06,165.79222106933594
2021-11-07,165.79222106933594
2021-11-08,168.03366088867188
2021-11-09,168.03366088867188
2021-11-10,163.0786895751953
2021-11-11,166.52760314941406
2021-11-12,168.1556854248047
2021-11-13,168.1556854248047
2021-11-14,168.1556854248047
2021-11-15,168.03041076660156
2021-11-16,170.5480499267578
2021-11-17,169.35986328125
2021-11-18,172.19219970703125
2021-11-19,172.670654296875
2021-11-20,172.670654296875
2021-11-21,172.670654296875
2021-11-22,170.16909790039062
2021-11-23,169.48512268066406
2021-11-24,171.3476104736328
2021-11-25,171.3476104736328
2021-11-26,166.57894897460938
2021-11-27,166.57894897460938
2021-11-28,166.57894897460938
2021-11-29,172.98211669921875
2021-11-30,169.9507293701172
2021-12-01,168.59237670898438
2021-12-02,168.83645629882812
2021-12-03,168.4093780517578
2021-12-04,168.4093780517578
2021-12-05,168.4093780517578
2021-12-06,168.19419860839844
2021-12-07,176.6814727783203
2021-12-08,175.53184509277344
2021-12-09,171.49533081054688
2021-12-10,173.11380004882812
2021-12-11,173.11380004882812
2021-12-12,173.11380004882812
2021-12-13,168.50241088867188
2021-12-14,167.6918487548828
2021-12-15,173.84811401367188
2021-12-16,166.2637481689453
2021-12-17,165.87135314941406
2021-12-18,165.87135314941406
2021-12-19,165.87135314941406
2021-12-20,164.57192993164062
2021-12-21,170.5094757080078
2021-12-22,172.28172302246094
2021-12-23,173.94784545898438
2021-12-24,173.94784545898438
2021-12-25,173.94784545898438
2021-12-26,173.94784545898438
2021-12-27,178.71458435058594
2021-12-28,176.74290466308594
2021-12-29,177.01307678222656
2021-12-30,175.01031494140625
2021-12-31,174.4826202392578
2022-01-01,174.4826202392578
2022-01-02,174.4826202392578
2022-01-03,177.950927734375
2022-01-04,177.40396118164062
2022-01-05,171.3779296875
2022-01-06,172.70986938476562
2022-01-07,167.7005157470703
2022-01-08,167.7005157470703
2022-01-09,167.7005157470703
2022-01-10,167.76162719726562
2022-01-11,170.91781616210938
2022-01-12,172.17259216308594
2022-01-13,168.1540985107422
2022-01-14,172.1790313720703
2022-01-15,172.1790313720703
2022-01-16,172.1790313720703
2022-01-17,172.1790313720703
2022-01-18,164.48313903808594
2022-01-19,159.64425659179688
2022-01-20,154.6381378173828
2022-01-21,152.06422424316406
2022-01-22,152.06422424316406
2022-01-23,152.06422424316406
2022-01-24,153.80157470703125
2022-01-25,148.06185913085938
2022-01-26,150.3365478515625
2022-01-27,143.6444549560547
2022-01-28,146.39849853515625
2022-01-29,146.39849853515625
2022-01-30,146.39849853515625
2022-01-31,154.2616729736328
2022-02-01,155.54539489746094
2022-02-02,159.47377014160156
2022-02-03,152.53396606445312
2022-02-04,153.40907287597656
2022-02-05,153.40907287597656
2022-02-06,153.40907287597656
2022-02-07,153.3222198486328
2022-02-08,157.19912719726562
2022-02-09,162.3564910888672
2022-02-10,157.29562377929688
2022-02-11,149.29087829589844
2022-02-12,149.29087829589844
2022-02-13,149.29087829589844
2022-02-14,149.4324493408203
2022-02-15,157.67845153808594
2022-02-16,157.72998046875
2022-02-17,151.8068389892578
2022-02-18,150.11131286621094
2022-02-19,150.11131286621094
2022-02-20,150.11131286621094
2022-02-21,150.11131286621094
2022-02-22,149.19757080078125
2022-02-23,145.64242553710938
2022-02-24,150.9703369140625
2022-02-25,153.48631286621094
2022-02-26,153.48631286621094
2022-02-27,153.48631286621094
2022-02-28,152.55328369140625
2022-03-01,147.02267456054688
2022-03-02,151.69744873046875
2022-03-03,148.51553344726562
2022-03-04,144.5742645263672
2022-03-05,144.5742645263672
2022-03-06,144.5742645263672
2022-03-07,137.32241821289062
2022-03-08,139.95419311523438
2022-03-09,145.81936645507812
2022-03-10,142.82728576660156
2022-03-11,139.76113891601562
2022-03-12,139.76113891601562
2022-03-13,139.76113891601562
2022-03-14,135.23753356933594
2022-03-15,141.4534454345703
2022-03-16,148.73751831054688
2022-03-17,149.65444946289062
2022-03-18,152.57579040527344
2022-03-19,152.57579040527344
2022-03-20,152.57579040527344
2022-03-21,152.27333068847656
2022-03-22,153.1162872314453
2022-03-23,149.2587127685547
2022-03-24,156.79347229003906
2022-03-25,156.43885803222656
2022-03-26,156.43885803222656
2022-03-27,156.43885803222656
2022-03-28,157.65414428710938
2022-03-29,161.26756286621094
2022-03-30,156.11007690429688
2022-03-31,152.557861328125
2022-04-01,149.6020050048828
2022-04-02,149.6020050048828
2022-04-03,149.6020050048828
2022-04-04,152.03248596191406
2022-04-05,145.03443908691406
2022-04-06,141.42742919921875
2022-04-07,141.7368927001953
2022-04-08,138.22015380859375
2022-04-09,138.22015380859375
2022-04-10,138.22015380859375
2022-04-11,135.38031005859375
2022-04-12,134.96771240234375
2022-04-13,137.87196350097656
2022-04-14,134.05870056152344
2022-04-15,134.05870056152344
2022-04-16,134.05870056152344
2022-04-17,134.05870056152344
2022-04-18,136.3795623779297
2022-04-19,139.36766052246094
2022-04-20,139.0582275390625
2022-04-21,135.34805297851562
2022-04-22,132.3373565673828
2022-04-23,132.3373565673828
2022-04-24,132.3373565673828
2022-04-25,134.5744171142578
2022-04-26,128.6078643798828
2022-04-27,127.90519714355467
2022-04-28,134.9547882080078
2022-04-29,129.1881103515625
2022-04-30,129.1881103515625
2022-05-01,129.1881103515625
2022-05-02,133.50103759765625
2022-05-03,134.60667419433594
2022-05-04,139.82862854003906
2022-05-05,133.0562286376953
2022-05-06,131.87001037597656
2022-05-07,131.87001037597656
2022-05-08,131.87001037597656
2022-05-09,125.15560913085938
2022-05-10,128.00189208984375
2022-05-11,124.22080993652344
2022-05-12,124.97509765625
2022-05-13,131.35423278808594
2022-05-14,131.35423278808594
2022-05-15,131.35423278808594
2022-05-16,129.355712890625
2022-05-17,135.63816833496094
2022-05-18,128.80130004882812
2022-05-19,128.0211944580078
2022-05-20,127.9535140991211
2022-05-21,127.9535140991211
2022-05-22,127.9535140991211
2022-05-23,128.50477600097656
2022-05-24,125.3748016357422
2022-05-25,127.63119506835938
2022-05-26,132.61781311035156
2022-05-27,138.07180786132812
2022-05-28,138.07180786132812
2022-05-29,138.07180786132812
2022-05-30,138.07180786132812
2022-05-31,137.36268615722656
2022-06-01,135.1836700439453
2022-06-02,139.89305114746094
2022-06-03,135.70907592773438
2022-06-04,135.70907592773438
2022-06-05,135.70907592773438
2022-06-06,135.9443817138672
2022-06-07,137.03070068359375
2022-06-08,134.11349487304688
2022-06-09,130.30667114257812
2022-06-10,125.67733764648438
2022-06-11,125.67733764648438
2022-06-12,125.67733764648438
2022-06-13,118.42658996582033
2022-06-14,119.08515167236328
2022-06-15,121.13187408447266
2022-06-16,113.83273315429688
2022-06-17,114.29438018798828
2022-06-18,114.29438018798828
2022-06-19,114.29438018798828
2022-06-20,114.29438018798828
2022-06-21,117.2869873046875
2022-06-22,116.06346893310548
2022-06-23,115.27577209472656
2022-06-24,120.38294219970705
2022-06-25,120.38294219970705
2022-06-26,120.38294219970705
2022-06-27,120.05363464355467
2022-06-28,117.12557220458984
2022-06-29,114.36217498779295
2022-06-30,112.86425018310548
2022-07-01,108.87081146240234
2022-07-02,108.87081146240234
2022-07-03,108.87081146240234
2022-07-04,108.87081146240234
2022-07-05,109.72956848144533
2022-07-06,110.26545715332033
2022-07-07,115.2015151977539
2022-07-08,115.75033569335938
2022-07-09,115.75033569335938
2022-07-10,115.75033569335938
2022-07-11,113.0837860107422
2022-07-12,113.40013122558594
2022-07-13,114.0393524169922
2022-07-14,116.45734405517578
2022-07-15,119.23689270019533
2022-07-16,119.23689270019533
2022-07-17,119.23689270019533
2022-07-18,118.85594177246094
2022-07-19,124.09547424316406
2022-07-20,127.2591781616211
2022-07-21,129.3382110595703
2022-07-22,126.15189361572266
2022-07-23,126.15189361572266
2022-07-24,126.15189361572266
2022-07-25,125.35450744628906
2022-07-26,123.26577758789062
2022-07-27,128.90562438964844
2022-07-28,130.49392700195312
2022-07-29,131.4979248046875
2022-07-30,131.4979248046875
2022-07-31,131.4979248046875
2022-08-01,132.00477600097656
2022-08-02,131.75294494628906
2022-08-03,135.41384887695312
2022-08-04,136.39202880859375
2022-08-05,135.32994079589844
2022-08-06,135.32994079589844
2022-08-07,135.32994079589844
2022-08-08,133.28314208984375
2022-08-09,127.1752471923828
2022-08-10,132.45352172851562
2022-08-11,132.28240966796875
2022-08-12,136.15313720703125
2022-08-13,136.15313720703125
2022-08-14,136.15313720703125
2022-08-15,136.65997314453125
2022-08-16,135.26211547851562
2022-08-17,131.99510192871094
2022-08-18,135.0038604736328
2022-08-19,131.35910034179688
2022-08-20,131.35910034179688
2022-08-21,131.35910034179688
2022-08-22,126.41658782958984
2022-08-23,127.04611206054688
2022-08-24,127.36571502685548
2022-08-25,132.03382873535156
2022-08-26,124.54419708251952
2022-08-27,124.54419708251952
2022-08-28,124.54419708251952
2022-08-29,122.02935028076172
2022-08-30,120.60892486572266
2022-08-31,119.34664916992188
2022-09-01,117.13204193115234
2022-09-02,115.84718322753906
2022-09-03,115.84718322753906
2022-09-04,115.84718322753906
2022-09-05,115.84718322753906
2022-09-06,114.51067352294922
2022-09-07,116.4476318359375
2022-09-08,118.41043853759766
2022-09-09,121.2513427734375
2022-09-10,121.2513427734375
2022-09-11,121.2513427734375
2022-09-12,121.84209442138672
2022-09-13,114.27499389648438
2022-09-14,115.57278442382812
2022-09-15,113.65516662597656
2022-09-16,114.33634948730467
2022-09-17,114.33634948730467
2022-09-18,114.33634948730467
2022-09-19,114.93680572509766
2022-09-20,113.40982818603516
2022-09-21,112.26376342773438
2022-09-22,109.2098159790039
2022-09-23,107.74739837646484
2022-09-24,107.74739837646484
2022-09-25,107.74739837646484
2022-09-26,106.1316375732422
2022-09-27,107.1183624267578
2022-09-28,108.6374053955078
2022-09-29,105.25851440429688
2022-09-30,103.4538345336914
2022-10-01,103.4538345336914
2022-10-02,103.4538345336914
2022-10-03,107.0307388305664
2022-10-04,112.052001953125
2022-10-05,112.96731567382812
2022-10-06,112.51615142822266
2022-10-07,105.76486206054688
2022-10-08,105.76486206054688
2022-10-09,105.76486206054688
2022-10-10,102.16849517822266
2022-10-11,99.29593658447266
2022-10-12,98.33194732666016
2022-10-13,101.16229248046876
2022-10-14,96.94597625732422
2022-10-15,96.94597625732422
2022-10-16,96.94597625732422
2022-10-17,99.00057983398438
2022-10-18,99.34137725830078
2022-10-19,99.97756958007812
2022-10-20,100.5975341796875
2022-10-21,104.33670043945312
2022-10-22,104.33670043945312
2022-10-23,104.33670043945312
2022-10-24,104.78787994384766
2022-10-25,107.1800308227539
2022-10-26,106.12515258789062
2022-10-27,104.24256896972656
2022-10-28,108.32904815673828
2022-10-29,108.32904815673828
2022-10-30,108.32904815673828
2022-10-31,105.96935272216795
2022-11-01,106.82299041748048
2022-11-02,103.45059204101562
2022-11-03,102.06462097167967
2022-11-04,106.78727722167967
2022-11-05,106.78727722167967
2022-11-06,106.78727722167967
2022-11-07,109.09504699707033
2022-11-08,111.49697875976562
2022-11-09,107.9330596923828
2022-11-10,119.10192108154295
2022-11-11,122.74695587158205
2022-11-12,122.74695587158205
2022-11-13,122.74695587158205
2022-11-14,121.40318298339844
2022-11-15,124.921630859375
2022-11-16,119.76407623291016
2022-11-17,120.7021026611328
2022-11-18,120.97148895263672
2022-11-19,120.97148895263672
2022-11-20,120.97148895263672
2022-11-21,118.96558380126952
2022-11-22,122.510009765625
2022-11-23,123.99009704589844
2022-11-24,123.99009704589844
2022-11-25,122.33799743652344
2022-11-26,122.33799743652344
2022-11-27,122.33799743652344
2022-11-28,119.28044128417967
2022-11-29,118.8195343017578
2022-11-30,125.94732666015624
2022-12-01,125.04175567626952
2022-12-02,123.62982940673828
2022-12-03,123.62982940673828
2022-12-04,123.62982940673828
2022-12-05,122.06533813476562
2022-12-06,119.49790954589844
2022-12-07,119.2414779663086
2022-12-08,122.68853759765624
2022-12-09,121.55249786376952
2022-12-10,121.55249786376952
2022-12-11,121.55249786376952
2022-12-12,123.70447540283205
2022-12-13,125.83055114746094
2022-12-14,123.94273376464844
2022-12-15,118.69911193847656
2022-12-16,117.80076599121094
2022-12-17,117.80076599121094
2022-12-18,117.80076599121094
2022-12-19,116.34258270263672
2022-12-20,115.63301849365234
2022-12-21,118.2369155883789
2022-12-22,113.45874786376952
2022-12-23,113.556396484375
2022-12-24,113.556396484375
2022-12-25,113.556396484375
2022-12-26,113.556396484375
2022-12-27,111.50582122802734
2022-12-28,109.8621063232422
2022-12-29,113.36761474609376
2022-12-30,113.26346588134766
2022-12-31,113.26346588134766
2023-01-01,113.26346588134766
2023-01-02,113.26346588134766
2023-01-03,112.1600570678711
2023-01-04,115.0471420288086
2023-01-05,113.10723114013672
2023-01-06,118.37037658691406
2023-01-07,118.37037658691406
2023-01-08,118.37037658691406
2023-01-09,120.55113983154295
2023-01-10,122.11022186279295
2023-01-11,123.68558502197266
2023-01-12,125.1893539428711
2023-01-13,125.70686340332033
2023-01-14,125.70686340332033
2023-01-15,125.70686340332033
2023-01-16,125.70686340332033
2023-01-17,125.85010528564452
2023-01-18,125.1893539428711
2023-01-19,121.67733001708984
2023-01-20,125.4855499267578
2023-01-21,125.4855499267578
2023-01-22,125.4855499267578
2023-01-23,131.78700256347656
2023-01-24,130.79100036621094
2023-01-25,131.1457977294922
2023-01-26,133.3558807373047
2023-01-27,132.50633239746094
2023-01-28,132.50633239746094
2023-01-29,132.50633239746094
2023-01-30,128.98779296875
2023-01-31,131.39315795898438
2023-02-01,138.2446746826172
2023-02-02,141.44749450683594
2023-02-03,138.68734741210938
2023-02-04,138.68734741210938
2023-02-05,138.68734741210938
2023-02-06,136.43495178222656
2023-02-07,140.7737579345703
2023-02-08,137.74671936035156
2023-02-09,138.0982208251953
2023-02-10,135.90118408203125
2023-02-11,135.90118408203125
2023-02-12,135.90118408203125
2023-02-13,137.89967346191406
2023-02-14,140.4026641845703
2023-02-15,140.97555541992188
2023-02-16,137.5188446044922
2023-02-17,135.3771514892578
2023-02-18,135.3771514892578
2023-02-19,135.3771514892578
2023-02-20,135.3771514892578
2023-02-21,130.99281311035156
2023-02-22,130.3646240234375
2023-02-23,134.6513214111328
2023-02-24,132.2394256591797
2023-02-25,132.2394256591797
2023-02-26,132.2394256591797
2023-02-27,132.93923950195312
2023-02-28,133.39491271972656
2023-03-01,133.4307403564453
2023-03-02,134.49832153320312
2023-03-03,136.57168579101562
2023-03-04,136.57168579101562
2023-03-05,136.57168579101562
2023-03-06,134.98330688476562
2023-03-07,133.56094360351562
2023-03-08,137.11199951171875
2023-03-09,134.38766479492188
2023-03-10,131.79025268554688
2023-03-11,131.79025268554688
2023-03-12,131.79025268554688
2023-03-13,131.8292999267578
2023-03-14,135.68312072753906
2023-03-15,134.10122680664062
2023-03-16,139.3383331298828
2023-03-17,138.475830078125
2023-03-18,138.475830078125
2023-03-19,138.475830078125
2023-03-20,139.9404754638672
2023-03-21,140.21713256835938
2023-03-22,138.82408142089844
2023-03-23,142.60662841796875
2023-03-24,140.1331787109375
2023-03-25,140.1331787109375
2023-03-26,140.1331787109375
2023-03-27,138.48861694335938
2023-03-28,137.45098876953125
2023-03-29,141.8691864013672
2023-03-30,144.20555114746094
2023-03-31,145.09962463378906
2023-04-01,145.09962463378906
2023-04-02,145.09962463378906
2023-04-03,143.8466033935547
2023-04-04,141.16432189941406
2023-04-05,138.71705627441406
2023-04-06,138.00241088867188
2023-04-07,138.00241088867188
2023-04-08,138.00241088867188
2023-04-09,138.00241088867188
2023-04-10,140.43994140625
2023-04-11,139.70248413085938
2023-04-12,137.1474609375
2023-04-13,138.27650451660156
2023-04-14,138.06114196777344
2023-04-15,138.06114196777344
2023-04-16,138.06114196777344
2023-04-17,138.06114196777344
2023-04-18,138.65830993652344
2023-04-19,137.14097595214844
2023-04-20,137.01370239257812
2023-04-21,136.00868225097656
2023-04-22,136.00868225097656
2023-04-23,136.00868225097656
2023-04-24,135.39846801757812
2023-04-25,130.84974670410156
2023-04-26,131.54803466796875
2023-04-27,132.102783203125
2023-04-28,134.4848175048828
2023-04-29,134.4848175048828
2023-04-30,134.4848175048828
2023-05-01,135.70196533203125
2023-05-02,134.73280334472656
2023-05-03,133.1861114501953
2023-05-04,132.4388427734375
2023-05-05,135.3854217529297
2023-05-06,135.3854217529297
2023-05-07,135.3854217529297
2023-05-08,135.9564666748047
2023-05-09,133.6429443359375
2023-05-10,135.003662109375
2023-05-11,134.11935424804688
2023-05-12,133.995361328125
2023-05-13,133.995361328125
2023-05-14,133.995361328125
2023-05-15,137.6336669921875
2023-05-16,137.3759002685547
2023-05-17,140.76950073242188
2023-05-18,145.2170867919922
2023-05-19,144.46983337402344
2023-05-20,144.46983337402344
2023-05-21,144.46983337402344
2023-05-22,144.96910095214844
2023-05-23,143.17764282226562
2023-05-24,140.6161346435547
2023-05-25,149.981201171875
2023-05-26,159.7834930419922
2023-05-27,159.7834930419922
2023-05-28,159.7834930419922
2023-05-29,159.7834930419922
2023-05-30,159.64971923828125
2023-05-31,155.55130004882812
2023-06-01,158.22703552246094
2023-06-02,157.85504150390625
2023-06-03,157.85504150390625
2023-06-04,157.85504150390625
2023-06-05,155.41099548339844
2023-06-06,157.28724670410156
2023-06-07,157.05555725097656
2023-06-08,158.66319274902344
2023-06-09,159.08145141601562
2023-06-10,159.08145141601562
2023-06-11,159.08145141601562
2023-06-12,164.20489501953125
2023-06-13,166.40390014648438
2023-06-14,168.7663116455078
2023-06-15,167.37109375
2023-06-16,165.8255615234375
2023-06-17,165.8255615234375
2023-06-18,165.8255615234375
2023-06-19,165.8255615234375
2023-06-20,164.48260498046875
2023-06-21,160.47337341308594
2023-06-22,161.22166442871094
2023-06-23,158.38218688964844
2023-06-24,158.38218688964844
2023-06-25,158.38218688964844
2023-06-26,158.89520263671875
2023-06-27,164.44667053222656
2023-06-28,163.17886352539062
2023-06-29,163.22463989257812
2023-06-30,165.7471466064453
2023-07-01,165.7471466064453
2023-07-02,165.7471466064453
2023-07-03,167.2207489013672
2023-07-04,167.2207489013672
2023-07-05,163.52525329589844
2023-07-06,161.46343994140625
2023-07-07,161.53208923339844
2023-07-08,161.53208923339844
2023-07-09,161.53208923339844
2023-07-10,164.8943328857422
2023-07-11,164.90087890625
2023-07-12,167.97230529785156
2023-07-13,171.4423828125
2023-07-14,169.2989044189453
2023-07-15,169.2989044189453
2023-07-16,169.2989044189453
2023-07-17,173.3506317138672
2023-07-18,173.67083740234375
2023-07-19,171.60903930664062
2023-07-20,165.36810302734375
2023-07-21,166.86134338378906
2023-07-22,166.86134338378906
2023-07-23,166.86134338378906
2023-07-24,166.8547821044922
2023-07-25,169.66160583496094
2023-07-26,167.3188018798828
2023-07-27,170.46539306640625
2023-07-28,174.18707275390625
2023-07-29,174.18707275390625
2023-07-30,174.18707275390625
2023-07-31,174.90916442871094
2023-08-01,175.02029418945312
2023-08-02,168.32192993164062
2023-08-03,167.890625
2023-08-04,167.62594604492188
2023-08-05,167.62594604492188
2023-08-06,167.62594604492188
2023-08-07,169.39039611816406
2023-08-08,166.69471740722656
2023-08-09,163.63633728027344
2023-08-10,162.97630310058594
2023-08-11,159.02590942382812
2023-08-12,159.02590942382812
2023-08-13,159.02590942382812
2023-08-14,163.61346435546875
2023-08-15,160.88182067871094
2023-08-16,157.76791381835938
2023-08-17,156.2256317138672
2023-08-18,157.06539916992188
2023-08-19,157.06539916992188
2023-08-20,157.06539916992188
2023-08-21,161.57778930664062
2023-08-22,160.15316772460938
2023-08-23,163.42721557617188
2023-08-24,158.02603149414062
2023-08-25,158.70565795898438
2023-08-26,158.70565795898438
2023-08-27,158.70565795898438
2023-08-28,160.71519470214844
2023-08-29,164.93678283691406
2023-08-30,165.71444702148438
2023-08-31,166.86134338378906
2023-09-01,167.29591369628906
2023-09-02,167.29591369628906
2023-09-03,167.29591369628906
2023-09-04,167.29591369628906
2023-09-05,167.2403564453125
2023-09-06,166.0314178466797
2023-09-07,162.23129272460938
2023-09-08,161.39154052734375
2023-09-09,161.39154052734375
2023-09-10,161.39154052734375
2023-09-11,161.300048828125
2023-09-12,159.9309844970703
2023-09-13,160.7511444091797
2023-09-14,161.9012908935547
2023-09-15,157.22877502441406
2023-09-16,157.22877502441406
2023-09-17,157.22877502441406
2023-09-18,157.76463317871094
2023-09-19,156.43479919433594
2023-09-20,153.86648559570312
2023-09-21,151.0270538330078
2023-09-22,152.2850341796875
2023-09-23,152.2850341796875
2023-09-24,152.2850341796875
2023-09-25,153.39927673339844
2023-09-26,150.6139373779297
2023-09-27,151.94203186035156
2023-09-28,154.7554931640625
2023-09-29,155.31622314453125
2023-09-30,155.31622314453125
2023-10-01,155.31622314453125
2023-10-02,156.09994506835938
2023-10-03,152.86997985839844
2023-10-04,154.8997802734375
2023-10-05,154.1488494873047
2023-10-06,157.46080017089844
2023-10-07,157.46080017089844
2023-10-08,157.46080017089844
2023-10-09,157.0673065185547
2023-10-10,159.0806884765625
2023-10-11,160.27757263183594
2023-10-12,160.6874542236328
2023-10-13,156.31309509277344
2023-10-14,156.31309509277344
2023-10-15,156.31309509277344
2023-10-16,158.52651977539062
2023-10-17,157.36895751953125
2023-10-18,154.5325164794922
2023-10-19,152.15188598632812
2023-10-20,149.95155334472656
2023-10-21,149.95155334472656
2023-10-22,149.95155334472656
2023-10-23,149.09902954101562
2023-10-24,151.1222381591797
2023-10-25,145.01319885253906
2023-10-26,144.1508026123047
2023-10-27,145.7018280029297
2023-10-28,145.7018280029297
2023-10-29,145.7018280029297
2023-10-30,143.750732421875
2023-10-31,145.06565856933594
2023-11-01,148.47923278808594
2023-11-02,151.8534698486328
2023-11-03,155.8441925048828
2023-11-04,155.8441925048828
2023-11-05,155.8441925048828
2023-11-06,155.55560302734375
2023-11-07,156.54591369628906
2023-11-08,156.7033233642578
2023-11-09,155.952392578125
2023-11-10,162.24180603027344
2023-11-11,162.24180603027344
2023-11-12,162.24180603027344
2023-11-13,160.6612091064453
2023-11-14,166.60304260253906
2023-11-15,167.81301879882812
2023-11-16,167.89500427246094
2023-11-17,169.0754852294922
2023-11-18,169.0754852294922
2023-11-19,169.0754852294922
2023-11-20,171.56764221191406
2023-11-21,168.3606414794922
2023-11-22,168.89842224121094
2023-11-23,168.89842224121094
2023-11-24,169.01976013183594
2023-11-25,169.01976013183594
2023-11-26,169.01976013183594
2023-11-27,168.78366088867188
2023-11-28,167.79664611816406
2023-11-29,169.6165313720703
2023-11-30,168.43275451660156
2023-12-01,169.2230682373047
2023-12-02,169.2230682373047
2023-12-03,169.2230682373047
2023-12-04,167.3277130126953
2023-12-05,166.37677001953125
2023-12-06,165.35040283203125
2023-12-07,169.78379821777344
2023-12-08,171.12496948242188
2023-12-09,171.12496948242188
2023-12-10,171.12496948242188
2023-12-11,176.96182250976562
2023-12-12,178.23741149902344
2023-12-13,180.9820098876953
2023-12-14,185.9990997314453
2023-12-15,186.6910095214844
2023-12-16,186.6910095214844
2023-12-17,186.6910095214844
2023-12-18,186.1728973388672
2023-12-19,187.1664581298828
2023-12-20,181.6180877685547
2023-12-21,186.64505004882807
2023-12-22,187.2430419921875
2023-12-23,187.2430419921875
2023-12-24,187.2430419921875
2023-12-25,187.2430419921875
2023-12-26,190.5516357421875
2023-12-27,191.0411834716797
2023-12-28,190.6830596923828
2023-12-29,189.2833709716797
2023-12-30,189.2833709716797
2023-12-31,189.2833709716797
2024-01-01,189.2833709716797
2024-01-02,182.4657592773437
2024-01-03,178.54605102539062
2024-01-04,177.04454040527344
2024-01-05,178.02691650390625
2024-01-06,178.02691650390625
2024-01-07,178.02691650390625
2024-01-08,183.8260192871093
2024-01-09,183.88845825195312
2024-01-10,183.270736694336
2024-01-11,183.94757080078125
2024-01-12,183.1360321044922
2024-01-13,183.1360321044922
2024-01-14,183.1360321044922
2024-01-15,183.1360321044922
2024-01-16,185.73165893554688
2024-01-17,184.0297088623047
2024-01-18,190.1047821044922
2024-01-19,197.5400848388672
2024-01-20,197.5400848388672
2024-01-21,197.5400848388672
2024-01-22,198.1873321533203
2024-01-23,199.5016021728516
2024-01-24,202.40606689453125
2024-01-25,201.84425354003903
2024-01-26,196.4032745361328
2024-01-27,196.4032745361328
2024-01-28,196.4032745361328
2024-01-29,198.4469451904297
2024-01-30,195.3814697265625
2024-01-31,192.5525665283203
2024-02-01,193.50540161132807
2024-02-02,195.97613525390625
2024-02-03,195.97613525390625
2024-02-04,195.97613525390625
2024-02-05,198.65391540527344
2024-02-06,196.33758544921875
2024-02-07,199.34060668945312
2024-02-08,202.7675170898437
2024-02-09,206.80548095703125
2024-02-10,206.80548095703125
2024-02-11,206.80548095703125
2024-02-12,206.43093872070312
2024-02-13,202.1892242431641
2024-02-14,206.7561950683593
2024-02-15,206.5590667724609
2024-02-16,205.3894195556641
2024-02-17,205.3894195556641
2024-02-18,205.3894195556641
2024-02-19,205.3894195556641
2024-02-20,201.9329528808593
2024-02-21,201.4696807861328
2024-02-22,211.3987731933593
2024-02-23,209.1185302734375
2024-02-24,209.1185302734375
2024-02-25,209.1185302734375
2024-02-26,211.1819000244141
2024-02-27,210.97164916992188
2024-02-28,208.59942626953125
2024-02-29,214.25067138671875
2024-03-01,223.36819458007807
2024-03-02,223.36819458007807
2024-03-03,223.36819458007807
2024-03-04,225.56295776367188
2024-03-05,221.1405792236328
2024-03-06,226.5749664306641
2024-03-07,234.34539794921875
2024-03-08,224.86314392089844
2024-03-09,224.86314392089844
2024-03-10,224.86314392089844
2024-03-11,221.8765563964844
2024-03-12,226.4796600341797
2024-03-13,220.9598388671875
2024-03-14,217.1846923828125
2024-03-15,215.62733459472656
2024-03-16,215.62733459472656
2024-03-17,215.62733459472656
2024-03-18,215.45977783203125
2024-03-19,213.6559600830078
2024-03-20,217.29312133789065
2024-03-21,222.18215942382807
2024-03-22,222.44854736328125
2024-03-23,222.44854736328125
2024-03-24,222.44854736328125
2024-03-25,221.58029174804688
2024-03-26,219.9127960205078
2024-03-27,222.6754913330078
2024-03-28,222.91232299804688
2024-03-29,222.91232299804688
2024-03-30,222.91232299804688
2024-03-31,222.91232299804688
2024-04-01,225.26063537597656
2024-04-02,221.7874755859375
2024-04-03,222.4091186523437
2024-04-04,216.1140289306641
2024-04-05,218.6793975830078
2024-04-06,218.6793975830078
2024-04-07,218.6793975830078
2024-04-08,219.2418365478516
2024-04-09,221.59999084472656
2024-04-10,217.5546112060547
2024-04-11,222.46829223632807
2024-04-12,215.1668243408203
2024-04-13,215.1668243408203
2024-04-14,215.1668243408203
2024-04-15,212.4435577392578
2024-04-16,214.05186462402344
2024-04-17,207.55946350097656
2024-04-18,203.879135131836
2024-04-19,195.7488250732422
2024-04-20,195.7488250732422
2024-04-21,195.7488250732422
2024-04-22,198.97531127929688
2024-04-23,203.1292419433593
2024-04-24,205.76368713378903
2024-04-25,209.5821990966797
2024-04-26,214.0123748779297
2024-04-27,214.0123748779297
2024-04-28,214.0123748779297
2024-04-29,215.64044189453125
2024-04-30,211.14114379882807
2024-05-01,204.0073699951172
2024-05-02,208.59548950195312
2024-05-03,213.2921142578125
2024-05-04,213.2921142578125
2024-05-05,213.2921142578125
2024-05-06,217.72232055664065
2024-05-07,215.7982940673828
2024-05-08,216.0054931640625
2024-05-09,215.1964263916016
2024-05-10,217.3079376220703
2024-05-11,217.3079376220703
2024-05-12,217.3079376220703
2024-05-13,217.76177978515625
2024-05-14,221.3829498291016
2024-05-15,227.5990600585937
2024-05-16,226.48410034179688
2024-05-17,225.20144653320312
2024-05-18,225.20144653320312
2024-05-19,225.20144653320312
2024-05-20,230.15457153320312
2024-05-21,229.41456604003903
2024-05-22,232.10821533203125
2024-05-23,230.8057861328125
2024-05-24,235.384033203125
2024-05-25,235.384033203125
2024-05-26,235.384033203125
2024-05-27,235.384033203125
2024-05-28,239.36036682128903
2024-05-29,234.4170837402344
2024-05-30,232.78903198242188
2024-05-31,230.89459228515625
2024-06-01,230.89459228515625
2024-06-02,230.89459228515625
2024-06-03,231.26954650878903
2024-06-04,229.46389770507807
2024-06-05,239.49850463867188
2024-06-06,237.53501892089844
2024-06-07,236.8245849609375
2024-06-08,236.8245849609375
2024-06-09,236.8245849609375
2024-06-10,240.238510131836
2024-06-11,240.4361114501953
2024-06-12,247.2134246826172
2024-06-13,249.900619506836
2024-06-14,249.0016021728516
2024-06-15,249.0016021728516
2024-06-16,249.0016021728516
2024-06-17,252.93362426757807
2024-06-18,256.1542663574219
2024-06-19,256.1542663574219
2024-06-20,249.1992034912109
2024-06-21,246.76882934570312
2024-06-22,246.76882934570312
2024-06-23,246.76882934570312
2024-06-24,239.72479248046875
2024-06-25,243.40982055664065
2024-06-26,242.46139526367188
2024-06-27,241.21658325195312
2024-06-28,243.6568145751953
2024-06-29,243.6568145751953
2024-06-30,243.6568145751953
2024-07-01,243.6468963623047
2024-07-02,247.0751037597656
2024-07-03,251.19482421875
2024-07-04,251.19482421875
2024-07-05,251.6887969970703
2024-07-06,251.6887969970703
2024-07-07,251.6887969970703
2024-07-08,256.4606018066406
2024-07-09,256.3420104980469
2024-07-10,262.2894287109375
2024-07-11,253.6647186279297
2024-07-12,256.7569885253906
2024-07-13,256.7569885253906
2024-07-14,256.7569885253906
2024-07-15,257.04345703125
2024-07-16,258.634033203125
2024-07-17,240.238510131836
2024-07-18,240.959716796875
2024-07-19,233.5896759033203
2024-07-20,233.5896759033203
2024-07-21,233.5896759033203
2024-07-22,243.2715301513672
2024-07-23,239.6457672119141
2024-07-24,226.9012756347656
2024-07-25,221.84298706054688
2024-07-26,226.6049041748047
2024-07-27,226.6049041748047
2024-07-28,226.6049041748047
2024-07-29,226.13067626953125
2024-07-30,217.9208526611328
2024-07-31,232.5424346923828
2024-08-01,215.78689575195312
2024-08-02,204.3168182373047
2024-08-03,204.3168182373047
2024-08-04,204.3168182373047
2024-08-05,200.7108459472656
2024-08-06,202.52867126464844
2024-08-07,196.8874969482422
2024-08-08,210.47174072265625
2024-08-09,209.2269592285156
2024-08-10,209.2269592285156
2024-08-11,209.2269592285156
2024-08-12,210.43223571777344
2024-08-13,218.9779663085937
2024-08-14,218.4246826171875
2024-08-15,228.92657470703125
2024-08-16,228.4424591064453
2024-08-17,228.4424591064453
2024-08-18,228.4424591064453
2024-08-19,232.3251037597656
2024-08-20,229.2525787353516
2024-08-21,232.5029144287109
2024-08-22,224.55987548828125
2024-08-23,230.5764312744141
2024-08-24,230.5764312744141
2024-08-25,230.5764312744141
2024-08-26,224.78707885742188
2024-08-27,227.2766876220703
2024-08-28,223.17672729492188
2024-08-29,222.53456115722656
2024-08-30,228.35357666015625
2024-08-31,228.35357666015625
2024-09-01,228.35357666015625
2024-09-02,228.35357666015625
2024-09-03,210.9262084960937
2024-09-04,211.6177673339844
2024-09-05,210.48162841796875
2024-09-06,201.4715881347656
2024-09-07,201.4715881347656
2024-09-08,201.4715881347656
2024-09-09,205.4530029296875
2024-09-10,207.61659240722656
2024-09-11,217.25894165039065
2024-09-12,216.3006134033203
2024-09-13,220.1635131835937
2024-09-14,220.1635131835937
2024-09-15,220.1635131835937
2024-09-16,217.2292938232422
2024-09-17,217.4960327148437
2024-09-18,215.0953369140625
2024-09-19,224.25360107421875
2024-09-20,220.9736175537109
2024-09-21,220.9736175537109
2024-09-22,220.9736175537109
2024-09-23,221.8330993652344
2024-09-24,224.5203094482422
2024-09-25,226.0672607421875
2024-09-26,234.1484832763672
2024-09-27,230.4346923828125
2024-09-28,230.4346923828125
2024-09-29,230.4346923828125
2024-09-30,228.3648681640625
2024-10-01,221.9672241210937
2024-10-02,224.9580535888672
2024-10-03,225.76026916503903
2024-10-04,228.8501434326172
2024-10-05,228.8501434326172
2024-10-06,228.8501434326172
2024-10-07,228.2262115478516
2024-10-08,230.4743194580078
2024-10-09,232.88082885742188
2024-10-10,231.24676513671875
2024-10-11,233.18788146972656
2024-10-12,233.18788146972656
2024-10-13,233.18788146972656
2024-10-14,237.4860076904297
2024-10-15,225.16603088378903
2024-10-16,225.16603088378903
2024-10-17,226.9387664794922
2024-10-18,227.146728515625
2024-10-19,227.146728515625
2024-10-20,227.146728515625
2024-10-21,226.72088623046875
2024-10-22,225.8791046142578
2024-10-23,223.8587646484375
2024-10-24,225.1066436767578
2024-10-25,227.3646240234375
2024-10-26,227.3646240234375
2024-10-27,227.3646240234375
2024-10-28,227.5032958984375
2024-10-29,233.09873962402344
2024-10-30,224.8788299560547
2024-10-31,216.1538543701172
2024-11-01,218.4514617919922
2024-11-02,218.4514617919922
2024-11-03,218.4514617919922
2024-11-04,217.1937255859375
2024-11-05,219.72900390625
2024-11-06,226.13658142089844
2024-11-07,230.8506622314453
2024-11-08,229.12745666503903
2024-11-09,229.12745666503903
2024-11-10,229.12745666503903
2024-11-11,223.3933258056641
2024-11-12,220.95704650878903
2024-11-13,216.2627716064453
2024-11-14,216.1340484619141
2024-11-15,209.17189025878903
2024-11-16,209.17189025878903
2024-11-17,209.17189025878903
2024-11-18,211.87554931640625
2024-11-19,212.2815856933593
2024-11-20,210.65740966796875
2024-11-21,213.9949188232422
2024-11-22,214.08401489257807
2024-11-23,214.08401489257807
2024-11-24,214.08401489257807
2024-11-25,216.1736602783203
2024-11-26,213.3709716796875
2024-11-27,210.5088653564453
2024-11-28,210.5088653564453
2024-11-29,213.3214569091797
2024-11-30,213.3214569091797
2024-12-01,213.3214569091797
2024-12-02,218.9268341064453
2024-12-03,217.6888885498047
2024-12-04,220.57081604003903
2024-12-05,216.40142822265625
2024-12-06,217.7086944580078
2024-12-07,217.7086944580078
2024-12-08,217.7086944580078
2024-12-09,216.658935546875
2024-12-10,211.5091247558593
2024-12-11,216.8272857666016
2024-12-12,215.1436920166016
2024-12-13,221.14520263671875
2024-12-14,221.14520263671875
2024-12-15,221.14520263671875
2024-12-16,225.24526977539065
2024-12-17,222.0592498779297
2024-12-18,213.84622192382807
2024-12-19,210.2554931640625
2024-12-20,213.0824432373047
2024-12-21,213.0824432373047
2024-12-22,213.0824432373047
2024-12-23,219.5298767089844
2024-12-24,221.7914428710937
2024-12-25,221.7914428710937
2024-12-26,221.72198486328125
2024-12-27,219.8472900390625
2024-12-28,219.8472900390625
2024-12-29,219.8472900390625
2024-12-30,215.5225524902344
2024-12-31,213.7470092773437
2025-01-01,213.7470092773437
2025-01-02,215.0662841796875
2025-01-03,220.67056274414065
2025-01-04,220.67056274414065
2025-01-05,220.67056274414065
2025-01-06,227.0584716796875
2025-01-07,223.9637145996093
2025-01-08,221.73190307617188
2025-01-09,221.73190307617188
2025-01-10,216.43511962890625
2025-01-11,216.43511962890625
2025-01-12,216.43511962890625
2025-01-13,215.77052307128903
2025-01-14,217.18896484375
2025-01-15,221.4045867919922
2025-01-16,221.73190307617188
2025-01-17,227.8817749023437
2025-01-18,227.8817749023437
2025-01-19,227.8817749023437
2025-01-20,227.8817749023437
2025-01-21,230.56983947753903
2025-01-22,233.9026794433593
2025-01-23,233.4662170410156
2025-01-24,228.7744903564453
2025-01-25,228.7744903564453
2025-01-26,228.7744903564453
2025-01-27,210.8308258056641
2025-01-28,211.77313232421875
2025-01-29,212.64601135253903
2025-01-30,216.9707489013672
2025-01-31,216.3656768798828
2025-02-01,216.3656768798828
2025-02-02,216.3656768798828
2025-02-03,212.46746826171875
2025-02-04,214.6496734619141
2025-02-05,218.80577087402344
2025-02-06,218.5181121826172
2025-02-07,215.11587524414065
2025-02-08,215.11587524414065
2025-02-09,215.11587524414065
2025-02-10,217.9229736328125
2025-02-11,218.1213531494141
2025-02-12,218.35940551757807
2025-02-13,221.03756713867188
2025-02-14,221.2657012939453
2025-02-15,221.2657012939453
2025-02-16,221.2657012939453
2025-02-17,221.2657012939453
2025-02-18,224.92588806152344
2025-02-19,228.66539001464844
2025-02-20,229.2010192871093
2025-02-21,222.1683349609375
2025-02-22,222.1683349609375
2025-02-23,222.1683349609375
2025-02-24,216.950912475586
2025-02-25,212.47740173339844
2025-02-26,216.17721557617188
2025-02-27,203.58984375
2025-02-28,206.8334197998047
2025-03-01,206.8334197998047
2025-03-02,206.8334197998047
2025-03-03,199.52301025390625
2025-03-04,200.63397216796875
2025-03-05,204.9586944580078
2025-03-06,196.4381561279297
2025-03-07,202.201171875
2025-03-08,202.201171875
2025-03-09,202.201171875
2025-03-10,192.8474273681641
2025-03-11,190.5660552978516
2025-03-12,194.49400329589844
2025-03-13,193.5219573974609
2025-03-14,199.4932403564453
2025-03-15,199.4932403564453
2025-03-16,199.4932403564453
2025-03-17,202.7864227294922
2025-03-18,200.0958709716797
2025-03-19,201.7246856689453
2025-03-20,200.1157684326172
2025-03-21,198.0201568603516
2025-03-22,198.0201568603516
2025-03-23,198.0201568603516
2025-03-24,203.8997497558593
2025-03-25,202.7973480224609
2025-03-26,197.1163482666016
2025-03-27,193.23301696777344
2025-03-28,187.3931121826172
2025-03-29,187.3931121826172
2025-03-30,187.3931121826172
2025-03-31,186.88658142089844
2025-04-01,186.98590087890625
2025-04-02,188.1876678466797
2025-04-03,169.1980743408203
2025-04-04,156.55490112304688
2025-04-05,156.55490112304688
2025-04-06,156.55490112304688
2025-04-07,160.17007446289062
2025-04-08,153.8037872314453
2025-04-09,182.3676300048828
2025-04-10,167.45999145507812
2025-04-11,171.08511352539062
2025-04-12,171.08511352539062
2025-04-13,171.08511352539062
2025-04-14,172.2173309326172
2025-04-15,172.9224853515625
2025-04-16,166.24832153320312
2025-04-17,165.4140625
2025-04-18,165.4140625
2025-04-19,165.4140625
2025-04-20,165.4140625
2025-04-21,162.52391052246094
2025-04-22,165.68222045898438
2025-04-23,171.88958740234375
2025-04-24,181.7816467285156
2025-04-25,183.5495147705078
2025-04-26,183.5495147705078
2025-04-27,183.5495147705078
2025-04-28,183.2217712402344
2025-04-29,181.26519775390625
2025-04-30,182.58612060546875
2025-05-01,182.3378295898437
2025-05-02,188.73390197753903
2025-05-03,188.73390197753903
2025-05-04,188.73390197753903
2025-05-05,187.2838592529297
2025-05-06,185.4961700439453
2025-05-07,188.7438201904297
2025-05-08,190.4322509765625
2025-05-09,192.61721801757807
2025-05-10,192.61721801757807
2025-05-11,192.61721801757807
2025-05-12,206.4522399902344
2025-05-13,212.30206298828125
2025-05-14,213.3250274658203
2025-05-15,211.95445251464844
2025-05-16,211.6763458251953
2025-05-17,211.6763458251953
2025-05-18,211.6763458251953
2025-05-19,210.4051055908203
2025-05-20,210.09719848632807
2025-05-21,206.25360107421875
2025-05-22,204.34669494628903
2025-05-23,201.17843627929688
2025-05-24,201.17843627929688
2025-05-25,201.17843627929688
2025-05-26,201.17843627929688
2025-05-27,207.862548828125
2025-05-28,206.81971740722656
2025-05-29,207.6639099121093
2025-05-30,203.542236328125
2025-05-31,203.542236328125
2025-06-01,203.542236328125
2025-06-02,206.61114501953125
2025-06-03,212.1630249023437
2025-06-04,215.3213348388672
2025-06-05,214.4175262451172
2025-06-06,215.85763549804688
2025-06-07,215.85763549804688
2025-06-08,215.85763549804688
2025-06-09,220.9427185058593
2025-06-10,225.7695770263672
2025-06-11,225.01475524902344
2025-06-12,225.3226318359375
2025-06-13,219.4529724121093
2025-06-14,219.4529724121093
2025-06-15,219.4529724121093
2025-06-16,226.3836212158203
2025-06-17,224.5919952392578
2025-06-18,225.50770568847656
2025-06-19,225.50770568847656
2025-06-20,224.0644378662109
2025-06-21,224.0644378662109
2025-06-22,224.0644378662109
2025-06-23,225.4579467773437
2025-06-24,234.008056640625
2025-06-25,236.1082458496093
2025-06-26,237.9595947265625
2025-06-27,237.7505645751953
2025-06-28,237.7505645751953
2025-06-29,237.7505645751953
2025-06-30,237.59132385253903
2025-07-01,236.51632690429688
2025-07-02,241.0153350830078
2025-07-03,242.2097625732422
2025-07-04,242.2097625732422
2025-07-05,242.2097625732422
2025-07-06,242.2097625732422
2025-07-07,237.67095947265625
2025-07-08,242.2097625732422
2025-07-09,242.9861297607422
2025-07-10,245.4048614501953
2025-07-11,245.0266265869141
2025-07-12,245.0266265869141
2025-07-13,245.0266265869141
2025-07-14,242.697494506836
2025-07-15,245.1161956787109
2025-07-16,244.4493103027344
2025-07-17,245.38494873046875
2025-07-18,245.58401489257807
2025-07-19,245.58401489257807
2025-07-20,245.58401489257807
2025-07-21,245.8029937744141
2025-07-22,242.40884399414065
2025-07-23,240.9357147216797
2025-07-24,240.43804931640625
2025-07-25,240.4181060791016
2025-07-26,240.4181060791016
2025-07-27,240.4181060791016
2025-07-28,244.60858154296875
2025-07-29,245.04653930664065
2025-07-30,246.79835510253903
2025-07-31,238.91514587402344
2025-08-01,236.1381072998047
2025-08-02,236.1381072998047
2025-08-03,236.1381072998047
2025-08-04,239.28341674804688
2025-08-05,237.6211853027344
2025-08-06,235.8295288085937
2025-08-07,239.7213897705078
2025-08-08,241.741943359375
2025-08-09,241.741943359375
2025-08-10,241.741943359375
2025-08-11,241.2840881347656
2025-08-12,248.9980926513672
2025-08-13,252.7008056640625
2025-08-14,252.9595947265625
2025-08-15,247.1666259765625
2025-08-16,247.1666259765625
2025-08-17,247.1666259765625
2025-08-18,247.89324951171875
2025-08-19,244.0113525390625
2025-08-20,242.60792541503903
2025-08-21,241.2343139648437
2025-08-22,247.9330596923828
2025-08-23,247.9330596923828
2025-08-24,247.9330596923828
2025-08-25,247.35574340820312
2025-08-26,249.6848907470703
2025-08-27,250.172607421875
2025-08-28,251.3769989013672
2025-08-29,244.1805725097656
2025-08-30,244.1805725097656
2025-08-31,244.1805725097656
2025-09-01,244.1805725097656
2025-09-02,241.7021331787109
2025-09-03,240.5574645996093
2025-09-04,243.0359039306641
2025-09-05,245.9025421142578
2025-09-06,245.9025421142578
2025-09-07,245.9025421142578
2025-09-08,247.69419860839844
2025-09-09,247.9031982421875
2025-09-10,252.2728271484375
2025-09-11,254.00474548339844
2025-09-12,254.45265197753903
2025-09-13,254.45265197753903
2025-09-14,254.45265197753903
2025-09-15,256.60260009765625
2025-09-16,257.9201965332031
2025-09-17,257.870361328125
2025-09-18,266.8872985839844
2025-09-19,265.1816101074219
2025-09-20,265.1816101074219
2025-09-21,265.1816101074219
2025-09-22,269.1415405273437
2025-09-23,268.8223571777344
2025-09-24,268.41339111328125
2025-09-25,267.5555725097656
2025-09-26,268.1440734863281
2025-09-27,268.1440734863281
2025-09-28,268.1440734863281
2025-09-29,268.24383544921875
2025-09-30,270.4282531738281
2025-10-01,275.6348876953125
2025-10-02,280.97125244140625
2025-10-03,279.24566650390625
2025-10-04,279.24566650390625
2025-10-05,279.24566650390625
2025-10-06,287.6242370605469
2025-10-07,281.1907043457031
2025-10-08,290.7961120605469
2025-10-09,289.4495849609375
2025-10-10,271.2959899902344
2025-10-11,271.2959899902344
2025-10-12,271.2959899902344
2025-10-13,284.1431579589844
2025-10-14,278.31805419921875
2025-10-15,286.9060974121094
2025-10-16,288.24267578125
2025-10-17,287.43475341796875
2025-10-18,287.43475341796875
2025-10-19,287.43475341796875
2025-10-20,292.2225036621094
2025-10-21,290.586669921875
2025-10-22,283.405029296875
2025-10-23,290.3173522949219
2025-10-24,295.1050720214844
2025-10-25,295.1050720214844
2025-10-26,295.1050720214844
2025-10-27,303.3041381835937
2025-10-28,303.6731872558594
2025-10-29,308.81005859375
2025-10-30,304.6307373046875
2025-10-31,305.767822265625
2025-11-01,305.767822265625
2025-11-02,305.767822265625
2025-11-03,307.5931701660156
2025-11-04,295.50408935546875
2025-11-05,304.6905822753906
2025-11-06,296.74090576171875
2025-11-07,293.6288757324219
2025-11-08,293.6288757324219
2025-11-09,293.6288757324219
2025-11-10,301.2294616699219
2025-11-11,294.3969116210937
2025-11-12,298.9053955078125
2025-11-13,288.64166259765625
2025-11-14,287.7838134765625
2025-11-15,287.7838134765625
2025-11-16,287.7838134765625
2025-11-17,282.83648681640625
2025-11-18,276.2733154296875
2025-11-19,280.8914489746094
2025-11-20,267.4159240722656
2025-11-21,270.1389465332031
2025-11-22,270.1389465332031
2025-11-23,270.1389465332031
2025-11-24,281.97869873046875
2025-11-25,282.8564453125
2025-11-26,290.6465148925781
2025-11-27,290.6465148925781
2025-11-28,295.9828796386719
2025-11-29,295.9828796386719
2025-11-30,295.9828796386719
2025-12-01,296.16241455078125
2025-12-02,302.0672912597656
2025-12-03,308.5706787109375
2025-12-04,305.49853515625
2025-12-05,308.6105651855469
2025-12-06,308.6105651855469
2025-12-07,308.6105651855469
2025-12-08,311.9620056152344
2025-12-09,311.38348388671875
2025-12-10,315.5228576660156
2025-12-11,313.7174987792969
2025-12-12,298.71588134765625
2025-12-13,298.71588134765625
2025-12-14,298.71588134765625
2025-12-15,297.2496337890625
2025-12-16,295.87713623046875
2025-12-17,284.9190979003906
2025-12-18,291.7216796875
2025-12-19,299.4831848144531
2025-12-20,299.4831848144531
2025-12-21,299.4831848144531
2025-12-22,303.5087890625
2025-12-23,304.6275634765625
2025-12-24,305.8063049316406
2025-12-25,305.8063049316406
2025-12-26,305.7063903808594
2025-12-27,305.7063903808594
2025-12-28,305.7063903808594
2025-12-29,304.9871826171875
2025-12-30,304.587646484375
2025-12-31,300.8217163085937
2026-01-01,300.8217163085937
2026-01-02,313.3480529785156
2026-01-03,313.3480529785156
2026-01-04,313.3480529785156
2026-01-05,317.7132873535156
2026-01-06,327.9920654296875
2026-01-07,324.5358581542969
2026-01-08,319.23162841796875
2026-01-09,328.421630859375
2026-01-10,328.421630859375
2026-01-11,328.421630859375
2026-01-12,329.9898986816406
2026-01-13,332.9366760253906
2026-01-14,331.5382080078125
2026-01-15,336.8524169921875
2026-01-16,342.0967102050781
2026-01-17,342.0967102050781
2026-01-18,342.0967102050781
2026-01-19,342.0967102050781
2026-01-20,336.9822692871094
2026-01-21,347.760498046875
2026-01-22,348.2899475097656
2026-01-23,344.3342590332031
2026-01-24,344.3342590332031
2026-01-25,344.3342590332031
2026-01-26,342.696044921875
2026-01-27,350.6972961425781
2026-01-28,360.06707763671875
2026-01-29,360.736328125
2026-01-30,345.9224853515625
2026-01-31,345.9224853515625
2026-02-01,345.9224853515625
2026-02-02,352.3055725097656
2026-02-03,345.26324462890625
2026-02-04,330.0198669433594
2026-02-05,330.4693603515625
2026-02-06,348.130126953125
2026-02-07,348.130126953125
2026-02-08,348.130126953125
2026-02-09,352.38543701171875
2026-02-10,351.0469055175781
2026-02-11,359.807373046875
2026-02-12,351.1168518066406
2026-02-13,354.2734069824219
2026-02-14,354.2734069824219
2026-02-15,354.2734069824219
2026-02-16,354.2734069824219
2026-02-17,353.7140197753906
2026-02-18,357.52984619140625
2026-02-19,355.4521179199219
2026-02-20,359.0382080078125
2026-02-21,359.0382080078125
2026-02-22,359.0382080078125
2026-02-23,356.4310302734375
2026-02-24,361.6453552246094
2026-02-25,367.598876953125
2026-02-26,356.4110717773437
2026-02-27,351.906005859375
2026-02-28,351.906005859375
2026-03-01,351.906005859375
2026-03-02,351.6662292480469
2026-03-03,334.4150695800781
2026-03-04,341.1676940917969
2026-03-05,337.391845703125
2026-03-06,323.1573791503906
2026-03-07,323.1573791503906
2026-03-08,323.1573791503906
2026-03-09,336.0033569335937
2026-03-10,338.440673828125
2026-03-11,341.71710205078125
2026-03-12,329.830078125
2026-03-13,330.9588623046875
2026-03-14,330.9588623046875
2026-03-15,330.9588623046875
2026-03-16,337.46173095703125
2026-03-17,340.0885009765625
2026-03-18,338.12945556640625
2026-03-19,340.0385437011719
2026-03-20,332.3522033691406
2026-03-21,332.3522033691406
2026-03-22,332.3522033691406
2026-03-23,336.43023681640625
2026-03-24,340.8581237792969
2026-03-25,345.08612060546875
2026-03-26,328.69390869140625
2026-03-27,323.32647705078125
2026-03-28,323.32647705078125
2026-03-29,323.32647705078125
2026-03-30,309.6429748535156
2026-03-31,328.5039978027344
2026-04-01,338.3793334960937
2026-04-02,339.44879150390625
2026-04-03,339.44879150390625
2026-04-04,339.44879150390625
2026-04-05,339.44879150390625
2026-04-06,343.9366760253906
2026-04-07,347.5949401855469
2026-04-08,370.2241821289063
2026-04-09,378.4502868652344
2026-04-10,386.41650390625
2026-04-11,386.41650390625
2026-04-12,386.41650390625
2026-04-13,393.1532897949219
2026-04-14,401.049560546875
2026-04-15,401.6692504882813
2026-04-16,405.75732421875
2026-04-17,415.5126953125
2026-04-18,415.5126953125
2026-04-19,415.5126953125
2026-04-20,417.351806640625
2026-04-21,420.5003356933594
2026-04-22,431.5650634765625
2026-04-23,440.7906799316406
2026-04-24,461.38092041015625
2026-04-25,461.38092041015625
2026-04-26,461.38092041015625
2026-04-27,455.19384765625
2026-04-28,438.5017700195313
2026-04-29,449.7763977050781
2026-04-30,461.2209777832031
2026-05-01,465.5289306640625
2026-05-02,465.5289306640625
2026-05-03,465.5289306640625
2026-05-04,461.8406982421875
2026-05-05,482.5008850097656
2026-05-06,506.6294250488281
2026-05-07,492.1262817382813
2026-05-08,520.0530395507812
2026-05-09,520.0530395507812
2026-05-10,520.0530395507812
2026-05-11,532.5071411132812
2026-05-12,515.7450561523438
2026-05-13,528.0392456054688
2026-05-14,529.7784423828125
2026-05-15,508.2786254882813
2026-05-16,508.2786254882813
2026-05-17,508.2786254882813
2026-05-18,495.6346435546875
2026-05-19,496.5042114257813
2026-05-20,520.0630493164062
2026-05-21,524.4609985351562
2026-05-22,537.0750122070312
2026-05-23,537.0750122070312
2026-05-24,537.0750122070312
2026-05-25,537.0750122070312
2026-05-26,569.8194580078125
2026-05-27,563.7122802734375
2026-05-28,569.19970703125
2026-05-29,568.8099365234375
2026-05-30,568.8099365234375
2026-05-31,568.8099365234375
2026-06-01,571.6585083007812
2026-06-02,604.7328491210938
2026-06-03,615.3877563476562
2026-06-04,602.4338989257812
2026-06-05,539.5138549804688
2026-06-06,539.5138549804688
2026-06-07,539.5138549804688
2026-06-08,571.1787719726562
2026-06-09,561.8732299804688
2026-06-10,541.2529907226562
2026-06-11,586.6514282226562
2026-06-12,595.9669799804688
2026-06-13,595.9669799804688
2026-06-14,595.9669799804688
2026-06-15,628.4500122070312
2026-06-16,591.239990234375
2026-06-17,599.72998046875
2026-06-18,639.4500122070312
2026-06-19,639.4500122070312
2026-06-20,639.4500122070312
2026-06-21,639.4500122070312
2026-06-22,655.010009765625
2026-06-23,603.3900146484375
2026-06-24,601.5
2026-06-25,625.2000122070312
2026-06-26,589.9400024414062
2026-06-27,589.9400024414062
2026-06-28,589.9400024414062
2026-06-29,614.3499755859375
2026-06-30,640.760009765625
2026-07-01,599.7000122070312
2026-07-02,566.3200073242188
2026-07-03,566.3200073242188
2026-07-04,566.3200073242188
2026-07-05,566.3200073242188
2026-07-06,581.510009765625
2026-07-07,551.6900024414062
2026-07-08,562.030029296875
2026-07-09,581.7000122070312
2026-07-10,581.3400268554688
2026-07-11,581.3400268554688
2026-07-12,581.3400268554688
2026-07-13,553.6099853515625
2026-07-14,567.9199829101562
2026-07-15,555.27001953125
2026-07-16,530.5
2026-07-17,521.8099975585938
2026-07-18,521.8099975585938
2026-07-19,521.8099975585938
2026-07-20,524.1400146484375
2026-07-21,552.6900024414062
2026-07-22,555.52001953125
2026-07-23,551.239990234375
2026-07-24,527.010009765625
2026-07-25,527.010009765625
2026-07-26,527.010009765625
2026-07-27,516.22998046875
2026-07-28,491.4599914550781
2026-07-29,465.0
2026-07-30,504.5299987792969
2026-07-31,504.8900146484375
2026-08-01,504.8900146484375
2026-08-02,504.8900146484375
2026-08-03,507.6799926757813
2026-08-04,542.2100219726562
2026-08-05,530.7000122070312
2026-08-06,532.52001953125
2026-08-07,543.27001953125
2026-08-08,543.27001953125
2026-08-09,543.27001953125
2026-08-10,529.3900146484375
2026-08-11,534.2000122070312
2026-08-12,546.6099853515625
2026-08-13,550.739990234375
2026-08-14,550.4199829101562
2026-08-15,550.4199829101562
2026-08-16,550.4199829101562
2026-08-17,559.1199951171875
2026-08-18,531.3900146484375
2026-08-19,519.6699829101562
2026-08-20,522.3499755859375
2026-08-21,520.0499877929688
2026-08-22,520.0499877929688
2026-08-23,520.0499877929688
2026-08-24,506.1799926757813
2026-08-25,514.0599975585938
2026-08-26,515.4000244140625
2026-08-27,525.4299926757812
2026-08-28,510.5179138183594
2026-08-29,510.5179138183594
2026-08-30,510.5179138183594
2026-08-31,509.7900085449219
