Date,Close
2006-08-22,90.10115051269533
2006-08-23,89.85184478759766
2006-08-24,89.77570343017578
2006-08-25,89.8864974975586
2006-08-26,89.8864974975586
2006-08-27,89.8864974975586
2006-08-28,90.3158187866211
2006-08-29,90.41966247558594
2006-08-30,90.47505950927734
2006-08-31,90.46119689941406
2006-09-01,91.0013427734375
2006-09-02,91.0013427734375
2006-09-03,91.0013427734375
2006-09-04,91.0013427734375
2006-09-05,91.17443084716795
2006-09-06,90.37117767333984
2006-09-07,89.95570373535156
2006-09-08,90.21190643310548
2006-09-09,90.21190643310548
2006-09-10,90.21190643310548
2006-09-11,90.30194091796876
2006-09-12,91.1882781982422
2006-09-13,91.55526733398438
2006-09-14,91.56218719482422
2006-09-15,91.777099609375
2006-09-16,91.777099609375
2006-09-17,91.777099609375
2006-09-18,91.90228271484376
2006-09-19,91.67277526855467
2006-09-20,92.15962982177734
2006-09-21,91.71450805664062
2006-09-22,91.43633270263672
2006-09-23,91.43633270263672
2006-09-24,91.43633270263672
2006-09-25,92.1387710571289
2006-09-26,92.90380096435548
2006-09-27,93.0150909423828
2006-09-28,92.98030090332033
2006-09-29,92.90380096435548
2006-09-30,92.90380096435548
2006-10-01,92.90380096435548
2006-10-02,92.55606842041016
2006-10-03,92.75079345703124
2006-10-04,93.83575439453124
2006-10-05,94.01658630371094
2006-10-06,93.89832305908205
2006-10-07,93.89832305908205
2006-10-08,93.89832305908205
2006-10-09,93.95393371582033
2006-10-10,94.07916259765624
2006-10-11,93.96788024902344
2006-10-12,94.78167724609376
2006-10-13,95.02505493164062
2006-10-14,95.02505493164062
2006-10-15,95.02505493164062
2006-10-16,95.17112731933594
2006-10-17,94.87207794189452
2006-10-18,94.9972152709961
2006-10-19,95.15025329589844
2006-10-20,95.17112731933594
2006-10-21,95.17112731933594
2006-10-22,95.17112731933594
2006-10-23,95.6092758178711
2006-10-24,95.89445495605467
2006-10-25,96.2213134765625
2006-10-26,96.5203857421875
2006-10-27,95.91529846191406
2006-10-28,95.91529846191406
2006-10-29,95.91529846191406
2006-10-30,95.84574127197266
2006-10-31,95.8318099975586
2006-11-01,95.18502807617188
2006-11-02,95.1293716430664
2006-11-03,94.96245574951172
2006-11-04,94.96245574951172
2006-11-05,94.96245574951172
2006-11-06,96.03353118896484
2006-11-07,96.40211486816406
2006-11-08,96.6107940673828
2006-11-09,96.10308074951172
2006-11-10,96.14476013183594
2006-11-11,96.14476013183594
2006-11-12,96.14476013183594
2006-11-13,96.38128662109376
2006-11-14,97.10454559326172
2006-11-15,97.38280487060548
2006-11-16,97.63316345214844
2006-11-17,97.66095733642578
2006-11-18,97.66095733642578
2006-11-19,97.66095733642578
2006-11-20,97.71661376953124
2006-11-21,97.81398010253906
2006-11-22,98.00870513916016
2006-11-23,98.00870513916016
2006-11-24,97.61231231689452
2006-11-25,97.61231231689452
2006-11-26,97.61231231689452
2006-11-27,96.26998901367188
2006-11-28,96.6872787475586
2006-11-29,97.6957778930664
2006-11-30,97.73749542236328
2006-12-01,97.52185821533205
2006-12-02,97.52185821533205
2006-12-03,97.52185821533205
2006-12-04,98.2660675048828
2006-12-05,98.6903076171875
2006-12-06,98.60684204101562
2006-12-07,98.17562103271484
2006-12-08,98.3564453125
2006-12-09,98.3564453125
2006-12-10,98.3564453125
2006-12-11,98.64159393310548
2006-12-12,98.56507873535156
2006-12-13,98.66942596435548
2006-12-14,99.53881072998048
2006-12-15,99.54788208007812
2006-12-16,99.54788208007812
2006-12-17,99.54788208007812
2006-12-18,99.27513885498048
2006-12-19,99.4639663696289
2006-12-20,99.40802001953124
2006-12-21,99.04432678222656
2006-12-22,98.43586730957033
2006-12-23,98.43586730957033
2006-12-24,98.43586730957033
2006-12-25,98.43586730957033
2006-12-26,99.01634979248048
2006-12-27,99.666748046875
2006-12-28,99.45697784423828
2006-12-29,99.04432678222656
2006-12-30,99.04432678222656
2006-12-31,99.04432678222656
2007-01-01,99.04432678222656
2007-01-02,99.04432678222656
2007-01-03,98.86946868896484
2007-01-04,99.07930755615234
2007-01-05,98.28897857666016
2007-01-06,98.28897857666016
2007-01-07,98.28897857666016
2007-01-08,98.74362182617188
2007-01-09,98.65968322753906
2007-01-10,98.98836517333984
2007-01-11,99.42204284667967
2007-01-12,100.17730712890624
2007-01-13,100.17730712890624
2007-01-14,100.17730712890624
2007-01-15,100.17730712890624
2007-01-16,99.98149871826172
2007-01-17,100.02342987060548
2007-01-18,99.687744140625
2007-01-19,99.8835906982422
2007-01-20,99.8835906982422
2007-01-21,99.8835906982422
2007-01-22,99.57586669921876
2007-01-23,99.86957550048828
2007-01-24,100.67385864257812
2007-01-25,99.49192810058594
2007-01-26,99.4010009765625
2007-01-27,99.4010009765625
2007-01-28,99.4010009765625
2007-01-29,99.34506225585938
2007-01-30,99.86256408691406
2007-01-31,100.53400421142578
2007-02-01,101.1354522705078
2007-02-02,101.27532196044922
2007-02-03,101.27532196044922
2007-02-04,101.27532196044922
2007-02-05,101.30330657958984
2007-02-06,101.33126068115234
2007-02-07,101.5550765991211
2007-02-08,101.42222595214844
2007-02-09,100.66688537597656
2007-02-10,100.66688537597656
2007-02-11,100.66688537597656
2007-02-12,100.32415771484376
2007-02-13,101.17041015625
2007-02-14,101.8348388671875
2007-02-15,101.96770477294922
2007-02-16,101.9187469482422
2007-02-17,101.9187469482422
2007-02-18,101.9187469482422
2007-02-19,101.9187469482422
2007-02-20,102.1355438232422
2007-02-21,102.09359741210938
2007-02-22,102.0166473388672
2007-02-23,101.61803436279295
2007-02-24,101.61803436279295
2007-02-25,101.61803436279295
2007-02-26,101.5270767211914
2007-02-27,97.56166076660156
2007-02-28,98.561767578125
2007-03-01,98.2680435180664
2007-03-02,96.9812240600586
2007-03-03,96.9812240600586
2007-03-04,96.9812240600586
2007-03-05,96.05802917480467
2007-03-06,97.70155334472656
2007-03-07,97.60362243652344
2007-03-08,98.42887878417967
2007-03-09,98.45686340332033
2007-03-10,98.45686340332033
2007-03-11,98.45686340332033
2007-03-12,98.60372924804688
2007-03-13,96.6874542236328
2007-03-14,97.40782165527344
2007-03-15,97.54071807861328
2007-03-16,97.26757049560548
2007-03-17,97.26757049560548
2007-03-18,97.26757049560548
2007-03-19,98.44013214111328
2007-03-20,98.9808120727539
2007-03-21,100.60974884033205
2007-03-22,100.53250885009766
2007-03-23,100.67999267578124
2007-03-24,100.67999267578124
2007-03-25,100.67999267578124
2007-03-26,100.54652404785156
2007-03-27,100.307861328125
2007-03-28,99.57759857177734
2007-03-29,99.68291473388672
2007-03-30,99.7040023803711
2007-03-31,99.7040023803711
2007-04-01,99.7040023803711
2007-04-02,99.81634521484376
2007-04-03,100.890625
2007-04-04,101.0029525756836
2007-04-05,101.27677154541016
2007-04-06,101.27677154541016
2007-04-07,101.27677154541016
2007-04-08,101.27677154541016
2007-04-09,101.4172134399414
2007-04-10,101.53656005859376
2007-04-11,101.12227630615234
2007-04-12,101.57168579101562
2007-04-13,102.03506469726562
2007-04-14,102.03506469726562
2007-04-15,102.03506469726562
2007-04-16,103.00407409667967
2007-04-17,103.27792358398438
2007-04-18,103.404296875
2007-04-19,103.37623596191406
2007-04-20,104.3521499633789
2007-04-21,104.3521499633789
2007-04-22,104.3521499633789
2007-04-23,103.95899200439452
2007-04-24,104.0010757446289
2007-04-25,104.95601654052734
2007-04-26,105.07538604736328
2007-04-27,104.9911117553711
2007-04-28,104.9911117553711
2007-04-29,104.9911117553711
2007-04-30,104.1204833984375
2007-05-01,104.3872528076172
2007-05-02,104.99816131591795
2007-05-03,105.5669174194336
2007-05-04,105.9670639038086
2007-05-05,105.9670639038086
2007-05-06,105.9670639038086
2007-05-07,105.98816680908205
2007-05-08,105.84771728515624
2007-05-09,106.13565063476562
2007-05-10,105.02619171142578
2007-05-11,105.92494201660156
2007-05-12,105.92494201660156
2007-05-13,105.92494201660156
2007-05-14,105.69322204589844
2007-05-15,105.72134399414062
2007-05-16,106.444580078125
2007-05-17,106.23391723632812
2007-05-18,107.16067504882812
2007-05-19,107.16067504882812
2007-05-20,107.16067504882812
2007-05-21,107.10452270507812
2007-05-22,107.0203094482422
2007-05-23,107.03436279296876
2007-05-24,106.06539916992188
2007-05-25,106.50769805908205
2007-05-26,106.50769805908205
2007-05-27,106.50769805908205
2007-05-28,106.50769805908205
2007-05-29,106.8939208984375
2007-05-30,107.76457977294922
2007-05-31,107.65223693847656
2007-06-01,108.18587493896484
2007-06-02,108.18587493896484
2007-06-03,108.18587493896484
2007-06-04,108.19986724853516
2007-06-05,107.7716064453125
2007-06-06,106.61305236816406
2007-06-07,104.6892318725586
2007-06-08,106.05133819580078
2007-06-09,106.05133819580078
2007-06-10,106.05133819580078
2007-06-11,106.23391723632812
2007-06-12,105.07538604736328
2007-06-13,106.64812469482422
2007-06-14,107.32928466796876
2007-06-15,107.93991088867188
2007-06-16,107.93991088867188
2007-06-17,107.93991088867188
2007-06-18,107.81300354003906
2007-06-19,108.08096313476562
2007-06-20,106.57894897460938
2007-06-21,107.17125701904295
2007-06-22,106.16290283203124
2007-06-23,106.16290283203124
2007-06-24,106.16290283203124
2007-06-25,105.65520477294922
2007-06-26,104.5692138671875
2007-06-27,106.05707550048828
2007-06-28,106.04302215576172
2007-06-29,106.0782470703125
2007-06-30,106.0782470703125
2007-07-01,106.0782470703125
2007-07-02,107.03728485107422
2007-07-03,107.4251480102539
2007-07-04,107.4251480102539
2007-07-05,107.31232452392578
2007-07-06,107.87652587890624
2007-07-07,107.87652587890624
2007-07-08,107.87652587890624
2007-07-09,107.96109008789062
2007-07-10,106.42378997802734
2007-07-11,107.17835235595705
2007-07-12,108.8707504272461
2007-07-13,109.19514465332033
2007-07-14,109.19514465332033
2007-07-15,109.19514465332033
2007-07-16,109.18099975585938
2007-07-17,109.12456512451172
2007-07-18,108.92717742919922
2007-07-19,109.35022735595705
2007-07-20,108.24312591552734
2007-07-21,108.24312591552734
2007-07-22,108.24312591552734
2007-07-23,108.57452392578124
2007-07-24,106.6917724609375
2007-07-25,106.91036987304688
2007-07-26,104.3787841796875
2007-07-27,102.32682037353516
2007-07-28,102.32682037353516
2007-07-29,102.32682037353516
2007-07-30,103.92750549316406
2007-07-31,102.75694274902344
2007-08-01,103.2575912475586
2007-08-02,104.08261108398438
2007-08-03,101.40299987792967
2007-08-04,101.40299987792967
2007-08-05,101.40299987792967
2007-08-06,103.10248565673828
2007-08-07,104.20255279541016
2007-08-08,105.65520477294922
2007-08-09,102.52424621582033
2007-08-10,102.04476165771484
2007-08-11,102.04476165771484
2007-08-12,102.04476165771484
2007-08-13,102.4114227294922
2007-08-14,100.84593200683594
2007-08-15,99.45673370361328
2007-08-16,100.20425415039062
2007-08-17,102.04476165771484
2007-08-18,102.04476165771484
2007-08-19,102.04476165771484
2007-08-20,101.99529266357422
2007-08-21,102.19989013671876
2007-08-22,103.41273498535156
2007-08-23,103.32103729248048
2007-08-24,104.59738159179688
2007-08-25,104.59738159179688
2007-08-26,104.59738159179688
2007-08-27,103.62430572509766
2007-08-28,101.34656524658205
2007-08-29,103.33517456054688
2007-08-30,103.06016540527344
2007-08-31,104.07562255859376
2007-09-01,104.07562255859376
2007-09-02,104.07562255859376
2007-09-03,104.07562255859376
2007-09-04,105.12633514404295
2007-09-05,104.21660614013672
2007-09-06,104.45640563964844
2007-09-07,103.00376892089844
2007-09-08,103.00376892089844
2007-09-09,103.00376892089844
2007-09-10,102.80628204345705
2007-09-11,104.00508880615234
2007-09-12,104.27307891845705
2007-09-13,105.00643920898438
2007-09-14,104.9993667602539
2007-09-15,104.9993667602539
2007-09-16,104.9993667602539
2007-09-17,104.43526458740234
2007-09-18,107.50977325439452
2007-09-19,108.1444320678711
2007-09-20,107.38284301757812
2007-09-21,107.67266845703124
2007-09-22,107.67266845703124
2007-09-23,107.67266845703124
2007-09-24,107.47418212890624
2007-09-25,107.26170349121094
2007-09-26,107.82849884033205
2007-09-27,108.4661636352539
2007-09-28,108.10479736328124
2007-09-29,108.10479736328124
2007-09-30,108.10479736328124
2007-10-01,109.32347869873048
2007-10-02,109.17465209960938
2007-10-03,108.95501708984376
2007-10-04,109.12512969970705
2007-10-05,110.42163848876952
2007-10-06,110.42163848876952
2007-10-07,110.42163848876952
2007-10-08,109.8335952758789
2007-10-09,110.86799621582033
2007-10-10,110.68383026123048
2007-10-11,110.15241241455078
2007-10-12,110.76166534423828
2007-10-13,110.76166534423828
2007-10-14,110.76166534423828
2007-10-15,109.82644653320312
2007-10-16,108.95501708984376
2007-10-17,109.2880401611328
2007-10-18,108.8912353515625
2007-10-19,106.04306030273438
2007-10-20,106.04306030273438
2007-10-21,106.04306030273438
2007-10-22,106.65941619873048
2007-10-23,107.52384185791016
2007-10-24,107.3254852294922
2007-10-25,107.58049011230467
2007-10-26,108.84170532226562
2007-10-27,108.84170532226562
2007-10-28,108.84170532226562
2007-10-29,109.20304870605467
2007-10-30,108.44491577148438
2007-10-31,109.57141876220705
2007-11-01,107.00659942626952
2007-11-02,107.12708282470705
2007-11-03,107.12708282470705
2007-11-04,107.12708282470705
2007-11-05,106.31222534179688
2007-11-06,107.74347686767578
2007-11-07,104.79606628417967
2007-11-08,104.2646942138672
2007-11-09,102.83349609375
2007-11-10,102.83349609375
2007-11-11,102.83349609375
2007-11-12,101.81322479248048
2007-11-13,104.91650390625
2007-11-14,104.6260223388672
2007-11-15,103.116943359375
2007-11-16,103.29401397705078
2007-11-17,103.29401397705078
2007-11-18,103.29401397705078
2007-11-19,101.85574340820312
2007-11-20,102.47917175292967
2007-11-21,100.38201904296876
2007-11-22,100.38201904296876
2007-11-23,102.11786651611328
2007-11-24,102.11786651611328
2007-11-25,102.11786651611328
2007-11-26,99.86482238769533
2007-11-27,101.01261901855467
2007-11-28,104.24343872070312
2007-11-29,104.2788543701172
2007-11-30,105.32747650146484
2007-12-01,105.32747650146484
2007-12-02,105.32747650146484
2007-12-03,104.63311004638672
2007-12-04,103.69783782958984
2007-12-05,105.43372344970705
2007-12-06,106.9428482055664
2007-12-07,106.92160034179688
2007-12-08,106.92160034179688
2007-12-09,106.92160034179688
2007-12-10,107.7505874633789
2007-12-11,104.79606628417967
2007-12-12,105.83051300048828
2007-12-13,105.6108627319336
2007-12-14,104.27173614501952
2007-12-15,104.27173614501952
2007-12-16,104.27173614501952
2007-12-17,102.78386688232422
2007-12-18,103.35777282714844
2007-12-19,103.35777282714844
2007-12-20,104.00960540771484
2007-12-21,105.50896453857422
2007-12-22,105.50896453857422
2007-12-23,105.50896453857422
2007-12-24,106.2924575805664
2007-12-25,106.2924575805664
2007-12-26,106.52034759521484
2007-12-27,105.18128204345705
2007-12-28,104.91778564453124
2007-12-29,104.91778564453124
2007-12-30,104.91778564453124
2007-12-31,104.14136505126952
2008-01-01,104.14136505126952
2008-01-02,103.22969818115234
2008-01-03,103.17982482910156
2008-01-04,100.65122985839844
2008-01-05,100.65122985839844
2008-01-06,100.65122985839844
2008-01-07,100.56578063964844
2008-01-08,98.94176483154295
2008-01-09,99.98169708251952
2008-01-10,100.63706970214844
2008-01-11,99.8249740600586
2008-01-12,99.8249740600586
2008-01-13,99.8249740600586
2008-01-14,100.6298828125
2008-01-15,98.41473388671876
2008-01-16,97.56710052490234
2008-01-17,95.0385284423828
2008-01-18,94.062744140625
2008-01-19,94.062744140625
2008-01-20,94.062744140625
2008-01-21,94.062744140625
2008-01-22,93.10829162597656
2008-01-23,95.34478759765624
2008-01-24,96.1496810913086
2008-01-25,94.7607421875
2008-01-26,94.7607421875
2008-01-27,94.7607421875
2008-01-28,96.32775115966795
2008-01-29,96.80496978759766
2008-01-30,96.09271240234376
2008-01-31,97.84486389160156
2008-02-01,99.41905212402344
2008-02-02,99.41905212402344
2008-02-03,99.41905212402344
2008-02-04,98.1653823852539
2008-02-05,95.53714752197266
2008-02-06,94.76789855957033
2008-02-07,95.39468383789062
2008-02-08,94.78214263916016
2008-02-09,94.78214263916016
2008-02-10,94.78214263916016
2008-02-11,95.26648712158205
2008-02-12,96.1496810913086
2008-02-13,97.13259887695312
2008-02-14,96.27790069580078
2008-02-15,96.2565460205078
2008-02-16,96.2565460205078
2008-02-17,96.2565460205078
2008-02-18,96.2565460205078
2008-02-19,96.52717590332033
2008-02-20,96.81214904785156
2008-02-21,96.00718688964844
2008-02-22,96.59839630126952
2008-02-23,96.59839630126952
2008-02-24,96.59839630126952
2008-02-25,97.81639099121094
2008-02-26,98.550048828125
2008-02-27,98.4503402709961
2008-02-28,97.4887466430664
2008-02-29,95.3163070678711
2008-03-01,95.3163070678711
2008-03-02,95.3163070678711
2008-03-03,95.08841705322266
2008-03-04,94.72513580322266
2008-03-05,95.32342529296876
2008-03-06,93.3504409790039
2008-03-07,92.38890838623048
2008-03-08,92.38890838623048
2008-03-09,92.38890838623048
2008-03-10,91.17091369628906
2008-03-11,94.44734191894533
2008-03-12,93.56414031982422
2008-03-13,93.77069091796876
2008-03-14,92.31766510009766
2008-03-15,92.31766510009766
2008-03-16,92.31766510009766
2008-03-17,91.38461303710938
2008-03-18,95.18101501464844
2008-03-19,92.82339477539062
2008-03-20,94.54271697998048
2008-03-21,94.54271697998048
2008-03-22,94.54271697998048
2008-03-23,94.54271697998048
2008-03-24,96.43243408203124
2008-03-25,96.52547454833984
2008-03-26,95.34441375732422
2008-03-27,95.04378509521484
2008-03-28,94.13469696044922
2008-03-29,94.13469696044922
2008-03-30,94.13469696044922
2008-03-31,94.4639892578125
2008-04-01,97.78528594970705
2008-04-02,97.84972381591795
2008-04-03,98.09307861328124
2008-04-04,97.98571014404295
2008-04-05,97.98571014404295
2008-04-06,97.98571014404295
2008-04-07,98.03582763671876
2008-04-08,97.93560791015624
2008-04-09,97.22697448730467
2008-04-10,97.36296844482422
2008-04-11,95.4732666015625
2008-04-12,95.4732666015625
2008-04-13,95.4732666015625
2008-04-14,95.15115356445312
2008-04-15,95.37306213378906
2008-04-16,97.95706939697266
2008-04-17,98.10023498535156
2008-04-18,99.12384033203124
2008-04-19,99.12384033203124
2008-04-20,99.12384033203124
2008-04-21,99.1739730834961
2008-04-22,98.73729705810548
2008-04-23,98.57982635498048
2008-04-24,99.0093002319336
2008-04-25,99.92550659179688
2008-04-26,99.92550659179688
2008-04-27,99.92550659179688
2008-04-28,99.94703674316406
2008-04-29,99.55329132080078
2008-04-30,98.9663314819336
2008-05-01,101.01354217529295
2008-05-02,101.29268646240234
2008-05-03,101.29268646240234
2008-05-04,101.29268646240234
2008-05-05,100.80593872070312
2008-05-06,101.67925262451172
2008-05-07,99.86829376220705
2008-05-08,99.61055755615234
2008-05-09,99.42446899414062
2008-05-10,99.42446899414062
2008-05-11,99.42446899414062
2008-05-12,100.54110717773438
2008-05-13,100.5554428100586
2008-05-14,100.76302337646484
2008-05-15,102.0228271484375
2008-05-16,102.1158676147461
2008-05-17,102.1158676147461
2008-05-18,102.1158676147461
2008-05-19,102.39500427246094
2008-05-20,101.56468200683594
2008-05-21,99.84676361083984
2008-05-22,99.861083984375
2008-05-23,98.52254486083984
2008-05-24,98.52254486083984
2008-05-25,98.52254486083984
2008-05-26,98.52254486083984
2008-05-27,99.25270080566406
2008-05-28,99.71080017089844
2008-05-29,100.21185302734376
2008-05-30,100.46240234375
2008-05-31,100.46240234375
2008-06-01,100.46240234375
2008-06-02,99.42446899414062
2008-06-03,98.8446807861328
2008-06-04,98.79457092285156
2008-06-05,100.77015686035156
2008-06-06,97.55625915527344
2008-06-07,97.55625915527344
2008-06-08,97.55625915527344
2008-06-09,97.79244995117188
2008-06-10,97.3056869506836
2008-06-11,95.87411499023438
2008-06-12,96.23917388916016
2008-06-13,97.45599365234376
2008-06-14,97.45599365234376
2008-06-15,97.45599365234376
2008-06-16,97.51329803466795
2008-06-17,97.04085540771484
2008-06-18,96.0960464477539
2008-06-19,96.21771240234376
2008-06-20,94.65593719482422
2008-06-21,94.65593719482422
2008-06-22,94.65593719482422
2008-06-23,94.5623779296875
2008-06-24,94.37535095214844
2008-06-25,94.82136535644533
2008-06-26,92.24597930908205
2008-06-27,91.742431640625
2008-06-28,91.742431640625
2008-06-29,91.742431640625
2008-06-30,92.0661392211914
2008-07-01,92.3539047241211
2008-07-02,90.77127075195312
2008-07-03,90.86477661132812
2008-07-04,90.86477661132812
2008-07-05,90.86477661132812
2008-07-06,90.86477661132812
2008-07-07,89.93679809570312
2008-07-08,91.5338134765625
2008-07-09,89.77134704589844
2008-07-10,90.1382293701172
2008-07-11,89.08792877197266
2008-07-12,89.08792877197266
2008-07-13,89.08792877197266
2008-07-14,88.28221130371094
2008-07-15,87.03767395019531
2008-07-16,89.17427062988281
2008-07-17,90.06629943847656
2008-07-18,90.62738800048828
2008-07-19,90.62738800048828
2008-07-20,90.62738800048828
2008-07-21,90.6777801513672
2008-07-22,91.70645904541016
2008-07-23,92.20281982421876
2008-07-24,90.28927612304688
2008-07-25,90.26769256591795
2008-07-26,90.26769256591795
2008-07-27,90.26769256591795
2008-07-28,88.94406127929688
2008-07-29,90.84318542480467
2008-07-30,92.4617919921875
2008-07-31,91.2388687133789
2008-08-01,90.75690460205078
2008-08-02,90.75690460205078
2008-08-03,90.75690460205078
2008-08-04,89.91519927978516
2008-08-05,92.33949279785156
2008-08-06,92.74956512451172
2008-08-07,91.36833190917967
2008-08-08,93.06608581542967
2008-08-09,93.06608581542967
2008-08-10,93.06608581542967
2008-08-11,94.0300750732422
2008-08-12,93.05169677734376
2008-08-13,92.4905776977539
2008-08-14,93.18836975097656
2008-08-15,93.64158630371094
2008-08-16,93.64158630371094
2008-08-17,93.64158630371094
2008-08-18,92.361083984375
2008-08-19,91.35393524169922
2008-08-20,91.77839660644533
2008-08-21,91.9366455078125
2008-08-22,93.2675323486328
2008-08-23,93.2675323486328
2008-08-24,93.2675323486328
2008-08-25,91.37555694580078
2008-08-26,91.6417236328125
2008-08-27,92.53372955322266
2008-08-28,93.65596771240234
2008-08-29,92.64883422851562
2008-08-30,92.64883422851562
2008-08-31,92.64883422851562
2008-09-01,92.64883422851562
2008-09-02,92.07334899902344
2008-09-03,91.99422454833984
2008-09-04,89.2245864868164
2008-09-05,89.50518035888672
2008-09-06,89.50518035888672
2008-09-07,89.50518035888672
2008-09-08,91.35393524169922
2008-09-09,88.64189147949219
2008-09-10,89.00157928466797
2008-09-11,90.28927612304688
2008-09-12,90.7064971923828
2008-09-13,90.7064971923828
2008-09-14,90.7064971923828
2008-09-15,86.39024353027344
2008-09-16,87.83618927001953
2008-09-17,83.88683319091797
2008-09-18,86.3758544921875
2008-09-19,89.80619049072266
2008-09-20,89.80619049072266
2008-09-21,89.80619049072266
2008-09-22,87.77301025390625
2008-09-23,85.77604675292969
2008-09-24,86.05098724365234
2008-09-25,87.39678955078125
2008-09-26,87.44017791748047
2008-09-27,87.44017791748047
2008-09-28,87.44017791748047
2008-09-29,80.58826446533203
2008-09-30,83.92375183105469
2008-10-01,83.97439575195312
2008-10-02,80.92829895019531
2008-10-03,79.83574676513672
2008-10-04,79.83574676513672
2008-10-05,79.83574676513672
2008-10-06,75.76939392089844
2008-10-07,72.37600708007812
2008-10-08,70.55270385742188
2008-10-09,65.6253433227539
2008-10-10,64.03355407714844
2008-10-11,64.03355407714844
2008-10-12,64.03355407714844
2008-10-13,73.33113098144531
2008-10-14,72.24581909179688
2008-10-15,65.13334655761719
2008-10-16,67.84664916992188
2008-10-17,67.44145202636719
2008-10-18,67.44145202636719
2008-10-19,67.44145202636719
2008-10-20,71.4932861328125
2008-10-21,69.35885620117188
2008-10-22,65.58194732666016
2008-10-23,66.34166717529297
2008-10-24,62.97721099853516
2008-10-25,62.97721099853516
2008-10-26,62.97721099853516
2008-10-27,60.7414436340332
2008-10-28,67.83941650390625
2008-10-29,67.34739685058594
2008-10-30,69.67717742919922
2008-10-31,70.06067657470703
2008-11-01,70.06067657470703
2008-11-02,70.06067657470703
2008-11-03,70.2632827758789
2008-11-04,72.6509780883789
2008-11-05,69.59764099121094
2008-11-06,65.74113464355469
2008-11-07,67.9117202758789
2008-11-08,67.9117202758789
2008-11-09,67.9117202758789
2008-11-10,67.02180480957031
2008-11-11,64.95245361328125
2008-11-12,62.09445190429688
2008-11-13,65.96544647216797
2008-11-14,62.67330551147461
2008-11-15,62.67330551147461
2008-11-16,62.67330551147461
2008-11-17,61.84126281738281
2008-11-18,63.006141662597656
2008-11-19,58.96879196166992
2008-11-20,54.5913200378418
2008-11-21,57.53615951538086
2008-11-22,57.53615951538086
2008-11-23,57.53615951538086
2008-11-24,61.52288818359375
2008-11-25,61.97870635986328
2008-11-26,64.37362670898438
2008-11-27,64.37362670898438
2008-11-28,65.18396759033203
2008-11-29,65.18396759033203
2008-11-30,65.18396759033203
2008-12-01,59.41013717651367
2008-12-02,61.69650268554688
2008-12-03,63.17980194091797
2008-12-04,61.718257904052734
2008-12-05,63.62115478515625
2008-12-06,63.62115478515625
2008-12-07,63.62115478515625
2008-12-08,65.8424301147461
2008-12-09,64.75713348388672
2008-12-10,65.1984634399414
2008-12-11,63.62838745117188
2008-12-12,64.38813018798828
2008-12-13,64.38813018798828
2008-12-14,64.38813018798828
2008-12-15,63.49092483520508
2008-12-16,66.4791488647461
2008-12-17,65.83519744873047
2008-12-18,64.60516357421875
2008-12-19,64.3272705078125
2008-12-20,64.3272705078125
2008-12-21,64.3272705078125
2008-12-22,63.50300979614258
2008-12-23,62.8465576171875
2008-12-24,63.21125030517578
2008-12-25,63.21125030517578
2008-12-26,63.57598876953125
2008-12-27,63.57598876953125
2008-12-28,63.57598876953125
2008-12-29,63.39360809326172
2008-12-30,64.89618682861328
2008-12-31,65.82259368896484
2009-01-01,65.82259368896484
2009-01-02,67.80657958984375
2009-01-03,67.80657958984375
2009-01-04,67.80657958984375
2009-01-05,67.7263412475586
2009-01-06,68.17855072021484
2009-01-07,66.13618469238281
2009-01-08,66.4061050415039
2009-01-09,64.98371887207031
2009-01-10,64.98371887207031
2009-01-11,64.98371887207031
2009-01-12,63.42277908325195
2009-01-13,63.53949737548828
2009-01-14,61.54087066650391
2009-01-15,61.56273651123047
2009-01-16,62.044189453125
2009-01-17,62.044189453125
2009-01-18,62.044189453125
2009-01-19,62.044189453125
2009-01-20,58.76911544799805
2009-01-21,61.30747604370117
2009-01-22,60.35923385620117
2009-01-23,60.6218376159668
2009-01-24,60.6218376159668
2009-01-25,60.6218376159668
2009-01-26,61.0376205444336
2009-01-27,61.65758895874024
2009-01-28,63.74371719360352
2009-01-29,61.67219161987305
2009-01-30,60.417572021484375
2009-01-31,60.417572021484375
2009-02-01,60.417572021484375
2009-02-02,60.2352180480957
2009-02-03,61.08137512207031
2009-02-04,60.78227233886719
2009-02-05,61.686767578125
2009-02-06,63.44466400146485
2009-02-07,63.44466400146485
2009-02-08,63.44466400146485
2009-02-09,63.53221130371094
2009-02-10,60.6218376159668
2009-02-11,60.979248046875
2009-02-12,61.02302551269531
2009-02-13,60.36655807495117
2009-02-14,60.36655807495117
2009-02-15,60.36655807495117
2009-02-16,60.36655807495117
2009-02-17,57.784400939941406
2009-02-18,57.64579772949219
2009-02-19,57.02581787109375
2009-02-20,56.471458435058594
2009-02-21,56.471458435058594
2009-02-22,56.471458435058594
2009-02-23,54.4509391784668
2009-02-24,56.515235900878906
2009-02-25,56.07026290893555
2009-02-26,55.158477783203125
2009-02-27,53.9257926940918
2009-02-28,53.9257926940918
2009-03-01,53.9257926940918
2009-03-02,51.49684143066406
2009-03-03,51.11021423339844
2009-03-04,52.321075439453125
2009-03-05,50.18387222290039
2009-03-06,50.27140045166016
2009-03-07,50.27140045166016
2009-03-08,50.27140045166016
2009-03-09,49.68056869506836
2009-03-10,52.64200592041016
2009-03-11,52.98484802246094
2009-03-12,55.07096099853516
2009-03-13,55.501312255859375
2009-03-14,55.501312255859375
2009-03-15,55.501312255859375
2009-03-16,55.33354949951172
2009-03-17,57.02581787109375
2009-03-18,58.30228805541992
2009-03-19,57.58012771606445
2009-03-20,56.35404968261719
2009-03-21,56.35404968261719
2009-03-22,56.35404968261719
2009-03-23,60.40188217163086
2009-03-24,59.21178817749024
2009-03-25,59.83625411987305
2009-03-26,61.05567932128906
2009-03-27,59.95377731323242
2009-03-28,59.95377731323242
2009-03-29,59.95377731323242
2009-03-30,57.88209533691406
2009-03-31,58.41836166381836
2009-04-01,59.54970169067383
2009-04-02,61.290775299072266
2009-04-03,61.90055847167969
2009-04-04,61.90055847167969
2009-04-05,61.90055847167969
2009-04-06,61.415714263916016
2009-04-07,59.98317337036133
2009-04-08,60.62963485717773
2009-04-09,63.03923034667969
2009-04-10,63.03923034667969
2009-04-11,63.03923034667969
2009-04-12,63.03923034667969
2009-04-13,63.053955078125
2009-04-14,61.96665573120117
2009-04-15,62.62786102294922
2009-04-16,63.54615783691406
2009-04-17,63.97224044799805
2009-04-18,63.97224044799805
2009-04-19,63.97224044799805
2009-04-20,61.290775299072266
2009-04-21,62.48826217651367
2009-04-22,62.106231689453125
2009-04-23,62.71602249145508
2009-04-24,63.66368865966797
2009-04-25,63.66368865966797
2009-04-26,63.66368865966797
2009-04-27,63.06126403808594
2009-04-28,62.86294174194336
2009-04-29,64.19994354248047
2009-04-30,64.2220230102539
2009-05-01,64.56730651855469
2009-05-02,64.56730651855469
2009-05-03,64.56730651855469
2009-05-04,66.76386260986328
2009-05-05,66.53612518310547
2009-05-06,67.68948364257812
2009-05-07,66.74913787841797
2009-05-08,68.30662536621094
2009-05-09,68.30662536621094
2009-05-10,68.30662536621094
2009-05-11,67.02832794189453
2009-05-12,66.82996368408203
2009-05-13,65.14764404296875
2009-05-14,65.70599365234375
2009-05-15,65.16967010498047
2009-05-16,65.16967010498047
2009-05-17,65.16967010498047
2009-05-18,67.02099609375
2009-05-19,66.94015502929688
2009-05-20,66.49205017089844
2009-05-21,65.53704833984375
2009-05-22,65.3974380493164
2009-05-23,65.3974380493164
2009-05-24,65.3974380493164
2009-05-25,65.3974380493164
2009-05-26,67.07241821289062
2009-05-27,65.87495422363281
2009-05-28,66.7932357788086
2009-05-29,67.97600555419922
2009-05-30,67.97600555419922
2009-05-31,67.97600555419922
2009-06-01,69.6216049194336
2009-06-02,69.68037414550781
2009-06-03,68.79879760742188
2009-06-04,69.4453125
2009-06-05,69.45997619628906
2009-06-06,69.45997619628906
2009-06-07,69.45997619628906
2009-06-08,69.17346954345703
2009-06-09,69.5261001586914
2009-06-10,69.34978485107422
2009-06-11,69.65836334228516
2009-06-12,69.8493423461914
2009-06-13,69.8493423461914
2009-06-14,69.8493423461914
2009-06-15,68.24783325195312
2009-06-16,67.3221664428711
2009-06-17,67.2560806274414
2009-06-18,67.74827575683594
2009-06-19,67.99797821044922
2009-06-20,67.99797821044922
2009-06-21,67.99797821044922
2009-06-22,65.95892333984375
2009-06-23,66.01063537597656
2009-06-24,66.57953643798828
2009-06-25,68.02752685546875
2009-06-26,67.8502197265625
2009-06-27,67.8502197265625
2009-06-28,67.8502197265625
2009-06-29,68.48558044433594
2009-06-30,67.93150329589844
2009-07-01,68.21222686767578
2009-07-02,66.3504867553711
2009-07-03,66.3504867553711
2009-07-04,66.3504867553711
2009-07-05,66.3504867553711
2009-07-06,66.34309387207031
2009-07-07,65.0575942993164
2009-07-08,65.01327514648438
2009-07-09,65.13887023925781
2009-07-10,64.98371124267578
2009-07-11,64.98371124267578
2009-07-12,64.98371124267578
2009-07-13,66.56475067138672
2009-07-14,66.94149017333984
2009-07-15,68.89929962158203
2009-07-16,68.78848266601562
2009-07-17,69.54203796386719
2009-07-18,69.54203796386719
2009-07-19,69.54203796386719
2009-07-20,70.28082275390625
2009-07-21,70.60590362548828
2009-07-22,70.59114074707031
2009-07-23,72.14996337890625
2009-07-24,72.44549560546875
2009-07-25,72.44549560546875
2009-07-26,72.44549560546875
2009-07-27,72.65972900390625
2009-07-28,72.31986236572266
2009-07-29,72.14259338378906
2009-07-30,72.89613342285156
2009-07-31,72.99958038330078
2009-08-01,72.99958038330078
2009-08-02,72.99958038330078
2009-08-03,74.20382690429688
2009-08-04,74.3958740234375
2009-08-05,74.18164825439453
2009-08-06,73.79745483398438
2009-08-07,74.7652816772461
2009-08-08,74.7652816772461
2009-08-09,74.7652816772461
2009-08-10,74.61013793945312
2009-08-11,73.67926788330078
2009-08-12,74.46978759765625
2009-08-13,75.03865814208984
2009-08-14,74.46238708496094
2009-08-15,74.46238708496094
2009-08-16,74.46238708496094
2009-08-17,72.63020324707031
2009-08-18,73.20643615722656
2009-08-19,73.84915924072266
2009-08-20,74.61013793945312
2009-08-21,76.07295227050781
2009-08-22,76.07295227050781
2009-08-23,76.07295227050781
2009-08-24,76.06552124023438
2009-08-25,76.21329498291016
2009-08-26,76.220703125
2009-08-27,76.39057922363281
2009-08-28,76.37579345703125
2009-08-29,76.37579345703125
2009-08-30,76.37579345703125
2009-08-31,75.69615936279297
2009-09-01,74.02651977539062
2009-09-02,73.74578094482422
2009-09-03,74.35893249511719
2009-09-04,75.40059661865234
2009-09-05,75.40059661865234
2009-09-06,75.40059661865234
2009-09-07,75.40059661865234
2009-09-08,76.05076599121094
2009-09-09,76.6343994140625
2009-09-10,77.41751861572266
2009-09-11,77.40276336669922
2009-09-12,77.40276336669922
2009-09-13,77.40276336669922
2009-09-14,77.77953338623047
2009-09-15,78.1045913696289
2009-09-16,79.2866439819336
2009-09-17,79.16844177246094
2009-09-18,79.21893310546875
2009-09-19,79.21893310546875
2009-09-20,79.21893310546875
2009-09-21,79.01850128173828
2009-09-22,79.47874450683594
2009-09-23,78.81804656982422
2009-09-24,77.9495849609375
2009-09-25,77.5339126586914
2009-09-26,77.5339126586914
2009-09-27,77.5339126586914
2009-09-28,78.9219970703125
2009-09-29,78.68445587158203
2009-09-30,78.38014221191406
2009-10-01,76.43528747558594
2009-10-02,76.07897186279297
2009-10-03,76.07897186279297
2009-10-04,76.07897186279297
2009-10-05,77.21469116210938
2009-10-06,78.32075500488281
2009-10-07,78.53600311279297
2009-10-08,79.13729095458984
2009-10-09,79.61980438232422
2009-10-10,79.61980438232422
2009-10-11,79.61980438232422
2009-10-12,79.93154907226562
2009-10-13,79.76823425292969
2009-10-14,81.14149475097656
2009-10-15,81.43842315673828
2009-10-16,80.82969665527344
2009-10-17,80.82969665527344
2009-10-18,80.82969665527344
2009-10-19,81.49781036376953
2009-10-20,81.0672836303711
2009-10-21,80.33979797363281
2009-10-22,81.1563949584961
2009-10-23,80.22846221923828
2009-10-24,80.22846221923828
2009-10-25,80.22846221923828
2009-10-26,79.35997009277344
2009-10-27,78.99620819091797
2009-10-28,77.50419616699219
2009-10-29,79.16695404052734
2009-10-30,76.87325286865234
2009-10-31,76.87325286865234
2009-11-01,76.87325286865234
2009-11-02,77.43741607666016
2009-11-03,77.6823501586914
2009-11-04,77.88279724121094
2009-11-05,79.3154296875
2009-11-06,79.52328491210938
2009-11-07,79.52328491210938
2009-11-08,79.52328491210938
2009-11-09,81.33450317382812
2009-11-10,81.34934997558594
2009-11-11,81.76504516601562
2009-11-12,80.93366241455078
2009-11-13,81.3716049194336
2009-11-14,81.3716049194336
2009-11-15,81.3716049194336
2009-11-16,82.5518798828125
2009-11-17,82.64838409423828
2009-11-18,82.59646606445312
2009-11-19,81.52010345458984
2009-11-20,81.23058319091797
2009-11-21,81.23058319091797
2009-11-22,81.23058319091797
2009-11-23,82.2623519897461
2009-11-24,82.3885498046875
2009-11-25,82.67806243896484
2009-11-26,82.67806243896484
2009-11-27,81.33450317382812
2009-11-28,81.33450317382812
2009-11-29,81.33450317382812
2009-11-30,81.6091537475586
2009-12-01,82.61869049072266
2009-12-02,82.5815658569336
2009-12-03,81.9357681274414
2009-12-04,82.40343475341797
2009-12-05,82.40343475341797
2009-12-06,82.40343475341797
2009-12-07,82.2772445678711
2009-12-08,81.36417388916016
2009-12-09,81.66854858398438
2009-12-10,82.1287612915039
2009-12-11,82.47765350341797
2009-12-12,82.47765350341797
2009-12-13,82.47765350341797
2009-12-14,83.04180908203125
2009-12-15,82.65579223632812
2009-12-16,82.78199005126953
2009-12-17,81.78731536865234
2009-12-18,82.2500228881836
2009-12-19,82.2500228881836
2009-12-20,82.2500228881836
2009-12-21,83.08588409423828
2009-12-22,83.38439178466797
2009-12-23,83.54859161376953
2009-12-24,83.94412994384766
2009-12-25,83.94412994384766
2009-12-26,83.94412994384766
2009-12-27,83.94412994384766
2009-12-28,84.12322998046875
2009-12-29,84.00383758544922
2009-12-30,83.9739761352539
2009-12-31,83.16799926757812
2010-01-01,83.16799926757812
2010-01-02,83.16799926757812
2010-01-03,83.16799926757812
2010-01-04,84.5784912109375
2010-01-05,84.8023910522461
2010-01-06,84.86207580566406
2010-01-07,85.22032165527344
2010-01-08,85.50389862060547
2010-01-09,85.50389862060547
2010-01-10,85.50389862060547
2010-01-11,85.62329864501953
2010-01-12,84.82478332519531
2010-01-13,85.54119873046875
2010-01-14,85.7725830078125
2010-01-15,84.809814453125
2010-01-16,84.809814453125
2010-01-17,84.809814453125
2010-01-18,84.809814453125
2010-01-19,85.86958312988281
2010-01-20,84.9964370727539
2010-01-21,83.36198425292969
2010-01-22,81.50373840332031
2010-01-23,81.50373840332031
2010-01-24,81.50373840332031
2010-01-25,81.92166137695312
2010-01-26,81.57833862304688
2010-01-27,81.9664077758789
2010-01-28,81.02609252929688
2010-01-29,80.14546203613281
2010-01-30,80.14546203613281
2010-01-31,80.14546203613281
2010-02-01,81.39178466796875
2010-02-02,82.37688446044922
2010-02-03,81.9664077758789
2010-02-04,79.43644714355469
2010-02-05,79.60061645507812
2010-02-06,79.60061645507812
2010-02-07,79.60061645507812
2010-02-08,79.02595520019531
2010-02-09,80.01858520507812
2010-02-10,79.86183166503906
2010-02-11,80.69771575927734
2010-02-12,80.6305160522461
2010-02-13,80.6305160522461
2010-02-14,80.6305160522461
2010-02-15,80.6305160522461
2010-02-16,81.89926147460938
2010-02-17,82.28732299804688
2010-02-18,82.77243041992188
2010-02-19,82.94406127929688
2010-02-20,82.94406127929688
2010-02-21,82.94406127929688
2010-02-22,82.95899200439453
2010-02-23,81.95148468017578
2010-02-24,82.70523834228516
2010-02-25,82.59329986572266
2010-02-26,82.64556884765625
2010-02-27,82.64556884765625
2010-02-28,82.64556884765625
2010-03-01,83.50379943847656
2010-03-02,83.7351303100586
2010-03-03,83.80979919433594
2010-03-04,84.06350708007812
2010-03-05,85.26508331298828
2010-03-06,85.26508331298828
2010-03-07,85.26508331298828
2010-03-08,85.27999114990234
2010-03-09,85.42182159423828
2010-03-10,85.80242919921875
2010-03-11,86.16065216064453
2010-03-12,86.16815185546875
2010-03-13,86.16815185546875
2010-03-14,86.16815185546875
2010-03-15,86.19048309326172
2010-03-16,86.87709045410156
2010-03-17,87.39202117919922
2010-03-18,87.34727478027344
2010-03-19,86.90513610839844
2010-03-20,86.90513610839844
2010-03-21,86.90513610839844
2010-03-22,87.3697280883789
2010-03-23,87.9842300415039
2010-03-24,87.55707550048828
2010-03-25,87.41471862792969
2010-03-26,87.36225128173828
2010-03-27,87.36225128173828
2010-03-28,87.36225128173828
2010-03-29,87.91679382324219
2010-03-30,87.97672271728516
2010-03-31,87.67695617675781
2010-04-01,88.27648162841797
2010-04-02,88.27648162841797
2010-04-03,88.27648162841797
2010-04-04,88.27648162841797
2010-04-05,88.99589538574219
2010-04-06,89.20570373535156
2010-04-07,88.69613647460938
2010-04-08,89.00338745117188
2010-04-09,89.58790588378906
2010-04-10,89.58790588378906
2010-04-11,89.58790588378906
2010-04-12,89.73027801513672
2010-04-13,89.79773712158203
2010-04-14,90.81683349609376
2010-04-15,90.89180755615234
2010-04-16,89.4455337524414
2010-04-17,89.4455337524414
2010-04-18,89.4455337524414
2010-04-19,89.78274536132812
2010-04-20,90.58455657958984
2010-04-21,90.4197006225586
2010-04-22,90.68950653076172
2010-04-23,91.28147888183594
2010-04-24,91.28147888183594
2010-04-25,91.28147888183594
2010-04-26,90.93675231933594
2010-04-27,88.78605651855469
2010-04-28,89.46051025390625
2010-04-29,90.56958770751952
2010-04-30,89.03337097167969
2010-05-01,89.03337097167969
2010-05-02,89.03337097167969
2010-05-03,90.18738555908205
2010-05-04,88.06665802001953
2010-05-05,87.54208374023438
2010-05-06,84.63452911376953
2010-05-07,83.37557220458984
2010-05-08,83.37557220458984
2010-05-09,83.37557220458984
2010-05-10,87.04753112792969
2010-05-11,86.80023956298828
2010-05-12,88.01421356201172
2010-05-13,86.92013549804688
2010-05-14,85.3464584350586
2010-05-15,85.3464584350586
2010-05-16,85.3464584350586
2010-05-17,85.3913803100586
2010-05-18,84.22985076904297
2010-05-19,83.75027465820312
2010-05-20,80.58785247802734
2010-05-21,81.7644271850586
2010-05-22,81.7644271850586
2010-05-23,81.7644271850586
2010-05-24,80.71527862548828
2010-05-25,80.7977066040039
2010-05-26,80.31060791015625
2010-05-27,83.00090789794922
2010-05-28,81.95924377441406
2010-05-29,81.95924377441406
2010-05-30,81.95924377441406
2010-05-31,81.95924377441406
2010-06-01,80.58041381835938
2010-06-02,82.67863464355469
2010-06-03,82.96342468261719
2010-06-04,80.04833221435547
2010-06-05,80.04833221435547
2010-06-06,80.04833221435547
2010-06-07,79.05168914794922
2010-06-08,79.8984603881836
2010-06-09,79.47132110595703
2010-06-10,81.79439544677734
2010-06-11,82.1915512084961
2010-06-12,82.1915512084961
2010-06-13,82.1915512084961
2010-06-14,82.06414031982422
2010-06-15,83.93010711669922
2010-06-16,83.90009307861328
2010-06-17,84.03501892089844
2010-06-18,84.12612915039062
2010-06-19,84.12612915039062
2010-06-20,84.12612915039062
2010-06-21,83.88518524169922
2010-06-22,82.49977111816406
2010-06-23,82.2437744140625
2010-06-24,80.88095092773438
2010-06-25,81.21974182128906
2010-06-26,81.21974182128906
2010-06-27,81.21974182128906
2010-06-28,80.96378326416016
2010-06-29,78.46400451660156
2010-06-30,77.71861267089844
2010-07-01,77.37224578857422
2010-07-02,76.95059967041016
2010-07-03,76.95059967041016
2010-07-04,76.95059967041016
2010-07-05,76.95059967041016
2010-07-06,77.45506286621094
2010-07-07,79.89458465576172
2010-07-08,80.6851806640625
2010-07-09,81.28754425048828
2010-07-10,81.28754425048828
2010-07-11,81.28754425048828
2010-07-12,81.34024810791016
2010-07-13,82.56755065917969
2010-07-14,82.5600357055664
2010-07-15,82.58258819580078
2010-07-16,80.30870056152344
2010-07-17,80.30870056152344
2010-07-18,80.30870056152344
2010-07-19,80.7830581665039
2010-07-20,81.6791000366211
2010-07-21,80.61742401123047
2010-07-22,82.4169692993164
2010-07-23,83.13226318359375
2010-07-24,83.13226318359375
2010-07-25,83.13226318359375
2010-07-26,83.9981460571289
2010-07-27,83.99063110351562
2010-07-28,83.448486328125
2010-07-29,83.04188537597656
2010-07-30,83.0268325805664
2010-07-31,83.0268325805664
2010-08-01,83.0268325805664
2010-08-02,84.90169525146484
2010-08-03,84.49507141113281
2010-08-04,85.05976867675781
2010-08-05,84.96942901611328
2010-08-06,84.62303924560547
2010-08-07,84.62303924560547
2010-08-08,84.62303924560547
2010-08-09,85.07482147216797
2010-08-10,84.6155776977539
2010-08-11,82.29649353027344
2010-08-12,81.79198455810547
2010-08-13,81.55106353759766
2010-08-14,81.55106353759766
2010-08-15,81.55106353759766
2010-08-16,81.51339721679688
2010-08-17,82.51483917236328
2010-08-18,82.6654052734375
2010-08-19,81.227294921875
2010-08-20,80.96378326416016
2010-08-21,80.96378326416016
2010-08-22,80.96378326416016
2010-08-23,80.65508270263672
2010-08-24,79.45790100097656
2010-08-25,79.7666015625
2010-08-26,79.23200225830078
2010-08-27,80.45932006835938
2010-08-28,80.45932006835938
2010-08-29,80.45932006835938
2010-08-30,79.29224395751953
2010-08-31,79.29224395751953
2010-09-01,81.66400146484375
2010-09-02,82.42447662353516
2010-09-03,83.49364471435547
2010-09-04,83.49364471435547
2010-09-05,83.49364471435547
2010-09-06,83.49364471435547
2010-09-07,82.55248260498047
2010-09-08,83.13226318359375
2010-09-09,83.51622772216797
2010-09-10,83.93791198730469
2010-09-11,83.93791198730469
2010-09-12,83.93791198730469
2010-09-13,84.87153625488281
2010-09-14,84.81885528564453
2010-09-15,85.14259338378906
2010-09-16,85.12000274658203
2010-09-17,85.15180969238281
2010-09-18,85.15180969238281
2010-09-19,85.15180969238281
2010-09-20,86.45378875732422
2010-09-21,86.27969360351562
2010-09-22,85.85578918457031
2010-09-23,85.15938568115234
2010-09-24,86.91554260253906
2010-09-25,86.91554260253906
2010-09-26,86.91554260253906
2010-09-27,86.49922180175781
2010-09-28,86.80200958251953
2010-09-29,86.65058898925781
2010-09-30,86.39322662353516
2010-10-01,86.75658416748047
2010-10-02,86.75658416748047
2010-10-03,86.75658416748047
2010-10-04,86.10558319091797
2010-10-05,87.83903503417969
2010-10-06,87.83149719238281
2010-10-07,87.72547912597656
2010-10-08,88.21756744384766
2010-10-09,88.21756744384766
2010-10-10,88.21756744384766
2010-10-11,88.30081176757812
2010-10-12,88.57331085205078
2010-10-13,89.26216125488281
2010-10-14,88.91394805908203
2010-10-15,89.09562683105469
2010-10-16,89.09562683105469
2010-10-17,89.09562683105469
2010-10-18,89.53468322753906
2010-10-19,88.36134338378906
2010-10-20,89.22433471679688
2010-10-21,89.4211654663086
2010-10-22,89.58767700195312
2010-10-23,89.58767700195312
2010-10-24,89.58767700195312
2010-10-25,89.85260009765625
2010-10-26,89.86775970458984
2010-10-27,89.61035919189453
2010-10-28,89.62548828125
2010-10-29,89.69361877441406
2010-10-30,89.69361877441406
2010-10-31,89.69361877441406
2010-11-01,89.7238998413086
2010-11-02,90.43547058105467
2010-11-03,90.7988052368164
2010-11-04,92.54740142822266
2010-11-05,92.8956298828125
2010-11-06,92.8956298828125
2010-11-07,92.8956298828125
2010-11-08,92.7215347290039
2010-11-09,92.05538940429688
2010-11-10,92.4262924194336
2010-11-11,92.07810974121094
2010-11-12,90.98806762695312
2010-11-13,90.98806762695312
2010-11-14,90.98806762695312
2010-11-15,90.85939025878906
2010-11-16,89.44383239746094
2010-11-17,89.4892578125
2010-11-18,90.80640411376952
2010-11-19,91.05619049072266
2010-11-20,91.05619049072266
2010-11-21,91.05619049072266
2010-11-22,90.98049926757812
2010-11-23,89.66333770751953
2010-11-24,90.98806762695312
2010-11-25,90.98806762695312
2010-11-26,89.92831420898438
2010-11-27,89.92831420898438
2010-11-28,89.92831420898438
2010-11-29,90.2008056640625
2010-11-30,89.69361877441406
2010-12-01,91.60120391845705
2010-12-02,92.77449798583984
2010-12-03,93.02429962158205
2010-12-04,93.02429962158205
2010-12-05,93.02429962158205
2010-12-06,92.9259033203125
2010-12-07,92.9788818359375
2010-12-08,93.3195343017578
2010-12-09,93.68289184570312
2010-12-10,94.2279052734375
2010-12-11,94.2279052734375
2010-12-12,94.2279052734375
2010-12-13,94.28845977783205
2010-12-14,94.37173461914062
2010-12-15,93.94023895263672
2010-12-16,94.48526763916016
2010-12-17,94.5864715576172
2010-12-18,94.5864715576172
2010-12-19,94.5864715576172
2010-12-20,94.81478118896484
2010-12-21,95.41592407226562
2010-12-22,95.71269989013672
2010-12-23,95.57572174072266
2010-12-24,95.57572174072266
2010-12-25,95.57572174072266
2010-12-26,95.57572174072266
2010-12-27,95.61380767822266
2010-12-28,95.75072479248048
2010-12-29,95.8192138671875
2010-12-30,95.6670379638672
2010-12-31,95.68986511230467
2011-01-01,95.68986511230467
2011-01-02,95.68986511230467
2011-01-03,96.67910766601562
2011-01-04,96.62583923339844
2011-01-05,97.1280517578125
2011-01-06,96.93782043457033
2011-01-07,96.74759674072266
2011-01-08,96.74759674072266
2011-01-09,96.74759674072266
2011-01-10,96.62583923339844
2011-01-11,96.96825408935548
2011-01-12,97.8433837890625
2011-01-13,97.68355560302734
2011-01-14,98.3912353515625
2011-01-15,98.3912353515625
2011-01-16,98.3912353515625
2011-01-17,98.3912353515625
2011-01-18,98.55862426757812
2011-01-19,97.5922622680664
2011-01-20,97.46287536621094
2011-01-21,97.68355560302734
2011-01-22,97.68355560302734
2011-01-23,97.68355560302734
2011-01-24,98.23907470703124
2011-01-25,98.29230499267578
2011-01-26,98.6728057861328
2011-01-27,98.91631317138672
2011-01-28,97.18892669677734
2011-01-29,97.18892669677734
2011-01-30,97.18892669677734
2011-01-31,97.91946411132812
2011-02-01,99.48703002929688
2011-02-02,99.29682159423828
2011-02-03,99.51747131347656
2011-02-04,99.79899597167967
2011-02-05,99.79899597167967
2011-02-06,99.79899597167967
2011-02-07,100.42298889160156
2011-02-08,100.87957000732422
2011-02-09,100.6512451171875
2011-02-10,100.68934631347656
2011-02-11,101.29046630859376
2011-02-12,101.29046630859376
2011-02-13,101.29046630859376
2011-02-14,101.53402709960938
2011-02-15,101.21437072753906
2011-02-16,101.85362243652344
2011-02-17,102.15794372558594
2011-02-18,102.37101745605467
2011-02-19,102.37101745605467
2011-02-20,102.37101745605467
2011-02-21,102.37101745605467
2011-02-22,100.31644439697266
2011-02-23,99.7000961303711
2011-02-24,99.63162994384766
2011-02-25,100.69693756103516
2011-02-26,100.69693756103516
2011-02-27,100.69693756103516
2011-02-28,101.32091522216795
2011-03-01,99.63162994384766
2011-03-02,99.84467315673828
2011-03-03,101.5644302368164
2011-03-04,100.803466796875
2011-03-05,100.803466796875
2011-03-06,100.803466796875
2011-03-07,100.01209259033205
2011-03-08,100.88717651367188
2011-03-09,100.7425537109375
2011-03-10,98.87828063964844
2011-03-11,99.56311798095705
2011-03-12,99.56311798095705
2011-03-13,99.56311798095705
2011-03-14,98.96198272705078
2011-03-15,97.82814025878906
2011-03-16,96.01705932617188
2011-03-17,97.28785705566406
2011-03-18,97.64173126220705
2011-03-19,97.64173126220705
2011-03-20,97.64173126220705
2011-03-21,99.15497589111328
2011-03-22,98.81104278564452
2011-03-23,99.09383392333984
2011-03-24,100.04150390625
2011-03-25,100.34718322753906
2011-03-26,100.34718322753906
2011-03-27,100.34718322753906
2011-03-28,100.10260009765624
2011-03-29,100.77515411376952
2011-03-30,101.4706573486328
2011-03-31,101.33306121826172
2011-04-01,101.76107025146484
2011-04-02,101.76107025146484
2011-04-03,101.76107025146484
2011-04-04,101.84515380859376
2011-04-05,101.82988739013672
2011-04-06,102.1508560180664
2011-04-07,101.89102935791016
2011-04-08,101.53944396972656
2011-04-09,101.53944396972656
2011-04-10,101.53944396972656
2011-04-11,101.23371124267578
2011-04-12,100.47710418701172
2011-04-13,100.46949005126952
2011-04-14,100.54591369628906
2011-04-15,100.91272735595705
2011-04-16,100.91272735595705
2011-04-17,100.91272735595705
2011-04-18,99.78165435791016
2011-04-19,100.35482025146484
2011-04-20,101.72283172607422
2011-04-21,102.24256134033205
2011-04-22,102.24256134033205
2011-04-23,102.24256134033205
2011-04-24,102.24256134033205
2011-04-25,102.13558959960938
2011-04-26,103.01445770263672
2011-04-27,103.68701171875
2011-04-28,104.02328491210938
2011-04-29,104.26782989501952
2011-04-30,104.26782989501952
2011-05-01,104.26782989501952
2011-05-02,104.10736083984376
2011-05-03,103.73287963867188
2011-05-04,103.04499053955078
2011-05-05,102.1126480102539
2011-05-06,102.56352996826172
2011-05-07,102.56352996826172
2011-05-08,102.56352996826172
2011-05-09,102.96092987060548
2011-05-10,103.83989715576172
2011-05-11,102.74698638916016
2011-05-12,103.23609924316406
2011-05-13,102.4412612915039
2011-05-14,102.4412612915039
2011-05-15,102.4412612915039
2011-05-16,101.79167175292967
2011-05-17,101.77633666992188
2011-05-18,102.68582916259766
2011-05-19,102.93038177490234
2011-05-20,102.1126480102539
2011-05-21,102.1126480102539
2011-05-22,102.1126480102539
2011-05-23,100.92803955078124
2011-05-24,100.84396362304688
2011-05-25,101.18024444580078
2011-05-26,101.6464614868164
2011-05-27,102.03620147705078
2011-05-28,102.03620147705078
2011-05-29,102.03620147705078
2011-05-30,102.03620147705078
2011-05-31,103.0985336303711
2011-06-01,100.78284454345705
2011-06-02,100.67581176757812
2011-06-03,99.67462921142578
2011-06-04,99.67462921142578
2011-06-05,99.67462921142578
2011-06-06,98.61996459960938
2011-06-07,98.55882263183594
2011-06-08,98.14611053466795
2011-06-09,98.89510345458984
2011-06-10,97.51941680908205
2011-06-11,97.51941680908205
2011-06-12,97.51941680908205
2011-06-13,97.59586334228516
2011-06-14,98.83394622802734
2011-06-15,97.07615661621094
2011-06-16,97.29015350341795
2011-06-17,97.58048248291016
2011-06-18,97.58048248291016
2011-06-19,97.58048248291016
2011-06-20,98.0797119140625
2011-06-21,99.4237823486328
2011-06-22,98.82473754882812
2011-06-23,98.54054260253906
2011-06-24,97.39616394042967
2011-06-25,97.39616394042967
2011-06-26,97.39616394042967
2011-06-27,98.26404571533205
2011-06-28,99.54670715332033
2011-06-29,100.39920806884766
2011-06-30,101.3592758178711
2011-07-01,102.85698699951172
2011-07-02,102.85698699951172
2011-07-03,102.85698699951172
2011-07-04,102.85698699951172
2011-07-05,102.7724838256836
2011-07-06,102.89539337158205
2011-07-07,103.96297454833984
2011-07-08,103.22561645507812
2011-07-09,103.22561645507812
2011-07-10,103.22561645507812
2011-07-11,101.3592758178711
2011-07-12,100.9214859008789
2011-07-13,101.2593994140625
2011-07-14,100.56045532226562
2011-07-15,101.14421081542967
2011-07-16,101.14421081542967
2011-07-17,101.14421081542967
2011-07-18,100.3147430419922
2011-07-19,101.94297790527344
2011-07-20,101.88156127929688
2011-07-21,103.29476165771484
2011-07-22,103.3638687133789
2011-07-23,103.3638687133789
2011-07-24,103.3638687133789
2011-07-25,102.78781127929688
2011-07-26,102.40381622314452
2011-07-27,100.30706787109376
2011-07-28,100.01522064208984
2011-07-29,99.33165740966795
2011-07-30,99.33165740966795
2011-07-31,99.33165740966795
2011-08-01,98.9092025756836
2011-08-02,96.38230895996094
2011-08-03,96.90460205078124
2011-08-04,92.3654556274414
2011-08-05,92.22720336914062
2011-08-06,92.22720336914062
2011-08-07,92.22720336914062
2011-08-08,86.22107696533203
2011-08-09,90.2302703857422
2011-08-10,86.24409484863281
2011-08-11,90.11507415771484
2011-08-12,90.72180938720705
2011-08-13,90.72180938720705
2011-08-14,90.72180938720705
2011-08-15,92.6419677734375
2011-08-16,91.850830078125
2011-08-17,91.91228485107422
2011-08-18,87.94918060302734
2011-08-19,86.51292419433594
2011-08-20,86.51292419433594
2011-08-21,86.51292419433594
2011-08-22,86.58204650878906
2011-08-23,89.43148040771484
2011-08-24,90.69107818603516
2011-08-25,89.3086166381836
2011-08-26,90.60659790039062
2011-08-27,90.60659790039062
2011-08-28,90.60659790039062
2011-08-29,93.21029663085938
2011-08-30,93.45606231689452
2011-08-31,93.87081146240234
2011-09-01,92.88772583007812
2011-09-02,90.51444244384766
2011-09-03,90.51444244384766
2011-09-04,90.51444244384766
2011-09-05,90.51444244384766
2011-09-06,89.85391235351562
2011-09-07,92.38846588134766
2011-09-08,91.42841339111328
2011-09-09,89.03211212158203
2011-09-10,89.03211212158203
2011-09-11,89.03211212158203
2011-09-12,89.6081314086914
2011-09-13,90.42999267578124
2011-09-14,91.681884765625
2011-09-15,93.26407623291016
2011-09-16,93.81604766845705
2011-09-17,93.81604766845705
2011-09-18,93.81604766845705
2011-09-19,92.8818817138672
2011-09-20,92.77381134033205
2011-09-21,90.04083251953125
2011-09-22,87.13035583496094
2011-09-23,87.65534210205078
2011-09-24,87.65534210205078
2011-09-25,87.65534210205078
2011-09-26,89.73975372314453
2011-09-27,90.74339294433594
2011-09-28,88.89054107666016
2011-09-29,89.59309387207031
2011-09-30,87.3542251586914
2011-10-01,87.3542251586914
2011-10-02,87.3542251586914
2011-10-03,84.86829376220703
2011-10-04,86.72887420654297
2011-10-05,88.33470153808594
2011-10-06,89.93278503417969
2011-10-07,89.33061981201172
2011-10-08,89.33061981201172
2011-10-09,89.33061981201172
2011-10-10,92.31832122802734
2011-10-11,92.41095733642578
2011-10-12,93.22158813476562
2011-10-13,93.03628540039062
2011-10-14,94.62667083740234
2011-10-15,94.62667083740234
2011-10-16,94.62667083740234
2011-10-17,92.82015228271484
2011-10-18,94.6343994140625
2011-10-19,93.51495361328124
2011-10-20,93.92414093017578
2011-10-21,95.70746612548828
2011-10-22,95.70746612548828
2011-10-23,95.70746612548828
2011-10-24,96.88097381591795
2011-10-25,94.99726104736328
2011-10-26,95.96228790283205
2011-10-27,99.3051528930664
2011-10-28,99.28195190429688
2011-10-29,99.28195190429688
2011-10-30,99.28195190429688
2011-10-31,96.888671875
2011-11-01,94.1866226196289
2011-11-02,95.7229461669922
2011-11-03,97.46771240234376
2011-11-04,96.8732452392578
2011-11-05,96.8732452392578
2011-11-06,96.8732452392578
2011-11-07,97.47545623779295
2011-11-08,98.72610473632812
2011-11-09,95.0821533203125
2011-11-10,95.97771453857422
2011-11-11,97.7842254638672
2011-11-12,97.7842254638672
2011-11-13,97.7842254638672
2011-11-14,96.85779571533205
2011-11-15,97.33648681640624
2011-11-16,95.79239654541016
2011-11-17,94.27155303955078
2011-11-18,94.17115020751952
2011-11-19,94.17115020751952
2011-11-20,94.17115020751952
2011-11-21,92.3800811767578
2011-11-22,92.01724243164062
2011-11-23,89.98683166503906
2011-11-24,89.98683166503906
2011-11-25,89.81696319580078
2011-11-26,89.81696319580078
2011-11-27,89.81696319580078
2011-11-28,92.4186782836914
2011-11-29,92.68119049072266
2011-11-30,96.49498748779295
2011-12-01,96.47953033447266
2011-12-02,96.39458465576172
2011-12-03,96.39458465576172
2011-12-04,96.39458465576172
2011-12-05,97.44456481933594
2011-12-06,97.47545623779295
2011-12-07,97.83830261230467
2011-12-08,95.69206237792967
2011-12-09,97.31331634521484
2011-12-10,97.31331634521484
2011-12-11,97.31331634521484
2011-12-12,95.89278411865234
2011-12-13,94.99726104736328
2011-12-14,93.9858856201172
2011-12-15,94.3255844116211
2011-12-16,94.4654312133789
2011-12-17,94.4654312133789
2011-12-18,94.4654312133789
2011-12-19,93.4554443359375
2011-12-20,96.28343963623048
2011-12-21,96.46986389160156
2011-12-22,97.3244857788086
2011-12-23,98.19465637207033
2011-12-24,98.19465637207033
2011-12-25,98.19465637207033
2011-12-26,98.19465637207033
2011-12-27,98.27233123779295
2011-12-28,96.98265075683594
2011-12-29,97.9848403930664
2011-12-30,97.503173828125
2011-12-31,97.503173828125
2012-01-01,97.503173828125
2012-01-02,97.503173828125
2012-01-03,99.05699920654295
2012-01-04,99.21238708496094
2012-01-05,99.47655487060548
2012-01-06,99.2201919555664
2012-01-07,99.2201919555664
2012-01-08,99.2201919555664
2012-01-09,99.46099853515624
2012-01-10,100.32340240478516
2012-01-11,100.37776184082033
2012-01-12,100.61859130859376
2012-01-13,100.09807586669922
2012-01-14,100.09807586669922
2012-01-15,100.09807586669922
2012-01-16,100.09807586669922
2012-01-17,100.48654174804688
2012-01-18,101.5975341796875
2012-01-19,102.13363647460938
2012-01-20,102.51428985595705
2012-01-21,102.51428985595705
2012-01-22,102.51428985595705
2012-01-23,102.25012969970705
2012-01-24,102.13363647460938
2012-01-25,102.98818969726562
2012-01-26,102.45988464355467
2012-01-27,102.41331481933594
2012-01-28,102.41331481933594
2012-01-29,102.41331481933594
2012-01-30,102.06368255615234
2012-01-31,102.0248565673828
2012-02-01,102.91832733154295
2012-02-02,103.08145904541016
2012-02-03,104.52651977539062
2012-02-04,104.52651977539062
2012-02-05,104.52651977539062
2012-02-06,104.4565887451172
2012-02-07,104.72071075439452
2012-02-08,105.03147888183594
2012-02-09,105.1635971069336
2012-02-10,104.38668060302734
2012-02-11,104.38668060302734
2012-02-12,104.38668060302734
2012-02-13,105.1635971069336
2012-02-14,105.03147888183594
2012-02-15,104.54206085205078
2012-02-16,105.69967651367188
2012-02-17,105.97933959960938
2012-02-18,105.97933959960938
2012-02-19,105.97933959960938
2012-02-20,105.97933959960938
2012-02-21,106.02597045898438
2012-02-22,105.6841049194336
2012-02-23,106.15028381347656
2012-02-24,106.38335418701172
2012-02-25,106.38335418701172
2012-02-26,106.38335418701172
2012-02-27,106.56201934814452
2012-02-28,106.87281036376952
2012-02-29,106.45330047607422
2012-03-01,107.00489044189452
2012-03-02,106.6786117553711
2012-03-03,106.6786117553711
2012-03-04,106.6786117553711
2012-03-05,106.24347686767578
2012-03-06,104.68965911865234
2012-03-07,105.41996002197266
2012-03-08,106.4687728881836
2012-03-09,106.88058471679688
2012-03-10,106.88058471679688
2012-03-11,106.88058471679688
2012-03-12,106.88835144042967
2012-03-13,108.81509399414062
2012-03-14,108.69857025146484
2012-03-15,109.32786560058594
2012-03-16,109.47925567626952
2012-03-17,109.47925567626952
2012-03-18,109.47925567626952
2012-03-19,109.9084014892578
2012-03-20,109.58848571777344
2012-03-21,109.40902709960938
2012-03-22,108.62090301513672
2012-03-23,108.97205352783205
2012-03-24,108.97205352783205
2012-03-25,108.97205352783205
2012-03-26,110.5014419555664
2012-03-27,110.15812683105467
2012-03-28,109.6119155883789
2012-03-29,109.42461395263672
2012-03-30,109.87715911865234
2012-03-31,109.87715911865234
2012-04-01,109.87715911865234
2012-04-02,110.6809310913086
2012-04-03,110.22840118408205
2012-04-04,109.13592529296876
2012-04-05,109.081298828125
2012-04-06,109.081298828125
2012-04-07,109.081298828125
2012-04-08,109.081298828125
2012-04-09,107.8561782836914
2012-04-10,106.04580688476562
2012-04-11,106.90421295166016
2012-04-12,108.30094146728516
2012-04-13,107.01345825195312
2012-04-14,107.01345825195312
2012-04-15,107.01345825195312
2012-04-16,106.94317626953124
2012-04-17,108.5272445678711
2012-04-18,108.1604995727539
2012-04-19,107.4660415649414
2012-04-20,107.6455078125
2012-04-21,107.6455078125
2012-04-22,107.6455078125
2012-04-23,106.74029541015624
2012-04-24,107.14607238769533
2012-04-25,108.61310577392578
2012-04-26,109.37003326416016
2012-04-27,109.54949188232422
2012-04-28,109.54949188232422
2012-04-29,109.54949188232422
2012-04-30,109.14370727539062
2012-05-01,109.82257843017578
2012-05-02,109.49485778808594
2012-05-03,108.6598892211914
2012-05-04,106.90421295166016
2012-05-05,106.90421295166016
2012-05-06,106.90421295166016
2012-05-07,106.9822235107422
2012-05-08,106.5530242919922
2012-05-09,105.92098999023438
2012-05-10,106.13949584960938
2012-05-11,105.81952667236328
2012-05-12,105.81952667236328
2012-05-13,105.81952667236328
2012-05-14,104.64906311035156
2012-05-15,104.04818725585938
2012-05-16,103.65023040771484
2012-05-17,102.11299896240234
2012-05-18,101.23905181884766
2012-05-19,101.23905181884766
2012-05-20,101.23905181884766
2012-05-21,102.9792022705078
2012-05-22,103.15863800048828
2012-05-23,103.2132339477539
2012-05-24,103.41610717773438
2012-05-25,103.08061981201172
2012-05-26,103.08061981201172
2012-05-27,103.08061981201172
2012-05-28,103.08061981201172
2012-05-29,104.32913208007812
2012-05-30,102.81527709960938
2012-05-31,102.58902740478516
2012-06-01,100.0061264038086
2012-06-02,100.0061264038086
2012-06-03,100.0061264038086
2012-06-04,99.95928192138672
2012-06-05,100.71624755859376
2012-06-06,102.9792022705078
2012-06-07,103.04157257080078
2012-06-08,103.86092376708984
2012-06-09,103.86092376708984
2012-06-10,103.86092376708984
2012-06-11,102.54219818115234
2012-06-12,103.720458984375
2012-06-13,103.05721282958984
2012-06-14,104.14962768554688
2012-06-15,105.2148208618164
2012-06-16,105.2148208618164
2012-06-17,105.2148208618164
2012-06-18,105.41873168945312
2012-06-19,106.43841552734376
2012-06-20,106.2658920288086
2012-06-21,103.88134002685548
2012-06-22,104.68146514892578
2012-06-23,104.68146514892578
2012-06-24,104.68146514892578
2012-06-25,103.00291442871094
2012-06-26,103.52059173583984
2012-06-27,104.45396423339844
2012-06-28,104.15591430664062
2012-06-29,106.7521514892578
2012-06-30,106.7521514892578
2012-07-01,106.7521514892578
2012-07-02,107.07374572753906
2012-07-03,107.7796859741211
2012-07-04,107.7796859741211
2012-07-05,107.2933578491211
2012-07-06,106.2737274169922
2012-07-07,106.2737274169922
2012-07-08,106.2737274169922
2012-07-09,106.14036560058594
2012-07-10,105.2148208618164
2012-07-11,105.23048400878906
2012-07-12,104.72064208984376
2012-07-13,106.47760772705078
2012-07-14,106.47760772705078
2012-07-15,106.47760772705078
2012-07-16,106.22665405273438
2012-07-17,106.9560775756836
2012-07-18,107.74828338623048
2012-07-19,108.03069305419922
2012-07-20,107.04239654541016
2012-07-21,107.04239654541016
2012-07-22,107.04239654541016
2012-07-23,105.9599609375
2012-07-24,105.0500946044922
2012-07-25,105.0736083984375
2012-07-26,106.80709075927734
2012-07-27,108.77582550048828
2012-07-28,108.77582550048828
2012-07-29,108.77582550048828
2012-07-30,108.77582550048828
2012-07-31,108.01495361328124
2012-08-01,107.92084503173828
2012-08-02,107.17571258544922
2012-08-03,109.30136108398438
2012-08-04,109.30136108398438
2012-08-05,109.30136108398438
2012-08-06,109.51309204101562
2012-08-07,110.0622329711914
2012-08-08,110.19557189941406
2012-08-09,110.28963470458984
2012-08-10,110.47005462646484
2012-08-11,110.47005462646484
2012-08-12,110.47005462646484
2012-08-13,110.41513061523438
2012-08-14,110.43087005615234
2012-08-15,110.55632019042967
2012-08-16,111.3720932006836
2012-08-17,111.52111053466795
2012-08-18,111.52111053466795
2012-08-19,111.52111053466795
2012-08-20,111.52896118164062
2012-08-21,111.19164276123048
2012-08-22,111.23876953125
2012-08-23,110.32884216308594
2012-08-24,110.99557495117188
2012-08-25,110.99557495117188
2012-08-26,110.99557495117188
2012-08-27,111.01912689208984
2012-08-28,110.90927124023438
2012-08-29,110.99557495117188
2012-08-30,110.19557189941406
2012-08-31,110.72107696533205
2012-09-01,110.72107696533205
2012-09-02,110.72107696533205
2012-09-03,110.72107696533205
2012-09-04,110.61908721923828
2012-09-05,110.52500915527344
2012-09-06,112.76829528808594
2012-09-07,113.20751190185548
2012-09-08,113.20751190185548
2012-09-09,113.20751190185548
2012-09-10,112.56428527832033
2012-09-11,112.8780517578125
2012-09-12,113.25458526611328
2012-09-13,114.98017120361328
2012-09-14,115.49002838134766
2012-09-15,115.49002838134766
2012-09-16,115.49002838134766
2012-09-17,115.09783172607422
2012-09-18,115.00370025634766
2012-09-19,115.06643676757812
2012-09-20,115.07429504394533
2012-09-21,115.02618408203124
2012-09-22,115.02618408203124
2012-09-23,115.02618408203124
2012-09-24,114.85275268554688
2012-09-25,113.6304702758789
2012-09-26,112.99175262451172
2012-09-27,114.0562973022461
2012-09-28,113.52794647216795
2012-09-29,113.52794647216795
2012-09-30,113.52794647216795
2012-10-01,113.82757568359376
2012-10-02,113.9458236694336
2012-10-03,114.41107177734376
2012-10-04,115.231201171875
2012-10-05,115.23908233642578
2012-10-06,115.23908233642578
2012-10-07,115.23908233642578
2012-10-08,114.84484100341795
2012-10-09,113.70928192138672
2012-10-10,112.98385620117188
2012-10-11,113.0468978881836
2012-10-12,112.67627716064452
2012-10-13,112.67627716064452
2012-10-14,112.67627716064452
2012-10-15,113.61467742919922
2012-10-16,114.7659912109375
2012-10-17,115.28640747070312
2012-10-18,114.98676300048828
2012-10-19,113.07057189941406
2012-10-20,113.07057189941406
2012-10-21,113.07057189941406
2012-10-22,113.08633422851562
2012-10-23,111.5171127319336
2012-10-24,111.20169830322266
2012-10-25,111.5250015258789
2012-10-26,111.46195220947266
2012-10-27,111.46195220947266
2012-10-28,111.46195220947266
2012-10-29,111.46195220947266
2012-10-30,111.46195220947266
2012-10-31,111.46195220947266
2012-11-01,112.62898254394533
2012-11-02,111.6275405883789
2012-11-03,111.6275405883789
2012-11-04,111.6275405883789
2012-11-05,111.85620880126952
2012-11-06,112.73155212402344
2012-11-07,110.17655181884766
2012-11-08,108.85182189941406
2012-11-09,108.94647216796876
2012-11-10,108.94647216796876
2012-11-11,108.94647216796876
2012-11-12,109.03321075439452
2012-11-13,108.6546859741211
2012-11-14,107.1879653930664
2012-11-15,107.00659942626952
2012-11-16,107.53492736816406
2012-11-17,107.53492736816406
2012-11-18,107.53492736816406
2012-11-19,109.71137237548828
2012-11-20,109.75868225097656
2012-11-21,109.96369171142578
2012-11-22,109.96369171142578
2012-11-23,111.46195220947266
2012-11-24,111.46195220947266
2012-11-25,111.46195220947266
2012-11-26,111.22537994384766
2012-11-27,110.65757751464844
2012-11-28,111.54866790771484
2012-11-29,112.06908416748048
2012-11-30,112.0927734375
2012-12-01,112.0927734375
2012-12-02,112.0927734375
2012-12-03,111.54074096679688
2012-12-04,111.38306427001952
2012-12-05,111.5802230834961
2012-12-06,111.9587173461914
2012-12-07,112.29777526855467
2012-12-08,112.29777526855467
2012-12-09,112.29777526855467
2012-12-10,112.34508514404295
2012-12-11,113.11001586914062
2012-12-12,113.16516876220705
2012-12-13,112.47127532958984
2012-12-14,112.05338287353516
2012-12-15,112.05338287353516
2012-12-16,112.05338287353516
2012-12-17,113.3702621459961
2012-12-18,114.63192749023438
2012-12-19,113.78030395507812
2012-12-20,114.43477630615234
2012-12-21,113.39605712890624
2012-12-22,113.39605712890624
2012-12-23,113.39605712890624
2012-12-24,113.04663848876952
2012-12-25,113.04663848876952
2012-12-26,112.57015228271484
2012-12-27,112.41926574707033
2012-12-28,111.20419311523438
2012-12-29,111.20419311523438
2012-12-30,111.20419311523438
2012-12-31,113.0942153930664
2013-01-01,113.0942153930664
2013-01-02,115.99292755126952
2013-01-03,115.73086547851562
2013-01-04,116.2390365600586
2013-01-05,116.2390365600586
2013-01-06,116.2390365600586
2013-01-07,115.9214096069336
2013-01-08,115.58788299560548
2013-01-09,115.88170623779295
2013-01-10,116.80292510986328
2013-01-11,116.7949676513672
2013-01-12,116.7949676513672
2013-01-13,116.7949676513672
2013-01-14,116.71559143066406
2013-01-15,116.7949676513672
2013-01-16,116.7790756225586
2013-01-17,117.53357696533205
2013-01-18,117.79561614990234
2013-01-19,117.79561614990234
2013-01-20,117.79561614990234
2013-01-21,117.79561614990234
2013-01-22,118.43092346191406
2013-01-23,118.62149810791016
2013-01-24,118.6533203125
2013-01-25,119.32036590576172
2013-01-26,119.32036590576172
2013-01-27,119.32036590576172
2013-01-28,119.1773910522461
2013-01-29,119.6459503173828
2013-01-30,119.1773910522461
2013-01-31,118.88357543945312
2013-02-01,120.10655975341795
2013-02-02,120.10655975341795
2013-02-03,120.10655975341795
2013-02-04,118.75652313232422
2013-02-05,119.95572662353516
2013-02-06,120.04302978515624
2013-02-07,119.8842315673828
2013-02-08,120.55127716064452
2013-02-09,120.55127716064452
2013-02-10,120.55127716064452
2013-02-11,120.52745056152344
2013-02-12,120.72601318359376
2013-02-13,120.8292465209961
2013-02-14,120.9404067993164
2013-02-15,120.79742431640624
2013-02-16,120.79742431640624
2013-02-17,120.79742431640624
2013-02-18,120.79742431640624
2013-02-19,121.70278930664062
2013-02-20,120.1859893798828
2013-02-21,119.4553680419922
2013-02-22,120.62278747558594
2013-02-23,120.62278747558594
2013-02-24,120.62278747558594
2013-02-25,118.32770538330078
2013-02-26,119.13772583007812
2013-02-27,120.63858795166016
2013-02-28,120.4004135131836
2013-03-01,120.79742431640624
2013-03-02,120.79742431640624
2013-03-03,120.79742431640624
2013-03-04,121.44073486328124
2013-03-05,122.52869415283205
2013-03-06,122.69544982910156
2013-03-07,122.91783905029295
2013-03-08,123.44192504882812
2013-03-09,123.44192504882812
2013-03-10,123.44192504882812
2013-03-11,123.9105453491211
2013-03-12,123.63256072998048
2013-03-13,123.80725860595705
2013-03-14,124.46641540527344
2013-03-15,124.3021469116211
2013-03-16,124.3021469116211
2013-03-17,124.3021469116211
2013-03-18,123.6161117553711
2013-03-19,123.32892608642578
2013-03-20,124.1903839111328
2013-03-21,123.12956237792967
2013-03-22,124.1186065673828
2013-03-23,124.1186065673828
2013-03-24,124.1186065673828
2013-03-25,123.6001205444336
2013-03-26,124.58929443359376
2013-03-27,124.58929443359376
2013-03-28,124.97215270996094
2013-03-29,124.97215270996094
2013-03-30,124.97215270996094
2013-03-31,124.97215270996094
2013-04-01,124.47760772705078
2013-04-02,125.09180450439452
2013-04-03,123.8235092163086
2013-04-04,124.3260269165039
2013-04-05,123.76766967773438
2013-04-06,123.76766967773438
2013-04-07,123.76766967773438
2013-04-08,124.6052474975586
2013-04-09,125.03597259521484
2013-04-10,126.56755065917967
2013-04-11,126.98228454589844
2013-04-12,126.67119598388672
2013-04-13,126.67119598388672
2013-04-14,126.67119598388672
2013-04-15,123.73572540283205
2013-04-16,125.56238555908205
2013-04-17,123.72772979736328
2013-04-18,122.95399475097656
2013-04-19,124.02294158935548
2013-04-20,124.02294158935548
2013-04-21,124.02294158935548
2013-04-22,124.57331848144533
2013-04-23,125.85758972167967
2013-04-24,125.93733978271484
2013-04-25,126.44786071777344
2013-04-26,126.22452545166016
2013-04-27,126.22452545166016
2013-04-28,126.22452545166016
2013-04-29,127.07005310058594
2013-04-30,127.37310791015624
2013-05-01,126.25641632080078
2013-05-02,127.4290008544922
2013-05-03,128.72117614746094
2013-05-04,128.72117614746094
2013-05-05,128.72117614746094
2013-05-06,129.0482635498047
2013-05-07,129.70242309570312
2013-05-08,130.29270935058594
2013-05-09,129.9257354736328
2013-05-10,130.34852600097656
2013-05-11,130.34852600097656
2013-05-12,130.34852600097656
2013-05-13,130.45216369628906
2013-05-14,131.80020141601562
2013-05-15,132.51022338867188
2013-05-16,131.88800048828125
2013-05-17,133.16429138183594
2013-05-18,133.16429138183594
2013-05-19,133.16429138183594
2013-05-20,133.1562957763672
2013-05-21,133.3477325439453
2013-05-22,132.35865783691406
2013-05-23,131.97573852539062
2013-05-24,131.8640899658203
2013-05-25,131.8640899658203
2013-05-26,131.8640899658203
2013-05-27,131.8640899658203
2013-05-28,132.65377807617188
2013-05-29,131.7923126220703
2013-05-30,132.2788543701172
2013-05-31,130.38037109375
2013-06-01,130.38037109375
2013-06-02,130.38037109375
2013-06-03,131.0983123779297
2013-06-04,130.4681854248047
2013-06-05,128.64146423339844
2013-06-06,129.80606079101562
2013-06-07,131.4573211669922
2013-06-08,131.4573211669922
2013-06-09,131.4573211669922
2013-06-10,131.4573211669922
2013-06-11,130.10125732421875
2013-06-12,129.02432250976562
2013-06-13,130.9866180419922
2013-06-14,130.1650848388672
2013-06-15,130.1650848388672
2013-06-16,130.1650848388672
2013-06-17,131.170166015625
2013-06-18,132.2071075439453
2013-06-19,130.38037109375
2013-06-20,127.14981842041016
2013-06-21,127.55797576904295
2013-06-22,127.55797576904295
2013-06-23,127.55797576904295
2013-06-24,125.9461669921875
2013-06-25,127.1570281982422
2013-06-26,128.4159698486328
2013-06-27,129.1698455810547
2013-06-28,128.6405487060547
2013-06-29,128.6405487060547
2013-06-30,128.6405487060547
2013-07-01,129.39439392089844
2013-07-02,129.27403259277344
2013-07-03,129.33018493652344
2013-07-04,129.33018493652344
2013-07-05,130.72544860839844
2013-07-06,130.72544860839844
2013-07-07,130.72544860839844
2013-07-08,131.4712371826172
2013-07-09,132.41748046875
2013-07-10,132.46554565429688
2013-07-11,134.26991271972656
2013-07-12,134.32598876953125
2013-07-13,134.32598876953125
2013-07-14,134.32598876953125
2013-07-15,134.8392791748047
2013-07-16,134.33401489257812
2013-07-17,134.67881774902344
2013-07-18,135.4166259765625
2013-07-19,135.65713500976562
2013-07-20,135.65713500976562
2013-07-21,135.65713500976562
2013-07-22,135.92181396484375
2013-07-23,135.6331024169922
2013-07-24,135.13595581054688
2013-07-25,135.46473693847656
2013-07-26,135.6090850830078
2013-07-27,135.6090850830078
2013-07-28,135.6090850830078
2013-07-29,135.1920166015625
2013-07-30,135.1920166015625
2013-07-31,135.2882537841797
2013-08-01,136.85198974609375
2013-08-02,137.0845489501953
2013-08-03,137.0845489501953
2013-08-04,137.0845489501953
2013-08-05,136.88404846191406
2013-08-06,136.10618591308594
2013-08-07,135.6651611328125
2013-08-08,136.162353515625
2013-08-09,135.76939392089844
2013-08-10,135.76939392089844
2013-08-11,135.76939392089844
2013-08-12,135.6090850830078
2013-08-13,136.010009765625
2013-08-14,135.3123321533203
2013-08-15,133.4198760986328
2013-08-16,132.97877502441406
2013-08-17,132.97877502441406
2013-08-18,132.97877502441406
2013-08-19,132.12875366210938
2013-08-20,132.77830505371094
2013-08-21,131.96038818359375
2013-08-22,133.16319274902344
2013-08-23,133.61228942871094
2013-08-24,133.61228942871094
2013-08-25,133.61228942871094
2013-08-26,133.11512756347656
2013-08-27,130.97409057617188
2013-08-28,131.4391632080078
2013-08-29,131.647705078125
2013-08-30,131.23065185546875
2013-08-31,131.23065185546875
2013-09-01,131.23065185546875
2013-09-02,131.23065185546875
2013-09-03,131.8240509033203
2013-09-04,132.9147186279297
2013-09-05,133.0830535888672
2013-09-06,133.147216796875
2013-09-07,133.147216796875
2013-09-08,133.147216796875
2013-09-09,134.42222595214844
2013-09-10,135.4166259765625
2013-09-11,135.8415985107422
2013-09-12,135.48077392578125
2013-09-13,135.78546142578125
2013-09-14,135.78546142578125
2013-09-15,135.78546142578125
2013-09-16,136.57130432128906
2013-09-17,137.18077087402344
2013-09-18,138.7685089111328
2013-09-19,138.53594970703125
2013-09-20,137.5673828125
2013-09-21,137.5673828125
2013-09-22,137.5673828125
2013-09-23,136.9307861328125
2013-09-24,136.6084747314453
2013-09-25,136.2136688232422
2013-09-26,136.73744201660156
2013-09-27,136.10882568359375
2013-09-28,136.10882568359375
2013-09-29,136.10882568359375
2013-09-30,135.3836669921875
2013-10-01,136.45535278320312
2013-10-02,136.3264617919922
2013-10-03,135.06944274902344
2013-10-04,136.0928192138672
2013-10-05,136.0928192138672
2013-10-06,136.0928192138672
2013-10-07,134.91627502441406
2013-10-08,133.34490966796875
2013-10-09,133.44163513183594
2013-10-10,136.31837463378906
2013-10-11,137.19667053222656
2013-10-12,137.19667053222656
2013-10-13,137.19667053222656
2013-10-14,137.74465942382812
2013-10-15,136.7454833984375
2013-10-16,138.6552276611328
2013-10-17,139.58192443847656
2013-10-18,140.52471923828125
2013-10-19,140.52471923828125
2013-10-20,140.52471923828125
2013-10-21,140.5327606201172
2013-10-22,141.3466033935547
2013-10-23,140.6697235107422
2013-10-24,141.13710021972656
2013-10-25,141.78173828125
2013-10-26,141.78173828125
2013-10-27,141.78173828125
2013-10-28,142.00735473632812
2013-10-29,142.76486206054688
2013-10-30,142.0557403564453
2013-10-31,141.65277099609375
2013-11-01,141.99130249023438
2013-11-02,141.99130249023438
2013-11-03,141.99130249023438
2013-11-04,142.49087524414062
2013-11-05,142.03965759277344
2013-11-06,142.76486206054688
2013-11-07,140.9598388671875
2013-11-08,142.86154174804688
2013-11-09,142.86154174804688
2013-11-10,142.86154174804688
2013-11-11,142.88568115234375
2013-11-12,142.59559631347656
2013-11-13,143.73988342285156
2013-11-14,144.45704650878906
2013-11-15,145.08560180664062
2013-11-16,145.08560180664062
2013-11-17,145.08560180664062
2013-11-18,144.57794189453125
2013-11-19,144.263671875
2013-11-20,143.8123779296875
2013-11-21,144.97271728515625
2013-11-22,145.69798278808594
2013-11-23,145.69798278808594
2013-11-24,145.69798278808594
2013-11-25,145.55300903320312
2013-11-26,145.59324645996094
2013-11-27,145.9478302001953
2013-11-28,145.9478302001953
2013-11-29,145.85110473632812
2013-11-30,145.85110473632812
2013-12-01,145.85110473632812
2013-12-02,145.47238159179688
2013-12-03,144.84385681152344
2013-12-04,144.82772827148438
2013-12-05,144.19105529785156
2013-12-06,145.80279541015625
2013-12-07,145.80279541015625
2013-12-08,145.80279541015625
2013-12-09,146.1733856201172
2013-12-10,145.64962768554688
2013-12-11,144.0138702392578
2013-12-12,143.53842163085938
2013-12-13,143.52230834960938
2013-12-14,143.52230834960938
2013-12-15,143.52230834960938
2013-12-16,144.41676330566406
2013-12-17,143.95745849609375
2013-12-18,146.41517639160156
2013-12-19,146.2459259033203
2013-12-20,147.09658813476562
2013-12-21,147.09658813476562
2013-12-22,147.09658813476562
2013-12-23,147.88253784179688
2013-12-24,148.20654296875
2013-12-25,148.20654296875
2013-12-26,148.9600830078125
2013-12-27,148.9519500732422
2013-12-28,148.9519500732422
2013-12-29,148.9519500732422
2013-12-30,148.92764282226562
2013-12-31,149.6324920654297
2014-01-01,149.6324920654297
2014-01-02,148.19850158691406
2014-01-03,148.17416381835938
2014-01-04,148.17416381835938
2014-01-05,148.17416381835938
2014-01-06,147.74473571777344
2014-01-07,148.65219116210938
2014-01-08,148.6845703125
2014-01-09,148.7817840576172
2014-01-10,149.18687438964844
2014-01-11,149.18687438964844
2014-01-12,149.18687438964844
2014-01-13,147.20199584960938
2014-01-14,148.80612182617188
2014-01-15,149.60818481445312
2014-01-16,149.4137420654297
2014-01-17,148.7817840576172
2014-01-18,148.7817840576172
2014-01-19,148.7817840576172
2014-01-20,148.7817840576172
2014-01-21,149.21934509277344
2014-01-22,149.3165283203125
2014-01-23,148.09312438964844
2014-01-24,144.93345642089844
2014-01-25,144.93345642089844
2014-01-26,144.93345642089844
2014-01-27,144.2205047607422
2014-01-28,145.0792694091797
2014-01-29,143.68577575683594
2014-01-30,145.2089080810547
2014-01-31,144.3582000732422
2014-02-01,144.3582000732422
2014-02-02,144.3582000732422
2014-02-03,141.10939025878906
2014-02-04,142.09780883789062
2014-02-05,141.91957092285156
2014-02-06,143.7910614013672
2014-02-07,145.5734405517578
2014-02-08,145.5734405517578
2014-02-09,145.5734405517578
2014-02-10,145.84080505371094
2014-02-11,147.43690490722656
2014-02-12,147.50978088378906
2014-02-13,148.27142333984375
2014-02-14,149.08970642089844
2014-02-15,149.08970642089844
2014-02-16,149.08970642089844
2014-02-17,149.08970642089844
2014-02-18,149.26792907714844
2014-02-19,148.2794647216797
2014-02-20,149.1544952392578
2014-02-21,148.98431396484375
2014-02-22,148.98431396484375
2014-02-23,148.98431396484375
2014-02-24,149.81076049804688
2014-02-25,149.75401306152344
2014-02-26,149.76214599609375
2014-02-27,150.54798889160156
2014-02-28,150.92880249023438
2014-03-01,150.92880249023438
2014-03-02,150.92880249023438
2014-03-03,149.86744689941406
2014-03-04,151.9739227294922
2014-03-05,152.11163330078125
2014-03-06,152.4600067138672
2014-03-07,152.5248260498047
2014-03-08,152.5248260498047
2014-03-09,152.5248260498047
2014-03-10,152.44384765625
2014-03-11,151.6903533935547
2014-03-12,151.73086547851562
2014-03-13,150.0294647216797
2014-03-14,149.60818481445312
2014-03-15,149.60818481445312
2014-03-16,149.60818481445312
2014-03-17,150.96116638183594
2014-03-18,152.03868103027344
2014-03-19,151.22857666015625
2014-03-20,152.11163330078125
2014-03-21,151.52162170410156
2014-03-22,151.52162170410156
2014-03-23,151.52162170410156
2014-03-24,150.8950653076172
2014-03-25,151.61119079589844
2014-03-26,150.52078247070312
2014-03-27,150.20335388183594
2014-03-28,150.94387817382812
2014-03-29,150.94387817382812
2014-03-30,150.94387817382812
2014-03-31,152.1808624267578
2014-04-01,153.18984985351562
2014-04-02,153.70257568359375
2014-04-03,153.49908447265625
2014-04-04,151.6844940185547
2014-04-05,151.6844940185547
2014-04-06,151.6844940185547
2014-04-07,150.00811767578125
2014-04-08,150.6265411376953
2014-04-09,152.24586486816406
2014-04-10,149.04782104492188
2014-04-11,147.70513916015625
2014-04-12,147.70513916015625
2014-04-13,147.70513916015625
2014-04-14,148.86886596679688
2014-04-15,149.8941192626953
2014-04-16,151.46473693847656
2014-04-17,151.6763153076172
2014-04-18,151.6763153076172
2014-04-19,151.6763153076172
2014-04-20,151.6763153076172
2014-04-21,152.20521545410156
2014-04-22,152.8969268798828
2014-04-23,152.53890991210938
2014-04-24,152.84808349609375
2014-04-25,151.59490966796875
2014-04-26,151.59490966796875
2014-04-27,151.59490966796875
2014-04-28,152.07498168945312
2014-04-29,152.78297424316406
2014-04-30,153.2386932373047
2014-05-01,153.25498962402344
2014-05-02,153.03526306152344
2014-05-03,153.03526306152344
2014-05-04,153.03526306152344
2014-05-05,153.3282012939453
2014-05-06,151.99366760253906
2014-05-07,152.8887939453125
2014-05-08,152.72598266601562
2014-05-09,152.9539031982422
2014-05-10,152.9539031982422
2014-05-11,152.9539031982422
2014-05-12,154.4430694580078
2014-05-13,154.58139038085938
2014-05-14,153.84902954101562
2014-05-15,152.4982452392578
2014-05-16,153.02708435058594
2014-05-17,153.02708435058594
2014-05-18,153.02708435058594
2014-05-19,153.58863830566406
2014-05-20,152.62022399902344
2014-05-21,153.90602111816406
2014-05-22,154.28030395507812
2014-05-23,154.8987579345703
2014-05-24,154.8987579345703
2014-05-25,154.8987579345703
2014-05-26,154.8987579345703
2014-05-27,155.85086059570312
2014-05-28,155.73692321777344
2014-05-29,156.54257202148438
2014-05-30,156.79481506347656
2014-05-31,156.79481506347656
2014-06-01,156.79481506347656
2014-06-02,156.97386169433594
2014-06-03,156.8925018310547
2014-06-04,157.20980834960938
2014-06-05,158.23513793945312
2014-06-06,158.99197387695312
2014-06-07,158.99197387695312
2014-06-08,158.99197387695312
2014-06-09,159.1547393798828
2014-06-10,159.1710205078125
2014-06-11,158.6175994873047
2014-06-12,157.49465942382812
2014-06-13,157.9748077392578
2014-06-14,157.9748077392578
2014-06-15,157.9748077392578
2014-06-16,158.10496520996094
2014-06-17,158.54441833496094
2014-06-18,159.70802307128906
2014-06-19,159.88714599609375
2014-06-20,160.2117156982422
2014-06-21,160.2117156982422
2014-06-22,160.2117156982422
2014-06-23,160.1626434326172
2014-06-24,159.19775390625
2014-06-25,159.91734313964844
2014-06-26,159.80288696289062
2014-06-27,160.11358642578125
2014-06-28,160.11358642578125
2014-06-29,160.11358642578125
2014-06-30,160.03182983398438
2014-07-01,161.10296630859375
2014-07-02,161.2664794921875
2014-07-03,162.05960083007812
2014-07-04,162.05960083007812
2014-07-05,162.05960083007812
2014-07-06,162.05960083007812
2014-07-07,161.49542236328125
2014-07-08,160.45701599121094
2014-07-09,161.17654418945312
2014-07-10,160.5387420654297
2014-07-11,160.75955200195312
2014-07-12,160.75955200195312
2014-07-13,160.75955200195312
2014-07-14,161.56903076171875
2014-07-15,161.2664794921875
2014-07-16,161.86338806152344
2014-07-17,160.023681640625
2014-07-18,161.65899658203125
2014-07-19,161.65899658203125
2014-07-20,161.65899658203125
2014-07-21,161.35643005371094
2014-07-22,162.05960083007812
2014-07-23,162.41937255859375
2014-07-24,162.4275360107422
2014-07-25,161.66714477539062
2014-07-26,161.66714477539062
2014-07-27,161.66714477539062
2014-07-28,161.73251342773438
2014-07-29,161.03753662109375
2014-07-30,161.06202697753906
2014-07-31,157.88137817382812
2014-08-01,157.39898681640625
2014-08-02,157.39898681640625
2014-08-03,157.39898681640625
2014-08-04,158.5355224609375
2014-08-05,156.99830627441406
2014-08-06,157.04737854003906
2014-08-07,156.197021484375
2014-08-08,158.0040740966797
2014-08-09,158.0040740966797
2014-08-10,158.0040740966797
2014-08-11,158.46188354492188
2014-08-12,158.2411651611328
2014-08-13,159.31228637695312
2014-08-14,160.06454467773438
2014-08-15,160.03182983398438
2014-08-16,160.03182983398438
2014-08-17,160.03182983398438
2014-08-18,161.37277221679688
2014-08-19,162.2149200439453
2014-08-20,162.6483612060547
2014-08-21,163.12258911132812
2014-08-22,162.86911010742188
2014-08-23,162.86911010742188
2014-08-24,162.86911010742188
2014-08-25,163.69497680664062
2014-08-26,163.80125427246094
2014-08-27,163.73583984375
2014-08-28,163.6458740234375
2014-08-29,164.1119384765625
2014-08-30,164.1119384765625
2014-08-31,164.1119384765625
2014-09-01,164.1119384765625
2014-09-02,164.0301513671875
2014-09-03,163.940185546875
2014-09-04,163.703125
2014-09-05,164.43894958496094
2014-09-06,164.43894958496094
2014-09-07,164.43894958496094
2014-09-08,164.01382446289062
2014-09-09,162.97543334960938
2014-09-10,163.58865356445312
2014-09-11,163.77667236328125
2014-09-12,162.82005310058594
2014-09-13,162.82005310058594
2014-09-14,162.82005310058594
2014-09-15,162.6973419189453
2014-09-16,163.92385864257812
2014-09-17,164.14463806152344
2014-09-18,165.01954650878906
2014-09-19,164.87086486816406
2014-09-20,164.87086486816406
2014-09-21,164.87086486816406
2014-09-22,163.59754943847656
2014-09-23,162.66107177734375
2014-09-24,163.93438720703125
2014-09-25,161.28915405273438
2014-09-26,162.5706787109375
2014-09-27,162.5706787109375
2014-09-28,162.5706787109375
2014-09-29,162.27499389648438
2014-09-30,161.84780883789062
2014-10-01,159.6544647216797
2014-10-02,159.67910766601562
2014-10-03,161.43704223632812
2014-10-04,161.43704223632812
2014-10-05,161.43704223632812
2014-10-06,161.2480926513672
2014-10-07,158.75901794433594
2014-10-08,161.53565979003906
2014-10-09,158.33189392089844
2014-10-10,156.5245819091797
2014-10-11,156.5245819091797
2014-10-12,156.5245819091797
2014-10-13,153.95343017578125
2014-10-14,154.19161987304688
2014-10-15,153.1483154296875
2014-10-16,153.01686096191406
2014-10-17,154.8241424560547
2014-10-18,154.8241424560547
2014-10-19,154.8241424560547
2014-10-20,156.32740783691406
2014-10-21,159.42445373535156
2014-10-22,158.290771484375
2014-10-23,160.13095092773438
2014-10-24,161.3631134033203
2014-10-25,161.3631134033203
2014-10-26,161.3631134033203
2014-10-27,161.14132690429688
2014-10-28,162.9896697998047
2014-10-29,162.7432403564453
2014-10-30,163.7865447998047
2014-10-31,165.65945434570312
2014-11-01,165.65945434570312
2014-11-02,165.65945434570312
2014-11-03,165.74989318847656
2014-11-04,165.17477416992188
2014-11-05,166.2180938720703
2014-11-06,166.88348388671875
2014-11-07,167.03955078125
2014-11-08,167.03955078125
2014-11-09,167.03955078125
2014-11-10,167.56532287597656
2014-11-11,167.7296142578125
2014-11-12,167.54884338378906
2014-11-13,167.7378387451172
2014-11-14,167.7788543701172
2014-11-15,167.7788543701172
2014-11-16,167.7788543701172
2014-11-17,167.8856658935547
2014-11-18,168.85498046875
2014-11-19,168.58392333984375
2014-11-20,168.8796844482422
2014-11-21,169.7832794189453
2014-11-22,169.7832794189453
2014-11-23,169.7832794189453
2014-11-24,170.2597198486328
2014-11-25,170.13653564453125
2014-11-26,170.57192993164062
2014-11-27,170.57192993164062
2014-11-28,170.21047973632812
2014-11-29,170.21047973632812
2014-11-30,170.21047973632812
2014-12-01,169.02755737304688
2014-12-02,170.12010192871094
2014-12-03,170.77725219726562
2014-12-04,170.5883331298828
2014-12-05,170.86764526367188
2014-12-06,170.86764526367188
2014-12-07,170.86764526367188
2014-12-08,169.72579956054688
2014-12-09,169.61080932617188
2014-12-10,166.89170837402344
2014-12-11,167.7378387451172
2014-12-12,165.02696228027344
2014-12-13,165.02696228027344
2014-12-14,165.02696228027344
2014-12-15,163.8932647705078
2014-12-16,162.5789031982422
2014-12-17,165.76625061035156
2014-12-18,169.8654327392578
2014-12-19,170.5882110595703
2014-12-20,170.5882110595703
2014-12-21,170.5882110595703
2014-12-22,171.3728790283203
2014-12-23,171.6042022705078
2014-12-24,171.6207275390625
2014-12-25,171.6207275390625
2014-12-26,172.17413330078125
2014-12-27,172.17413330078125
2014-12-28,172.17413330078125
2014-12-29,172.40542602539062
2014-12-30,171.48031616210938
2014-12-31,169.77870178222656
2015-01-01,169.77870178222656
2015-01-02,169.68788146972656
2015-01-03,169.68788146972656
2015-01-04,169.68788146972656
2015-01-05,166.62332153320312
2015-01-06,165.0538787841797
2015-01-07,167.11068725585938
2015-01-08,170.07603454589844
2015-01-09,168.71315002441406
2015-01-10,168.71315002441406
2015-01-11,168.71315002441406
2015-01-12,167.39154052734375
2015-01-13,166.92066955566406
2015-01-14,165.91293334960938
2015-01-15,164.39308166503906
2015-01-16,166.5489959716797
2015-01-17,166.5489959716797
2015-01-18,166.5489959716797
2015-01-19,166.5489959716797
2015-01-20,166.9040985107422
2015-01-21,167.74671936035156
2015-01-22,170.24130249023438
2015-01-23,169.307861328125
2015-01-24,169.307861328125
2015-01-25,169.307861328125
2015-01-26,169.7044219970703
2015-01-27,167.46585083007812
2015-01-28,165.3181915283203
2015-01-29,166.84642028808594
2015-01-30,164.7482452392578
2015-01-31,164.7482452392578
2015-02-01,164.7482452392578
2015-02-02,166.7885284423828
2015-02-03,169.2004852294922
2015-02-04,168.55618286132812
2015-02-05,170.25778198242188
2015-02-06,169.78692626953125
2015-02-07,169.78692626953125
2015-02-08,169.78692626953125
2015-02-09,169.02706909179688
2015-02-10,170.8277587890625
2015-02-11,170.9268798828125
2015-02-12,172.57064819335938
2015-02-13,173.28102111816406
2015-02-14,173.28102111816406
2015-02-15,173.28102111816406
2015-02-16,173.28102111816406
2015-02-17,173.5536346435547
2015-02-18,173.57009887695312
2015-02-19,173.4461669921875
2015-02-20,174.48704528808594
2015-02-21,174.48704528808594
2015-02-22,174.48704528808594
2015-02-23,174.4622039794922
2015-02-24,174.9578094482422
2015-02-25,174.8091278076172
2015-02-26,174.6025848388672
2015-02-27,174.0079345703125
2015-02-28,174.0079345703125
2015-03-01,174.0079345703125
2015-03-02,175.10653686523438
2015-03-03,174.3878936767578
2015-03-04,173.65272521972656
2015-03-05,173.84271240234375
2015-03-06,171.397705078125
2015-03-07,171.397705078125
2015-03-08,171.397705078125
2015-03-09,172.10806274414062
2015-03-10,169.31614685058594
2015-03-11,168.91969299316406
2015-03-12,171.0673370361328
2015-03-13,170.01824951171875
2015-03-14,170.01824951171875
2015-03-15,170.01824951171875
2015-03-16,172.28977966308594
2015-03-17,171.7776641845703
2015-03-18,173.84271240234375
2015-03-19,173.04971313476562
2015-03-20,174.57720947265625
2015-03-21,174.57720947265625
2015-03-22,174.57720947265625
2015-03-23,174.23707580566406
2015-03-24,173.25799560546875
2015-03-25,170.71905517578125
2015-03-26,170.3125457763672
2015-03-27,170.70248413085938
2015-03-28,170.70248413085938
2015-03-29,170.70248413085938
2015-03-30,172.7850799560547
2015-03-31,171.2750244140625
2015-04-01,170.66928100585938
2015-04-02,171.28330993652344
2015-04-03,171.28330993652344
2015-04-04,171.28330993652344
2015-04-05,171.28330993652344
2015-04-06,172.4365692138672
2015-04-07,171.98025512695312
2015-04-08,172.56101989746094
2015-04-09,173.32435607910156
2015-04-10,174.27020263671875
2015-04-11,174.27020263671875
2015-04-12,174.27020263671875
2015-04-13,173.48196411132812
2015-04-14,173.81393432617188
2015-04-15,174.59378051757812
2015-04-16,174.54405212402344
2015-04-17,172.53610229492188
2015-04-18,172.53610229492188
2015-04-19,172.53610229492188
2015-04-20,174.11256408691406
2015-04-21,173.90518188476562
2015-04-22,174.75975036621094
2015-04-23,175.19947814941406
2015-04-24,175.6060028076172
2015-04-25,175.6060028076172
2015-04-26,175.6060028076172
2015-04-27,174.87588500976562
2015-04-28,175.43177795410156
2015-04-29,174.7099609375
2015-04-30,172.9592742919922
2015-05-01,174.83444213867188
2015-05-02,174.83444213867188
2015-05-03,174.83444213867188
2015-05-04,175.33224487304688
2015-05-05,173.32435607910156
2015-05-06,172.61083984375
2015-05-07,173.2994384765625
2015-05-08,175.5811309814453
2015-05-09,175.5811309814453
2015-05-10,175.5811309814453
2015-05-11,174.7431640625
2015-05-12,174.22039794921875
2015-05-13,174.2536163330078
2015-05-14,176.07070922851562
2015-05-15,176.261474609375
2015-05-16,176.261474609375
2015-05-17,176.261474609375
2015-05-18,176.8091278076172
2015-05-19,176.75106811523438
2015-05-20,176.62655639648438
2015-05-21,177.14093017578125
2015-05-22,176.71780395507812
2015-05-23,176.71780395507812
2015-05-24,176.71780395507812
2015-05-25,176.71780395507812
2015-05-26,174.81776428222656
2015-05-27,176.47720336914062
2015-05-28,176.27806091308594
2015-05-29,175.182861328125
2015-05-30,175.182861328125
2015-05-31,175.182861328125
2015-06-01,175.53968811035156
2015-06-02,175.36541748046875
2015-06-03,175.8300323486328
2015-06-04,174.3448944091797
2015-06-05,174.0462188720703
2015-06-06,174.0462188720703
2015-06-07,174.0462188720703
2015-06-08,172.9758758544922
2015-06-09,172.95103454589844
2015-06-10,175.02523803710938
2015-06-11,175.5894317626953
2015-06-12,174.2453155517578
2015-06-13,174.2453155517578
2015-06-14,174.2453155517578
2015-06-15,173.49859619140625
2015-06-16,174.44439697265625
2015-06-17,174.7265625
2015-06-18,176.5436248779297
2015-06-19,175.75985717773438
2015-06-20,175.75985717773438
2015-06-21,175.75985717773438
2015-06-22,176.66029357910156
2015-06-23,176.78536987304688
2015-06-24,175.5014190673828
2015-06-25,174.9678955078125
2015-06-26,174.93447875976562
2015-06-27,174.93447875976562
2015-06-28,174.93447875976562
2015-06-29,171.26600646972656
2015-06-30,171.62454223632812
2015-07-01,173.00021362304688
2015-07-02,172.84182739257812
2015-07-03,172.84182739257812
2015-07-04,172.84182739257812
2015-07-05,172.84182739257812
2015-07-06,172.34991455078125
2015-07-07,173.43374633789062
2015-07-08,170.52401733398438
2015-07-09,170.83248901367188
2015-07-10,172.98353576660156
2015-07-11,172.98353576660156
2015-07-12,172.98353576660156
2015-07-13,174.892822265625
2015-07-14,175.65151977539062
2015-07-15,175.59312438964844
2015-07-16,177.0021209716797
2015-07-17,177.1521759033203
2015-07-18,177.1521759033203
2015-07-19,177.1521759033203
2015-07-20,177.243896484375
2015-07-21,176.54359436035156
2015-07-22,176.22679138183594
2015-07-23,175.23463439941406
2015-07-24,173.41709899902344
2015-07-25,173.41709899902344
2015-07-26,173.41709899902344
2015-07-27,172.4082489013672
2015-07-28,174.5259552001953
2015-07-29,175.7265625
2015-07-30,175.76820373535156
2015-07-31,175.5014190673828
2015-08-01,175.5014190673828
2015-08-02,175.5014190673828
2015-08-03,174.9094696044922
2015-08-04,174.56759643554688
2015-08-05,175.14295959472656
2015-08-06,173.70887756347656
2015-08-07,173.3753662109375
2015-08-08,173.3753662109375
2015-08-09,173.3753662109375
2015-08-10,175.5597686767578
2015-08-11,173.97567749023438
2015-08-12,174.18409729003906
2015-08-13,173.9673614501953
2015-08-14,174.60098266601562
2015-08-15,174.60098266601562
2015-08-16,174.60098266601562
2015-08-17,175.5764923095703
2015-08-18,175.06784057617188
2015-08-19,173.68386840820312
2015-08-20,170.05711364746094
2015-08-21,164.93792724609375
2015-08-22,164.93792724609375
2015-08-23,164.93792724609375
2015-08-24,157.9929656982422
2015-08-25,156.13372802734375
2015-08-26,162.12831115722656
2015-08-27,166.13861083984375
2015-08-28,166.14691162109375
2015-08-29,166.14691162109375
2015-08-30,166.14691162109375
2015-08-31,164.80459594726562
2015-09-01,159.88551330566406
2015-09-02,162.9203338623047
2015-09-03,163.037109375
2015-09-04,160.56918334960938
2015-09-05,160.56918334960938
2015-09-06,160.56918334960938
2015-09-07,160.56918334960938
2015-09-08,164.6044921875
2015-09-09,162.40341186523438
2015-09-10,163.28720092773438
2015-09-11,164.0291748046875
2015-09-12,164.0291748046875
2015-09-13,164.0291748046875
2015-09-14,163.4205780029297
2015-09-15,165.4632568359375
2015-09-16,166.89727783203125
2015-09-17,166.52206420898438
2015-09-18,163.8008575439453
2015-09-19,163.8008575439453
2015-09-20,163.8008575439453
2015-09-21,164.64736938476562
2015-09-22,162.51025390625
2015-09-23,162.25047302246094
2015-09-24,161.66380310058594
2015-09-25,161.6218719482422
2015-09-26,161.6218719482422
2015-09-27,161.6218719482422
2015-09-28,157.5655975341797
2015-09-29,157.65782165527344
2015-09-30,160.59947204589844
2015-10-01,161.01849365234375
2015-10-02,163.42369079589844
2015-10-03,163.42369079589844
2015-10-04,163.42369079589844
2015-10-05,166.33180236816406
2015-10-06,165.76193237304688
2015-10-07,167.1196746826172
2015-10-08,168.62818908691406
2015-10-09,168.7287139892578
2015-10-10,168.7287139892578
2015-10-11,168.7287139892578
2015-10-12,168.88800048828125
2015-10-13,167.8236083984375
2015-10-14,167.01907348632812
2015-10-15,169.58355712890625
2015-10-16,170.35450744628906
2015-10-17,170.35450744628906
2015-10-18,170.35450744628906
2015-10-19,170.4384002685547
2015-10-20,170.220458984375
2015-10-21,169.16453552246094
2015-10-22,172.02230834960938
2015-10-23,173.9080047607422
2015-10-24,173.9080047607422
2015-10-25,173.9080047607422
2015-10-26,173.4805908203125
2015-10-27,173.14535522460938
2015-10-28,175.11477661132812
2015-10-29,175.01425170898438
2015-10-30,174.2599639892578
2015-10-31,174.2599639892578
2015-11-01,174.2599639892578
2015-11-02,176.32167053222656
2015-11-03,176.83287048339844
2015-11-04,176.29647827148438
2015-11-05,176.12046813964844
2015-11-06,176.02830505371094
2015-11-07,176.02830505371094
2015-11-08,176.02830505371094
2015-11-09,174.38572692871094
2015-11-10,174.78794860839844
2015-11-11,174.1007537841797
2015-11-12,171.6703643798828
2015-11-13,169.7427978515625
2015-11-14,169.7427978515625
2015-11-15,169.7427978515625
2015-11-16,172.32406616210938
2015-11-17,172.1983184814453
2015-11-18,174.9304656982422
2015-11-19,174.77964782714844
2015-11-20,175.41650390625
2015-11-21,175.41650390625
2015-11-22,175.41650390625
2015-11-23,175.2154541015625
2015-11-24,175.4499969482422
2015-11-25,175.4249267578125
2015-11-26,175.4249267578125
2015-11-27,175.6260223388672
2015-11-28,175.6260223388672
2015-11-29,175.6260223388672
2015-11-30,174.89694213867188
2015-12-01,176.564697265625
2015-12-02,174.76283264160156
2015-12-03,172.31564331054688
2015-12-04,175.67636108398438
2015-12-05,175.67636108398438
2015-12-06,175.67636108398438
2015-12-07,174.61195373535156
2015-12-08,173.4386749267578
2015-12-09,172.08932495117188
2015-12-10,172.5335693359375
2015-12-11,169.18959045410156
2015-12-12,169.18959045410156
2015-12-13,169.18959045410156
2015-12-14,170.04449462890625
2015-12-15,171.82957458496094
2015-12-16,174.34375
2015-12-17,171.68711853027344
2015-12-18,168.6284637451172
2015-12-19,168.6284637451172
2015-12-20,168.6284637451172
2015-12-21,170.01954650878906
2015-12-22,171.5623321533203
2015-12-23,173.6868438720703
2015-12-24,173.4001922607422
2015-12-25,173.4001922607422
2015-12-26,173.4001922607422
2015-12-27,173.4001922607422
2015-12-28,173.00393676757812
2015-12-29,174.8502197265625
2015-12-30,173.6109161376953
2015-12-31,171.8742218017578
2016-01-01,171.8742218017578
2016-01-02,171.8742218017578
2016-01-03,171.8742218017578
2016-01-04,169.47158813476562
2016-01-05,169.75820922851562
2016-01-06,167.61679077148438
2016-01-07,163.59539794921875
2016-01-08,161.79974365234375
2016-01-09,161.79974365234375
2016-01-10,161.79974365234375
2016-01-11,161.95993041992188
2016-01-12,163.2666778564453
2016-01-13,159.19468688964844
2016-01-14,161.8081512451172
2016-01-15,158.33473205566406
2016-01-16,158.33473205566406
2016-01-17,158.33473205566406
2016-01-18,158.33473205566406
2016-01-19,158.54550170898438
2016-01-20,156.5137481689453
2016-01-21,157.39053344726562
2016-01-22,160.61941528320312
2016-01-23,160.61941528320312
2016-01-24,160.61941528320312
2016-01-25,158.19146728515625
2016-01-26,160.3496551513672
2016-01-27,158.60452270507812
2016-01-28,159.43067932128906
2016-01-29,163.31723022460938
2016-01-30,163.31723022460938
2016-01-31,163.31723022460938
2016-02-01,163.2582550048828
2016-02-02,160.31591796875
2016-02-03,161.27700805664062
2016-02-04,161.52992248535156
2016-02-05,158.45274353027344
2016-02-06,158.45274353027344
2016-02-07,158.45274353027344
2016-02-08,156.31985473632812
2016-02-09,156.32823181152344
2016-02-10,156.19342041015625
2016-02-11,154.1615447998047
2016-02-12,157.3399658203125
2016-02-13,157.3399658203125
2016-02-14,157.3399658203125
2016-02-15,157.3399658203125
2016-02-16,159.99557495117188
2016-02-17,162.6090545654297
2016-02-18,161.94305419921875
2016-02-19,161.8671112060547
2016-02-20,161.8671112060547
2016-02-21,161.8671112060547
2016-02-22,164.21084594726562
2016-02-23,162.136962890625
2016-02-24,162.87887573242188
2016-02-25,164.8516082763672
2016-02-26,164.47219848632812
2016-02-27,164.47219848632812
2016-02-28,164.47219848632812
2016-02-29,163.1823272705078
2016-03-01,167.01828002929688
2016-03-02,167.7685546875
2016-03-03,168.42616271972656
2016-03-04,168.97412109375
2016-03-05,168.97412109375
2016-03-06,168.97412109375
2016-03-07,169.10902404785156
2016-03-08,167.26271057128906
2016-03-09,168.0889434814453
2016-03-10,168.22384643554688
2016-03-11,170.93850708007812
2016-03-12,170.93850708007812
2016-03-13,170.93850708007812
2016-03-14,170.71926879882812
2016-03-15,170.4410400390625
2016-03-16,171.42742919921875
2016-03-17,172.51499938964844
2016-03-18,173.19293212890625
2016-03-19,173.19293212890625
2016-03-20,173.19293212890625
2016-03-21,173.43865966796875
2016-03-22,173.345458984375
2016-03-23,172.2014617919922
2016-03-24,172.12515258789062
2016-03-25,172.12515258789062
2016-03-26,172.12515258789062
2016-03-27,172.12515258789062
2016-03-28,172.22691345214844
2016-03-29,173.82000732421875
2016-03-30,174.5826873779297
2016-03-31,174.1589813232422
2016-04-01,175.34527587890625
2016-04-02,175.34527587890625
2016-04-03,175.34527587890625
2016-04-04,174.777587890625
2016-04-05,173.03192138671875
2016-04-06,174.921630859375
2016-04-07,172.8284912109375
2016-04-08,173.29457092285156
2016-04-09,173.29457092285156
2016-04-10,173.29457092285156
2016-04-11,172.8878173828125
2016-04-12,174.49794006347656
2016-04-13,176.26052856445312
2016-04-14,176.26901245117188
2016-04-15,176.07408142089844
2016-04-16,176.07408142089844
2016-04-17,176.07408142089844
2016-04-18,177.3113250732422
2016-04-19,177.87057495117188
2016-04-20,178.0401153564453
2016-04-21,177.08251953125
2016-04-22,177.08251953125
2016-04-23,177.08251953125
2016-04-24,177.08251953125
2016-04-25,176.77743530273438
2016-04-26,177.0401153564453
2016-04-27,177.40451049804688
2016-04-28,175.79440307617188
2016-04-29,174.8453826904297
2016-04-30,174.8453826904297
2016-05-01,174.8453826904297
2016-05-02,176.23512268066406
2016-05-03,174.70130920410156
2016-05-04,173.7267303466797
2016-05-05,173.69287109375
2016-05-06,174.3284149169922
2016-05-07,174.3284149169922
2016-05-08,174.3284149169922
2016-05-09,174.47251892089844
2016-05-10,176.64183044433594
2016-05-11,174.98939514160156
2016-05-12,175.0402374267578
2016-05-13,173.514892578125
2016-05-14,173.514892578125
2016-05-15,173.514892578125
2016-05-16,175.22665405273438
2016-05-17,173.59120178222656
2016-05-18,173.6420440673828
2016-05-19,173.04037475585938
2016-05-20,174.1334991455078
2016-05-21,174.1334991455078
2016-05-22,174.1334991455078
2016-05-23,173.896240234375
2016-05-24,176.15032958984375
2016-05-25,177.34519958496094
2016-05-26,177.3960418701172
2016-05-27,178.15872192382812
2016-05-28,178.15872192382812
2016-05-29,178.15872192382812
2016-05-30,178.15872192382812
2016-05-31,177.81973266601562
2016-06-01,178.18418884277344
2016-06-02,178.72647094726562
2016-06-03,178.19261169433594
2016-06-04,178.19261169433594
2016-06-05,178.19261169433594
2016-06-06,179.099365234375
2016-06-07,179.3790283203125
2016-06-08,179.96368408203125
2016-06-09,179.71792602539062
2016-06-10,178.0146942138672
2016-06-11,178.0146942138672
2016-06-12,178.0146942138672
2016-06-13,176.64183044433594
2016-06-14,176.29440307617188
2016-06-15,176.0486602783203
2016-06-16,176.5740509033203
2016-06-17,175.91647338867188
2016-06-18,175.91647338867188
2016-06-19,175.91647338867188
2016-06-20,177.0493621826172
2016-06-21,177.55191040039062
2016-06-22,177.2623291015625
2016-06-23,179.5707244873047
2016-06-24,173.12255859375
2016-06-25,173.12255859375
2016-06-26,173.12255859375
2016-06-27,170.02197265625
2016-06-28,173.0884246826172
2016-06-29,176.03570556640625
2016-06-30,178.4378662109375
2016-07-01,178.81259155273438
2016-07-02,178.81259155273438
2016-07-03,178.81259155273438
2016-07-04,178.81259155273438
2016-07-05,177.52638244628906
2016-07-06,178.59115600585938
2016-07-07,178.48040771484375
2016-07-08,181.13804626464844
2016-07-09,181.13804626464844
2016-07-10,181.13804626464844
2016-07-11,181.7769470214844
2016-07-12,183.09719848632807
2016-07-13,183.07167053222656
2016-07-14,184.0938415527344
2016-07-15,183.8468780517578
2016-07-16,183.8468780517578
2016-07-17,183.8468780517578
2016-07-18,184.3409423828125
2016-07-19,184.15347290039065
2016-07-20,184.9201202392578
2016-07-21,184.2216644287109
2016-07-22,185.04791259765625
2016-07-23,185.04791259765625
2016-07-24,185.04791259765625
2016-07-25,184.54534912109372
2016-07-26,184.6305389404297
2016-07-27,184.43460083007807
2016-07-28,184.6475982666016
2016-07-29,184.9456787109375
2016-07-30,184.9456787109375
2016-07-31,184.9456787109375
2016-08-01,184.79237365722656
2016-08-02,183.60841369628903
2016-08-03,184.1450042724609
2016-08-04,184.3409423828125
2016-08-05,185.8486175537109
2016-08-06,185.8486175537109
2016-08-07,185.8486175537109
2016-08-08,185.7379150390625
2016-08-09,185.8486175537109
2016-08-10,185.3885955810547
2016-08-11,186.24896240234372
2016-08-12,186.0871124267578
2016-08-13,186.0871124267578
2016-08-14,186.0871124267578
2016-08-15,186.62374877929688
2016-08-16,185.6612091064453
2016-08-17,186.0104522705078
2016-08-18,186.4278106689453
2016-08-19,186.15530395507807
2016-08-20,186.15530395507807
2016-08-21,186.15530395507807
2016-08-22,186.14669799804688
2016-08-23,186.5215606689453
2016-08-24,185.5674743652344
2016-08-25,185.4397430419922
2016-08-26,185.0904235839844
2016-08-27,185.0904235839844
2016-08-28,185.0904235839844
2016-08-29,186.0019378662109
2016-08-30,185.69534301757807
2016-08-31,185.1671142578125
2016-09-01,185.1756591796875
2016-09-02,186.0104522705078
2016-09-03,186.0104522705078
2016-09-04,186.0104522705078
2016-09-05,186.0104522705078
2016-09-06,186.57264709472656
2016-09-07,186.55560302734372
2016-09-08,186.1296844482422
2016-09-09,181.67477416992188
2016-09-10,181.67477416992188
2016-09-11,181.67477416992188
2016-09-12,184.2812957763672
2016-09-13,181.63214111328125
2016-09-14,181.56398010253903
2016-09-15,183.37835693359372
2016-09-16,182.6694793701172
2016-09-17,182.6694793701172
2016-09-18,182.6694793701172
2016-09-19,182.70372009277344
2016-09-20,182.71224975585935
2016-09-21,184.76695251464844
2016-09-22,185.9312744140625
2016-09-23,184.9124755859375
2016-09-24,184.9124755859375
2016-09-25,184.9124755859375
2016-09-26,183.41429138183597
2016-09-27,184.5529327392578
2016-09-28,185.46897888183597
2016-09-29,183.79098510742188
2016-09-30,185.1778564453125
2016-10-01,185.1778564453125
2016-10-02,185.1778564453125
2016-10-03,184.73272705078125
2016-10-04,183.79098510742188
2016-10-05,184.6042938232422
2016-10-06,184.73272705078125
2016-10-07,184.0991973876953
2016-10-08,184.0991973876953
2016-10-09,184.0991973876953
2016-10-10,185.0580596923828
2016-10-11,182.72085571289065
2016-10-12,182.9605407714844
2016-10-13,182.361328125
2016-10-14,182.4554901123047
2016-10-15,182.4554901123047
2016-10-16,182.4554901123047
2016-10-17,181.8219146728516
2016-10-18,182.9605407714844
2016-10-19,183.44854736328125
2016-10-20,183.10610961914065
2016-10-21,183.1917266845703
2016-10-22,183.1917266845703
2016-10-23,183.1917266845703
2016-10-24,183.9707946777344
2016-10-25,183.35438537597656
2016-10-26,182.98622131347656
2016-10-27,182.49826049804688
2016-10-28,181.9589080810547
2016-10-29,181.9589080810547
2016-10-30,181.9589080810547
2016-10-31,181.9674530029297
2016-11-01,180.6490173339844
2016-11-02,179.56178283691406
2016-11-03,178.7398681640625
2016-11-04,178.5430450439453
2016-11-05,178.5430450439453
2016-11-06,178.5430450439453
2016-11-07,182.48114013671875
2016-11-08,183.3029937744141
2016-11-09,185.2463836669922
2016-11-10,185.708740234375
2016-11-11,185.2806396484375
2016-11-12,185.2806396484375
2016-11-13,185.2806396484375
2016-11-14,185.4261779785156
2016-11-15,186.87301635742188
2016-11-16,186.52198791503903
2016-11-17,187.4808349609375
2016-11-18,187.06134033203125
2016-11-19,187.06134033203125
2016-11-20,187.06134033203125
2016-11-21,188.4739227294922
2016-11-22,188.84207153320312
2016-11-23,188.94482421875
2016-11-24,188.94482421875
2016-11-25,189.64682006835935
2016-11-26,189.64682006835935
2016-11-27,189.64682006835935
2016-11-28,188.75645446777344
2016-11-29,189.1246032714844
2016-11-30,188.67086791992188
2016-12-01,187.9774169921875
2016-12-02,188.0715789794922
2016-12-03,188.0715789794922
2016-12-04,188.0715789794922
2016-12-05,189.20166015625
2016-12-06,189.8009033203125
2016-12-07,192.28369140625
2016-12-08,192.75450134277344
2016-12-09,193.91880798339844
2016-12-10,193.91880798339844
2016-12-11,193.91880798339844
2016-12-12,193.6962432861328
2016-12-13,194.9890289306641
2016-12-14,193.3794708251953
2016-12-15,194.17567443847656
2016-12-16,193.79591369628903
2016-12-17,193.79591369628903
2016-12-18,193.79591369628903
2016-12-19,194.2178649902344
2016-12-20,194.9670562744141
2016-12-21,194.424560546875
2016-12-22,194.0886993408203
2016-12-23,194.37290954589844
2016-12-24,194.37290954589844
2016-12-25,194.37290954589844
2016-12-26,194.37290954589844
2016-12-27,194.8551177978516
2016-12-28,193.24478149414065
2016-12-29,193.20169067382807
2016-12-30,192.49554443359372
2016-12-31,192.49554443359372
2017-01-01,192.49554443359372
2017-01-02,192.49554443359372
2017-01-03,193.9682159423828
2017-01-04,195.1221160888672
2017-01-05,194.9670562744141
2017-01-06,195.66465759277344
2017-01-07,195.66465759277344
2017-01-08,195.66465759277344
2017-01-09,195.01876831054688
2017-01-10,195.01876831054688
2017-01-11,195.56993103027344
2017-01-12,195.07904052734372
2017-01-13,195.52685546875
2017-01-14,195.52685546875
2017-01-15,195.52685546875
2017-01-16,195.52685546875
2017-01-17,194.83790588378903
2017-01-18,195.26849365234372
2017-01-19,194.54510498046875
2017-01-20,195.2599029541016
2017-01-21,195.2599029541016
2017-01-22,195.2599029541016
2017-01-23,194.75177001953125
2017-01-24,196.00050354003903
2017-01-25,197.69696044921875
2017-01-26,197.49029541015625
2017-01-27,197.1802673339844
2017-01-28,197.1802673339844
2017-01-29,197.1802673339844
2017-01-30,195.95741271972656
2017-01-31,195.940185546875
2017-02-01,196.0176696777344
2017-02-02,196.14691162109372
2017-02-03,197.49891662597656
2017-02-04,197.49891662597656
2017-02-05,197.49891662597656
2017-02-06,197.1458282470703
2017-02-07,197.1544342041016
2017-02-08,197.4127960205078
2017-02-09,198.58395385742188
2017-02-10,199.36767578125
2017-02-11,199.36767578125
2017-02-12,199.36767578125
2017-02-13,200.4527130126953
2017-02-14,201.25357055664065
2017-02-15,202.30419921875
2017-02-16,202.13198852539065
2017-02-17,202.4506072998047
2017-02-18,202.4506072998047
2017-02-19,202.4506072998047
2017-02-20,202.4506072998047
2017-02-21,203.6562347412109
2017-02-22,203.4753875732422
2017-02-23,203.6132049560547
2017-02-24,203.8715362548828
2017-02-25,203.8715362548828
2017-02-26,203.8715362548828
2017-02-27,204.19012451171875
2017-02-28,203.63900756835935
2017-03-01,206.48947143554688
2017-03-02,205.1891021728516
2017-03-03,205.3182678222656
2017-03-04,205.3182678222656
2017-03-05,205.3182678222656
2017-03-06,204.7068328857422
2017-03-07,204.09539794921875
2017-03-08,203.71653747558597
2017-03-09,203.97482299804688
2017-03-10,204.68963623046875
2017-03-11,204.68963623046875
2017-03-12,204.68963623046875
2017-03-13,204.79296875
2017-03-14,204.00929260253903
2017-03-15,205.774658203125
2017-03-16,205.3699188232422
2017-03-17,205.00921630859372
2017-03-18,205.00921630859372
2017-03-19,205.00921630859372
2017-03-20,204.78436279296875
2017-03-21,202.15509033203125
2017-03-22,202.6307678222656
2017-03-23,202.41455078125
2017-03-24,202.26751708984372
2017-03-25,202.26751708984372
2017-03-26,202.26751708984372
2017-03-27,202.05990600585935
2017-03-28,203.5302734375
2017-03-29,203.72055053710935
2017-03-30,204.3692321777344
2017-03-31,203.8935546875
2017-04-01,203.8935546875
2017-04-02,203.8935546875
2017-04-03,203.5388946533203
2017-04-04,203.66860961914065
2017-04-05,203.06317138671875
2017-04-06,203.6340484619141
2017-04-07,203.4264678955078
2017-04-08,203.4264678955078
2017-04-09,203.4264678955078
2017-04-10,203.54757690429688
2017-04-11,203.30538940429688
2017-04-12,202.41455078125
2017-04-13,201.0998687744141
2017-04-14,201.0998687744141
2017-04-15,201.0998687744141
2017-04-16,201.0998687744141
2017-04-17,202.8816375732422
2017-04-18,202.27615356445312
2017-04-19,201.90426635742188
2017-04-20,203.54757690429688
2017-04-21,202.89886474609372
2017-04-22,202.89886474609372
2017-04-23,202.89886474609372
2017-04-24,205.1303558349609
2017-04-25,206.323974609375
2017-04-26,206.1941680908203
2017-04-27,206.3671722412109
2017-04-28,205.91744995117188
2017-04-29,205.91744995117188
2017-04-30,205.91744995117188
2017-05-01,206.43634033203125
2017-05-02,206.51419067382807
2017-05-03,206.26336669921875
2017-05-04,206.5055389404297
2017-05-05,207.31857299804688
2017-05-06,207.31857299804688
2017-05-07,207.31857299804688
2017-05-08,207.28396606445312
2017-05-09,207.09368896484372
2017-05-10,207.46556091308597
2017-05-11,207.0418243408203
2017-05-12,206.69583129882807
2017-05-13,206.69583129882807
2017-05-14,206.69583129882807
2017-05-15,207.8374938964844
2017-05-16,207.6472625732422
2017-05-17,203.96273803710935
2017-05-18,204.78436279296875
2017-05-19,206.1163787841797
2017-05-20,206.1163787841797
2017-05-21,206.1163787841797
2017-05-22,207.16287231445312
2017-05-23,207.6212615966797
2017-05-24,208.10565185546875
2017-05-25,209.10032653808597
2017-05-26,209.05706787109372
2017-05-27,209.05706787109372
2017-05-28,209.05706787109372
2017-05-29,209.05706787109372
2017-05-30,208.87538146972656
2017-05-31,208.8235321044922
2017-06-01,210.48416137695312
2017-06-02,211.1846923828125
2017-06-03,211.1846923828125
2017-06-04,211.1846923828125
2017-06-05,211.02903747558597
2017-06-06,210.3543701171875
2017-06-07,210.74362182617188
2017-06-08,210.847412109375
2017-06-09,210.52735900878903
2017-06-10,210.52735900878903
2017-06-11,210.52735900878903
2017-06-12,210.48416137695312
2017-06-13,211.51339721679688
2017-06-14,211.2452545166016
2017-06-15,210.83876037597656
2017-06-16,210.8848114013672
2017-06-17,210.8848114013672
2017-06-18,210.8848114013672
2017-06-19,212.6404571533203
2017-06-20,211.20632934570312
2017-06-21,211.1542510986328
2017-06-22,211.0586700439453
2017-06-23,211.3106842041016
2017-06-24,211.3106842041016
2017-06-25,211.3106842041016
2017-06-26,211.44973754882807
2017-06-27,209.74624633789065
2017-06-28,211.62356567382807
2017-06-29,209.76364135742188
2017-06-30,210.1547088623047
2017-07-01,210.1547088623047
2017-07-02,210.1547088623047
2017-07-03,210.5111083984375
2017-07-04,210.5111083984375
2017-07-05,210.99778747558597
2017-07-06,209.0683135986328
2017-07-07,210.42413330078125
2017-07-08,210.42413330078125
2017-07-09,210.42413330078125
2017-07-10,210.650146484375
2017-07-11,210.49368286132807
2017-07-12,212.07553100585935
2017-07-13,212.43185424804688
2017-07-14,213.42266845703125
2017-07-15,213.42266845703125
2017-07-16,213.42266845703125
2017-07-17,213.39654541015625
2017-07-18,213.5095672607422
2017-07-19,214.6655120849609
2017-07-20,214.76112365722656
2017-07-21,214.5699157714844
2017-07-22,214.5699157714844
2017-07-23,214.5699157714844
2017-07-24,214.5177459716797
2017-07-25,215.03921508789065
2017-07-26,215.0479278564453
2017-07-27,214.84800720214844
2017-07-28,214.59600830078125
2017-07-29,214.59600830078125
2017-07-30,214.59600830078125
2017-07-31,214.47430419921875
2017-08-01,214.95233154296875
2017-08-02,215.0565948486328
2017-08-03,214.6394195556641
2017-08-04,215.0305328369141
2017-08-05,215.0305328369141
2017-08-06,215.0305328369141
2017-08-07,215.4303436279297
2017-08-08,214.90023803710935
2017-08-09,214.8915252685547
2017-08-10,211.8582305908203
2017-08-11,212.17112731933597
2017-08-12,212.17112731933597
2017-08-13,212.17112731933597
2017-08-14,214.27438354492188
2017-08-15,214.2483367919922
2017-08-16,214.62208557128903
2017-08-17,211.27590942382807
2017-08-18,210.94561767578125
2017-08-19,210.94561767578125
2017-08-20,210.94561767578125
2017-08-21,211.1107482910156
2017-08-22,213.3183441162109
2017-08-23,212.5535430908203
2017-08-24,212.05812072753903
2017-08-25,212.5535430908203
2017-08-26,212.5535430908203
2017-08-27,212.5535430908203
2017-08-28,212.5622711181641
2017-08-29,212.8055877685547
2017-08-30,213.81375122070312
2017-08-31,215.1000823974609
2017-09-01,215.40431213378903
2017-09-02,215.40431213378903
2017-09-03,215.40431213378903
2017-09-04,215.40431213378903
2017-09-05,213.85720825195312
2017-09-06,214.5872802734375
2017-09-07,214.56118774414065
2017-09-08,214.3091735839844
2017-09-09,214.3091735839844
2017-09-10,214.3091735839844
2017-09-11,216.594970703125
2017-09-12,217.32501220703125
2017-09-13,217.4293212890625
2017-09-14,217.3598175048828
2017-09-15,217.6523895263672
2017-09-16,217.6523895263672
2017-09-17,217.6523895263672
2017-09-18,218.1153259277344
2017-09-19,218.33372497558597
2017-09-20,218.4122467041016
2017-09-21,217.82704162597656
2017-09-22,217.87075805664065
2017-09-23,217.87075805664065
2017-09-24,217.87075805664065
2017-09-25,217.42532348632807
2017-09-26,217.55633544921875
2017-09-27,218.403564453125
2017-09-28,218.6656188964844
2017-09-29,219.4342041015625
2017-09-30,219.4342041015625
2017-10-01,219.4342041015625
2017-10-02,220.38629150390625
2017-10-03,220.8579864501953
2017-10-04,221.11997985839844
2017-10-05,222.4300994873047
2017-10-06,222.1768035888672
2017-10-07,222.1768035888672
2017-10-08,222.1768035888672
2017-10-09,221.8099670410156
2017-10-10,222.3951873779297
2017-10-11,222.7446136474609
2017-10-12,222.41265869140625
2017-10-13,222.68345642089844
2017-10-14,222.68345642089844
2017-10-15,222.68345642089844
2017-10-16,222.9803924560547
2017-10-17,223.1376190185547
2017-10-18,223.35595703125
2017-10-19,223.4170684814453
2017-10-20,224.57003784179688
2017-10-21,224.57003784179688
2017-10-22,224.57003784179688
2017-10-23,223.6966094970703
2017-10-24,224.0896759033203
2017-10-25,222.9803924560547
2017-10-26,223.2686462402344
2017-10-27,225.0941467285156
2017-10-28,225.0941467285156
2017-10-29,225.0941467285156
2017-10-30,224.2556610107422
2017-10-31,224.6049346923828
2017-11-01,224.9019775390625
2017-11-02,224.9893341064453
2017-11-03,225.740478515625
2017-11-04,225.740478515625
2017-11-05,225.740478515625
2017-11-06,226.08985900878903
2017-11-07,225.93264770507807
2017-11-08,226.31692504882807
2017-11-09,225.49591064453125
2017-11-10,225.4259796142578
2017-11-11,225.4259796142578
2017-11-12,225.4259796142578
2017-11-13,225.6356506347656
2017-11-14,225.11160278320312
2017-11-15,223.9848480224609
2017-11-16,225.88894653320312
2017-11-17,225.22515869140625
2017-11-18,225.22515869140625
2017-11-19,225.22515869140625
2017-11-20,225.6094207763672
2017-11-21,227.08555603027344
2017-11-22,226.88473510742188
2017-11-23,226.88473510742188
2017-11-24,227.4087677001953
2017-11-25,227.4087677001953
2017-11-26,227.4087677001953
2017-11-27,227.295166015625
2017-11-28,229.60104370117188
2017-11-29,229.4612579345703
2017-11-30,231.47024536132807
2017-12-01,230.9898376464844
2017-12-02,230.9898376464844
2017-12-03,230.9898376464844
2017-12-04,230.71031188964844
2017-12-05,229.8805694580078
2017-12-06,229.92420959472656
2017-12-07,230.64920043945312
2017-12-08,231.90692138671875
2017-12-09,231.90692138671875
2017-12-10,231.90692138671875
2017-12-11,232.6057586669922
2017-12-12,233.01626586914065
2017-12-13,232.99002075195312
2017-12-14,232.03797912597656
2017-12-15,233.9703063964844
2017-12-16,233.9703063964844
2017-12-17,233.9703063964844
2017-12-18,235.45391845703125
2017-12-19,234.5496368408203
2017-12-20,234.42677307128903
2017-12-21,234.9095458984375
2017-12-22,234.8481292724609
2017-12-23,234.8481292724609
2017-12-24,234.8481292724609
2017-12-25,234.8481292724609
2017-12-26,234.567138671875
2017-12-27,234.6813201904297
2017-12-28,235.16416931152344
2017-12-29,234.2774810791016
2017-12-30,234.2774810791016
2017-12-31,234.2774810791016
2018-01-01,234.2774810791016
2018-01-02,235.9542999267578
2018-01-03,237.44677734375
2018-01-04,238.44749450683597
2018-01-05,240.03662109375
2018-01-06,240.03662109375
2018-01-07,240.03662109375
2018-01-08,240.4754638671875
2018-01-09,241.01986694335935
2018-01-10,240.65109252929688
2018-01-11,242.4068756103516
2018-01-12,243.98719787597656
2018-01-13,243.98719787597656
2018-01-14,243.98719787597656
2018-01-15,243.98719787597656
2018-01-16,243.1531219482422
2018-01-17,245.4707794189453
2018-01-18,245.05816650390625
2018-01-19,246.17306518554688
2018-01-20,246.17306518554688
2018-01-21,246.17306518554688
2018-01-22,248.1747894287109
2018-01-23,248.7014312744141
2018-01-24,248.6048583984375
2018-01-25,248.710205078125
2018-01-26,251.5897216796875
2018-01-27,251.5897216796875
2018-01-28,251.5897216796875
2018-01-29,249.92172241210935
2018-01-30,247.35821533203125
2018-01-31,247.481201171875
2018-02-01,247.20022583007807
2018-02-02,241.8187561035156
2018-02-03,241.8187561035156
2018-02-04,241.8187561035156
2018-02-05,231.70518493652344
2018-02-06,236.27035522460935
2018-02-07,234.98861694335935
2018-02-08,226.17446899414065
2018-02-09,229.5719451904297
2018-02-10,229.5719451904297
2018-02-11,229.5719451904297
2018-02-12,232.94305419921875
2018-02-13,233.5225372314453
2018-02-14,236.67417907714844
2018-02-15,239.69412231445312
2018-02-16,239.7644195556641
2018-02-17,239.7644195556641
2018-02-18,239.7644195556641
2018-02-19,239.7644195556641
2018-02-20,238.26315307617188
2018-02-21,237.0780487060547
2018-02-22,237.38526916503903
2018-02-23,241.1690368652344
2018-02-24,241.1690368652344
2018-02-25,241.1690368652344
2018-02-26,243.96966552734372
2018-02-27,240.9232482910156
2018-02-28,238.4826202392578
2018-03-01,235.0149688720703
2018-03-02,236.22642517089844
2018-03-03,236.22642517089844
2018-03-04,236.22642517089844
2018-03-05,238.95677185058597
2018-03-06,239.5624847412109
2018-03-07,239.4746856689453
2018-03-08,240.63348388671875
2018-03-09,244.8211669921875
2018-03-10,244.8211669921875
2018-03-11,244.8211669921875
2018-03-12,244.5138397216797
2018-03-13,242.93365478515625
2018-03-14,241.6869964599609
2018-03-15,241.4236602783203
2018-03-16,241.6854248046875
2018-03-17,241.6854248046875
2018-03-18,241.6854248046875
2018-03-19,238.4154052734375
2018-03-20,238.82083129882807
2018-03-21,238.3624420166016
2018-03-22,232.4040679931641
2018-03-23,227.45046997070312
2018-03-24,227.45046997070312
2018-03-25,227.45046997070312
2018-03-26,233.6732482910156
2018-03-27,229.69813537597656
2018-03-28,229.0194854736328
2018-03-29,231.9457550048828
2018-03-30,231.9457550048828
2018-03-31,231.9457550048828
2018-04-01,231.9457550048828
2018-04-02,226.93930053710935
2018-04-03,229.84796142578125
2018-04-04,232.30712890625
2018-04-05,234.14047241210935
2018-04-06,228.92242431640625
2018-04-07,228.92242431640625
2018-04-08,228.92242431640625
2018-04-09,230.0506896972656
2018-04-10,233.70855712890625
2018-04-11,232.4834442138672
2018-04-12,234.3960876464844
2018-04-13,233.70855712890625
2018-04-14,233.70855712890625
2018-04-15,233.70855712890625
2018-04-16,235.63003540039065
2018-04-17,238.1509552001953
2018-04-18,238.32720947265625
2018-04-19,237.00511169433597
2018-04-20,234.99545288085935
2018-04-21,234.99545288085935
2018-04-22,234.99545288085935
2018-04-23,234.96014404296875
2018-04-24,231.79592895507807
2018-04-25,232.3688201904297
2018-04-26,234.7310333251953
2018-04-27,234.95138549804688
2018-04-28,234.95138549804688
2018-04-29,234.95138549804688
2018-04-30,233.14447021484372
2018-05-01,233.55877685546875
2018-05-02,231.98980712890625
2018-05-03,231.4786071777344
2018-05-04,234.47547912597656
2018-05-05,234.47547912597656
2018-05-06,234.47547912597656
2018-05-07,235.26873779296875
2018-05-08,235.26873779296875
2018-05-09,237.5427703857422
2018-05-10,239.7638702392578
2018-05-11,240.4955139160156
2018-05-12,240.4955139160156
2018-05-13,240.4955139160156
2018-05-14,240.61007690429688
2018-05-15,238.9530029296875
2018-05-16,239.9578094482422
2018-05-17,239.75515747070312
2018-05-18,239.15577697753903
2018-05-19,239.15577697753903
2018-05-20,239.15577697753903
2018-05-21,240.953857421875
2018-05-22,240.283935546875
2018-05-23,240.9449920654297
2018-05-24,240.4513702392578
2018-05-25,239.8785858154297
2018-05-26,239.8785858154297
2018-05-27,239.8785858154297
2018-05-28,239.8785858154297
2018-05-29,237.11964416503903
2018-05-30,240.283935546875
2018-05-31,238.81198120117188
2018-06-01,241.15655517578125
2018-06-02,241.15655517578125
2018-06-03,241.15655517578125
2018-06-04,242.3024139404297
2018-06-05,242.4786834716797
2018-06-06,244.5059814453125
2018-06-07,244.4795684814453
2018-06-08,245.2021942138672
2018-06-09,245.2021942138672
2018-06-10,245.2021942138672
2018-06-11,245.5284576416016
2018-06-12,245.8457794189453
2018-06-13,245.06121826171875
2018-06-14,245.67828369140625
2018-06-15,245.36485290527344
2018-06-16,245.36485290527344
2018-06-17,245.36485290527344
2018-06-18,244.86019897460935
2018-06-19,243.9216461181641
2018-06-20,244.3378143310547
2018-06-21,242.80609130859372
2018-06-22,243.2487945556641
2018-06-23,243.2487945556641
2018-06-24,243.2487945556641
2018-06-25,239.9375
2018-06-26,240.46875
2018-06-27,238.4766082763672
2018-06-28,239.840087890625
2018-06-29,240.18539428710935
2018-06-30,240.18539428710935
2018-07-01,240.18539428710935
2018-07-02,240.6988525390625
2018-07-03,239.84890747070312
2018-07-04,239.84890747070312
2018-07-05,241.8056182861328
2018-07-06,243.8508453369141
2018-07-07,243.8508453369141
2018-07-08,243.8508453369141
2018-07-09,246.04660034179688
2018-07-10,246.9319000244141
2018-07-11,245.12583923339844
2018-07-12,247.34811401367188
2018-07-13,247.5428924560547
2018-07-14,247.5428924560547
2018-07-15,247.5428924560547
2018-07-16,247.3215484619141
2018-07-17,248.3220367431641
2018-07-18,248.8444976806641
2018-07-19,247.90582275390625
2018-07-20,247.6225433349609
2018-07-21,247.6225433349609
2018-07-22,247.6225433349609
2018-07-23,248.08294677734372
2018-07-24,249.33126831054688
2018-07-25,251.45616149902344
2018-07-26,250.86306762695312
2018-07-27,249.1630401611328
2018-07-28,249.1630401611328
2018-07-29,249.1630401611328
2018-07-30,247.8614959716797
2018-07-31,249.08338928222656
2018-08-01,248.66732788085935
2018-08-02,250.02198791503903
2018-08-03,251.0931701660156
2018-08-04,251.0931701660156
2018-08-05,251.0931701660156
2018-08-06,252.01400756835935
2018-08-07,252.84625244140625
2018-08-08,252.73997497558597
2018-08-09,252.39476013183597
2018-08-10,250.70358276367188
2018-08-11,250.70358276367188
2018-08-12,250.70358276367188
2018-08-13,249.76519775390625
2018-08-14,251.3588409423828
2018-08-15,249.4818878173828
2018-08-16,251.5006103515625
2018-08-17,252.3858795166016
2018-08-18,252.3858795166016
2018-08-19,252.3858795166016
2018-08-20,252.9259796142578
2018-08-21,253.5190887451172
2018-08-22,253.3686981201172
2018-08-23,253.03219604492188
2018-08-24,254.5551300048828
2018-08-25,254.5551300048828
2018-08-26,254.5551300048828
2018-08-27,256.5648498535156
2018-08-28,256.6888122558594
2018-08-29,258.07000732421875
2018-08-30,257.0252380371094
2018-08-31,257.0342102050781
2018-09-01,257.0342102050781
2018-09-02,257.0342102050781
2018-09-03,257.0342102050781
2018-09-04,256.5915222167969
2018-09-05,255.90087890625
2018-09-06,255.13059997558597
2018-09-07,254.6347198486328
2018-09-08,254.6347198486328
2018-09-09,254.6347198486328
2018-09-10,255.07742309570312
2018-09-11,255.9185028076172
2018-09-12,255.9805450439453
2018-09-13,257.4944763183594
2018-09-14,257.5387878417969
2018-09-15,257.5387878417969
2018-09-16,257.5387878417969
2018-09-17,256.1752624511719
2018-09-18,257.5653686523437
2018-09-19,257.8398742675781
2018-09-20,259.9292297363281
2018-09-21,259.6918640136719
2018-09-22,259.6918640136719
2018-09-23,259.6918640136719
2018-09-24,258.8289794921875
2018-09-25,258.5890197753906
2018-09-26,257.815185546875
2018-09-27,258.5355834960937
2018-09-28,258.5623779296875
2018-09-29,258.5623779296875
2018-09-30,258.5623779296875
2018-10-01,259.4606018066406
2018-10-02,259.3095092773437
2018-10-03,259.4516906738281
2018-10-04,257.4239501953125
2018-10-05,255.98309326171875
2018-10-06,255.98309326171875
2018-10-07,255.98309326171875
2018-10-08,255.98309326171875
2018-10-09,255.60958862304688
2018-10-10,247.51614379882807
2018-10-11,242.06419372558597
2018-10-12,245.42608642578125
2018-10-13,245.42608642578125
2018-10-14,245.42608642578125
2018-10-15,244.0475311279297
2018-10-16,249.38381958007807
2018-10-17,249.4283142089844
2018-10-18,245.8263092041016
2018-10-19,245.69284057617188
2018-10-20,245.69284057617188
2018-10-21,245.69284057617188
2018-10-22,244.59007263183597
2018-10-23,243.3449249267578
2018-10-24,235.9718780517578
2018-10-25,240.2053680419922
2018-10-26,235.9807281494141
2018-10-27,235.9807281494141
2018-10-28,235.9807281494141
2018-10-29,234.67335510253903
2018-10-30,238.1509246826172
2018-10-31,240.69454956054688
2018-11-01,243.2559814453125
2018-11-02,241.8152008056641
2018-11-03,241.8152008056641
2018-11-04,241.8152008056641
2018-11-05,243.14927673339844
2018-11-06,244.68788146972656
2018-11-07,249.9263610839844
2018-11-08,249.47283935546875
2018-11-09,247.03587341308597
2018-11-10,247.03587341308597
2018-11-11,247.03587341308597
2018-11-12,242.419921875
2018-11-13,241.9663848876953
2018-11-14,240.3121337890625
2018-11-15,242.82015991210935
2018-11-16,243.4516448974609
2018-11-17,243.4516448974609
2018-11-18,243.4516448974609
2018-11-19,239.33370971679688
2018-11-20,234.9046630859375
2018-11-21,235.70509338378903
2018-11-22,235.70509338378903
2018-11-23,234.1309356689453
2018-11-24,234.1309356689453
2018-11-25,234.1309356689453
2018-11-26,237.9108123779297
2018-11-27,238.71124267578125
2018-11-28,244.2075958251953
2018-11-29,243.67398071289065
2018-11-30,245.1592559814453
2018-12-01,245.1592559814453
2018-12-02,245.1592559814453
2018-12-03,248.40554809570312
2018-12-04,240.35659790039065
2018-12-05,240.35659790039065
2018-12-06,239.991943359375
2018-12-07,234.4154815673828
2018-12-08,234.4154815673828
2018-12-09,234.4154815673828
2018-12-10,234.86019897460935
2018-12-11,234.9134979248047
2018-12-12,236.09640502929688
2018-12-13,236.01634216308597
2018-12-14,231.65841674804688
2018-12-15,231.65841674804688
2018-12-16,231.65841674804688
2018-12-17,227.11363220214844
2018-12-18,226.86459350585935
2018-12-19,223.46714782714844
2018-12-20,219.8295745849609
2018-12-21,215.32530212402344
2018-12-22,215.32530212402344
2018-12-23,215.32530212402344
2018-12-24,209.6358337402344
2018-12-25,209.6358337402344
2018-12-26,220.2276763916016
2018-12-27,221.91839599609372
2018-12-28,221.63217163085935
2018-12-29,221.63217163085935
2018-12-30,221.63217163085935
2018-12-31,223.57339477539065
2019-01-01,223.57339477539065
2019-01-02,223.8059539794922
2019-01-03,218.4653167724609
2019-01-04,225.7829742431641
2019-01-05,225.7829742431641
2019-01-06,225.7829742431641
2019-01-07,227.56317138671875
2019-01-08,229.70118713378903
2019-01-09,230.7747039794922
2019-01-10,231.5887908935547
2019-01-11,231.6782989501953
2019-01-12,231.6782989501953
2019-01-13,231.6782989501953
2019-01-14,230.26480102539065
2019-01-15,232.9037933349609
2019-01-16,233.4674530029297
2019-01-17,235.23866271972656
2019-01-18,238.36968994140625
2019-01-19,238.36968994140625
2019-01-20,238.36968994140625
2019-01-21,238.36968994140625
2019-01-22,235.14920043945312
2019-01-23,235.6412506103516
2019-01-24,235.76646423339844
2019-01-25,237.7613983154297
2019-01-26,237.7613983154297
2019-01-27,237.7613983154297
2019-01-28,235.954345703125
2019-01-29,235.6412506103516
2019-01-30,239.3716278076172
2019-01-31,241.47386169433597
2019-02-01,241.59017944335935
2019-02-02,241.59017944335935
2019-02-03,241.59017944335935
2019-02-04,243.2899169921875
2019-02-05,244.30975341796875
2019-02-06,243.98776245117188
2019-02-07,241.6617584228516
2019-02-08,241.9569549560547
2019-02-09,241.9569549560547
2019-02-10,241.9569549560547
2019-02-11,242.09115600585935
2019-02-12,245.20433044433597
2019-02-13,246.0004119873047
2019-02-14,245.45480346679688
2019-02-15,248.1295318603516
2019-02-16,248.1295318603516
2019-02-17,248.1295318603516
2019-02-18,248.1295318603516
2019-02-19,248.55902099609372
2019-02-20,249.0599670410156
2019-02-21,248.17434692382807
2019-02-22,249.7130126953125
2019-02-23,249.7130126953125
2019-02-24,249.7130126953125
2019-02-25,250.05288696289065
2019-02-26,249.8740081787109
2019-02-27,249.7667694091797
2019-02-28,249.3014373779297
2019-03-01,250.85812377929688
2019-03-02,250.85812377929688
2019-03-03,250.85812377929688
2019-03-04,249.945556640625
2019-03-05,249.605712890625
2019-03-06,248.09376525878903
2019-03-07,246.0183563232422
2019-03-08,245.52633666992188
2019-03-09,245.52633666992188
2019-03-10,245.52633666992188
2019-03-11,249.08673095703125
2019-03-12,250.02609252929688
2019-03-13,251.6811065673828
2019-03-14,251.5200958251953
2019-03-15,252.76272583007807
2019-03-16,252.76272583007807
2019-03-17,252.76272583007807
2019-03-18,253.67919921875
2019-03-19,253.74205017089844
2019-03-20,252.97837829589844
2019-03-21,255.8355865478516
2019-03-22,250.9117431640625
2019-03-23,250.9117431640625
2019-03-24,250.9117431640625
2019-03-25,250.7230987548828
2019-03-26,252.5919647216797
2019-03-27,251.2710876464844
2019-03-28,252.22360229492188
2019-03-29,253.8140869140625
2019-03-30,253.8140869140625
2019-03-31,253.8140869140625
2019-04-01,256.8239440917969
2019-04-02,256.94976806640625
2019-04-03,257.3540344238281
2019-04-04,258.0370178222656
2019-04-05,259.2860412597656
2019-04-06,259.2860412597656
2019-04-07,259.2860412597656
2019-04-08,259.48358154296875
2019-04-09,258.15386962890625
2019-04-10,259.0343322753906
2019-04-11,258.9624938964844
2019-04-12,260.7145690917969
2019-04-13,260.7145690917969
2019-04-14,260.7145690917969
2019-04-15,260.5438842773437
2019-04-16,260.7145690917969
2019-04-17,260.0766296386719
2019-04-18,260.5888061523437
2019-04-19,260.5888061523437
2019-04-20,260.5888061523437
2019-04-21,260.5888061523437
2019-04-22,260.8133850097656
2019-04-23,263.1585998535156
2019-04-24,262.57452392578125
2019-04-25,262.412841796875
2019-04-26,263.634765625
2019-04-27,263.634765625
2019-04-28,263.634765625
2019-04-29,264.048095703125
2019-04-30,264.182861328125
2019-05-01,262.1971130371094
2019-05-02,261.631103515625
2019-05-03,264.1918029785156
2019-05-04,264.1918029785156
2019-05-05,264.1918029785156
2019-05-06,263.10467529296875
2019-05-07,258.7108459472656
2019-05-08,258.3514709472656
2019-05-09,257.5697631835937
2019-05-10,258.8636474609375
2019-05-11,258.8636474609375
2019-05-12,258.8636474609375
2019-05-13,252.3583526611328
2019-05-14,254.6405487060547
2019-05-15,256.1322021484375
2019-05-16,258.50421142578125
2019-05-17,256.83306884765625
2019-05-18,256.83306884765625
2019-05-19,256.83306884765625
2019-05-20,255.1347198486328
2019-05-21,257.4350280761719
2019-05-22,256.6444091796875
2019-05-23,253.5085601806641
2019-05-24,254.08355712890625
2019-05-25,254.08355712890625
2019-05-26,254.08355712890625
2019-05-27,254.08355712890625
2019-05-28,251.7204132080078
2019-05-29,250.03118896484372
2019-05-30,250.71414184570312
2019-05-31,247.3355712890625
2019-06-01,247.3355712890625
2019-06-02,247.3355712890625
2019-06-03,246.7066650390625
2019-06-04,252.06182861328125
2019-06-05,254.24522399902344
2019-06-06,255.89854431152344
2019-06-07,258.459228515625
2019-06-08,258.459228515625
2019-06-09,258.459228515625
2019-06-10,259.6453857421875
2019-06-11,259.5824890136719
2019-06-12,259.1242980957031
2019-06-13,260.1934814453125
2019-06-14,259.906005859375
2019-06-15,259.906005859375
2019-06-16,259.906005859375
2019-06-17,260.0047912597656
2019-06-18,262.7273254394531
2019-06-19,263.3203430175781
2019-06-20,265.836181640625
2019-06-21,265.44976806640625
2019-06-22,265.44976806640625
2019-06-23,265.44976806640625
2019-06-24,265.1247253417969
2019-06-25,262.5243835449219
2019-06-26,262.2625427246094
2019-06-27,263.19244384765625
2019-06-28,264.5469055175781
2019-06-29,264.5469055175781
2019-06-30,264.5469055175781
2019-07-01,266.9485168457031
2019-07-02,267.6436767578125
2019-07-03,269.7835693359375
2019-07-04,269.7835693359375
2019-07-05,269.47662353515625
2019-07-06,269.47662353515625
2019-07-07,269.47662353515625
2019-07-08,267.995849609375
2019-07-09,268.3299560546875
2019-07-10,269.61212158203125
2019-07-11,270.2440185546875
2019-07-12,271.4539489746094
2019-07-13,271.4539489746094
2019-07-14,271.4539489746094
2019-07-15,271.5442810058594
2019-07-16,270.6683654785156
2019-07-17,268.8265380859375
2019-07-18,269.8106689453125
2019-07-19,268.3118896484375
2019-07-20,268.3118896484375
2019-07-21,268.3118896484375
2019-07-22,268.97100830078125
2019-07-23,270.8941345214844
2019-07-24,272.16729736328125
2019-07-25,270.8670349121094
2019-07-26,272.681884765625
2019-07-27,272.681884765625
2019-07-28,272.681884765625
2019-07-29,272.18536376953125
2019-07-30,271.51715087890625
2019-07-31,268.5466613769531
2019-08-01,266.20819091796875
2019-08-02,264.2037658691406
2019-08-03,264.2037658691406
2019-08-04,264.2037658691406
2019-08-05,256.2583312988281
2019-08-06,259.8518371582031
2019-08-07,260.0052795410156
2019-08-08,265.1065673828125
2019-08-09,263.3008117675781
2019-08-10,263.3008117675781
2019-08-11,263.3008117675781
2019-08-12,260.0955505371094
2019-08-13,264.1405029296875
2019-08-14,256.3305053710937
2019-08-15,257.0076904296875
2019-08-16,260.79986572265625
2019-08-17,260.79986572265625
2019-08-18,260.79986572265625
2019-08-19,263.9418334960937
2019-08-20,261.91943359375
2019-08-21,264.0502624511719
2019-08-22,263.9689025878906
2019-08-23,257.1882629394531
2019-08-24,257.1882629394531
2019-08-25,257.1882629394531
2019-08-26,260.0323791503906
2019-08-27,259.0121154785156
2019-08-28,260.8359680175781
2019-08-29,264.1676330566406
2019-08-30,264.0502624511719
2019-08-31,264.0502624511719
2019-09-01,264.0502624511719
2019-09-02,264.0502624511719
2019-09-03,262.5062561035156
2019-09-04,265.4858703613281
2019-09-05,268.8988647460937
2019-09-06,269.1063842773437
2019-09-07,269.1063842773437
2019-09-08,269.1063842773437
2019-09-09,269.2418518066406
2019-09-10,269.1787414550781
2019-09-11,271.09283447265625
2019-09-12,272.03173828125
2019-09-13,271.8512268066406
2019-09-14,271.8512268066406
2019-09-15,271.8512268066406
2019-09-16,271.0115661621094
2019-09-17,271.6977233886719
2019-09-18,271.8602905273437
2019-09-19,271.8421325683594
2019-09-20,270.5577697753906
2019-09-21,270.5577697753906
2019-09-22,270.5577697753906
2019-09-23,270.4942626953125
2019-09-24,268.3717346191406
2019-09-25,269.9591064453125
2019-09-26,269.3967590332031
2019-09-27,267.94549560546875
2019-09-28,267.94549560546875
2019-09-29,267.94549560546875
2019-09-30,269.1880798339844
2019-10-01,265.9862365722656
2019-10-02,261.28759765625
2019-10-03,263.4283142089844
2019-10-04,266.9930725097656
2019-10-05,266.9930725097656
2019-10-06,266.9930725097656
2019-10-07,265.8410949707031
2019-10-08,261.71392822265625
2019-10-09,264.19927978515625
2019-10-10,265.9862365722656
2019-10-11,268.74365234375
2019-10-12,268.74365234375
2019-10-13,268.74365234375
2019-10-14,268.4443054199219
2019-10-15,271.1019897460937
2019-10-16,270.6666259765625
2019-10-17,271.46490478515625
2019-10-18,270.276611328125
2019-10-19,270.276611328125
2019-10-20,270.276611328125
2019-10-21,272.10888671875
2019-10-22,271.2199401855469
2019-10-23,272.0090637207031
2019-10-24,272.4534606933594
2019-10-25,273.5692443847656
2019-10-26,273.5692443847656
2019-10-27,273.5692443847656
2019-10-28,275.1112060546875
2019-10-29,275.02960205078125
2019-10-30,275.873291015625
2019-10-31,275.13848876953125
2019-11-01,277.6872863769531
2019-11-02,277.6872863769531
2019-11-03,277.6872863769531
2019-11-04,278.8029479980469
2019-11-05,278.49462890625
2019-11-06,278.5580139160156
2019-11-07,279.5376281738281
2019-11-08,280.2270812988281
2019-11-09,280.2270812988281
2019-11-10,280.2270812988281
2019-11-11,279.6918029785156
2019-11-12,280.2814025878906
2019-11-13,280.37225341796875
2019-11-14,280.7803039550781
2019-11-15,282.8121337890625
2019-11-16,282.8121337890625
2019-11-17,282.8121337890625
2019-11-18,283.0207824707031
2019-11-19,282.93927001953125
2019-11-20,281.88702392578125
2019-11-21,281.4334411621094
2019-11-22,282.059326171875
2019-11-23,282.059326171875
2019-11-24,282.059326171875
2019-11-25,284.2453308105469
2019-11-26,284.88934326171875
2019-11-27,286.1591186523437
2019-11-28,286.1591186523437
2019-11-29,285.0979309082031
2019-11-30,285.0979309082031
2019-12-01,285.0979309082031
2019-12-02,282.6761169433594
2019-12-03,280.7803039550781
2019-12-04,282.51275634765625
2019-12-05,283.0207824707031
2019-12-06,285.6059265136719
2019-12-07,285.6059265136719
2019-12-08,285.6059265136719
2019-12-09,284.7078857421875
2019-12-10,284.3904724121094
2019-12-11,285.19775390625
2019-12-12,287.6558532714844
2019-12-13,287.8281555175781
2019-12-14,287.8281555175781
2019-12-15,287.8281555175781
2019-12-16,289.8056030273437
2019-12-17,289.8690490722656
2019-12-18,289.8871459960937
2019-12-19,291.07550048828125
2019-12-20,292.3515930175781
2019-12-21,292.3515930175781
2019-12-22,292.3515930175781
2019-12-23,292.7982788085937
2019-12-24,292.80743408203125
2019-12-25,292.80743408203125
2019-12-26,294.3660583496094
2019-12-27,294.2931213378906
2019-12-28,294.2931213378906
2019-12-29,294.2931213378906
2019-12-30,292.67059326171875
2019-12-31,293.38165283203125
2020-01-01,293.38165283203125
2020-01-02,296.1252746582031
2020-01-03,293.8830261230469
2020-01-04,293.8830261230469
2020-01-05,293.8830261230469
2020-01-06,295.00408935546875
2020-01-07,294.17462158203125
2020-01-08,295.74249267578125
2020-01-09,297.747802734375
2020-01-10,296.8909912109375
2020-01-11,296.8909912109375
2020-01-12,296.8909912109375
2020-01-13,298.9327087402344
2020-01-14,298.47705078125
2020-01-15,299.15155029296875
2020-01-16,301.6399841308594
2020-01-17,302.5788879394531
2020-01-18,302.5788879394531
2020-01-19,302.5788879394531
2020-01-20,302.5788879394531
2020-01-21,301.98638916015625
2020-01-22,302.0228271484375
2020-01-23,302.36920166015625
2020-01-24,299.6802062988281
2020-01-25,299.6802062988281
2020-01-26,299.6802062988281
2020-01-27,294.87646484375
2020-01-28,297.966552734375
2020-01-29,297.7205505371094
2020-01-30,298.6866149902344
2020-01-31,293.2630920410156
2020-02-01,293.2630920410156
2020-02-02,293.2630920410156
2020-02-03,295.4416198730469
2020-02-04,299.944580078125
2020-02-05,303.4082946777344
2020-02-06,304.42919921875
2020-02-07,302.80670166015625
2020-02-08,302.80670166015625
2020-02-09,302.80670166015625
2020-02-10,305.0672607421875
2020-02-11,305.59600830078125
2020-02-12,307.5648193359375
2020-02-13,307.2367248535156
2020-02-14,307.7289733886719
2020-02-15,307.7289733886719
2020-02-16,307.7289733886719
2020-02-17,307.7289733886719
2020-02-18,306.9359130859375
2020-02-19,308.4034423828125
2020-02-20,307.1364440917969
2020-02-21,303.9735107421875
2020-02-22,303.9735107421875
2020-02-23,303.9735107421875
2020-02-24,293.89215087890625
2020-02-25,284.9864807128906
2020-02-26,283.9382629394531
2020-02-27,271.1861267089844
2020-02-28,270.0468139648437
2020-02-29,270.0468139648437
2020-03-01,270.0468139648437
2020-03-02,281.7415771484375
2020-03-03,273.6744384765625
2020-03-04,285.1779479980469
2020-03-05,275.6981201171875
2020-03-06,271.1405029296875
2020-03-07,271.1405029296875
2020-03-08,271.1405029296875
2020-03-09,249.9660186767578
2020-03-10,262.9005126953125
2020-03-11,250.0843811035156
2020-03-12,226.15704345703125
2020-03-13,245.49034118652344
2020-03-14,245.49034118652344
2020-03-15,245.49034118652344
2020-03-16,218.6279144287109
2020-03-17,230.43212890625
2020-03-18,218.76467895507807
2020-03-19,219.2295379638672
2020-03-20,209.7820281982422
2020-03-21,209.7820281982422
2020-03-22,209.7820281982422
2020-03-23,204.4182281494141
2020-03-24,222.939208984375
2020-03-25,226.2766265869141
2020-03-26,239.4888916015625
2020-03-27,232.3555450439453
2020-03-28,232.3555450439453
2020-03-29,232.3555450439453
2020-03-30,239.90147399902344
2020-03-31,236.3256378173828
2020-04-01,225.6898651123047
2020-04-02,230.89773559570312
2020-04-03,227.56033325195312
2020-04-04,227.56033325195312
2020-04-05,227.56033325195312
2020-04-06,242.84461975097656
2020-04-07,243.0922393798828
2020-04-08,251.25245666503903
2020-04-09,255.0758819580078
2020-04-10,255.0758819580078
2020-04-11,255.0758819580078
2020-04-12,255.0758819580078
2020-04-13,252.7470245361328
2020-04-14,260.201171875
2020-04-15,254.67230224609372
2020-04-16,255.9010467529297
2020-04-17,262.8143615722656
2020-04-18,262.8143615722656
2020-04-19,262.8143615722656
2020-04-20,258.1840209960937
2020-04-21,250.34475708007807
2020-04-22,255.9010467529297
2020-04-23,255.88265991210935
2020-04-24,259.4493408203125
2020-04-25,259.4493408203125
2020-04-26,259.4493408203125
2020-04-27,263.190185546875
2020-04-28,261.9799194335937
2020-04-29,268.8382263183594
2020-04-30,266.33514404296875
2020-05-01,259.2842712402344
2020-05-02,259.2842712402344
2020-05-03,259.2842712402344
2020-05-04,259.9994506835937
2020-05-05,262.40167236328125
2020-05-06,260.6229553222656
2020-05-07,263.7677917480469
2020-05-08,268.1321716308594
2020-05-09,268.1321716308594
2020-05-10,268.1321716308594
2020-05-11,268.1872253417969
2020-05-12,262.8418273925781
2020-05-13,258.1932067871094
2020-05-14,261.28302001953125
2020-05-15,262.4842224121094
2020-05-16,262.4842224121094
2020-05-17,262.4842224121094
2020-05-18,270.4794006347656
2020-05-19,267.7012939453125
2020-05-20,272.2489013671875
2020-05-21,270.3693542480469
2020-05-22,270.8827819824219
2020-05-23,270.8827819824219
2020-05-24,270.8827819824219
2020-05-25,270.8827819824219
2020-05-26,274.22021484375
2020-05-27,278.3003234863281
2020-05-28,277.7868957519531
2020-05-29,279.0246887207031
2020-05-30,279.0246887207031
2020-05-31,279.0246887207031
2020-06-01,280.15240478515625
2020-06-02,282.4721069335937
2020-06-03,286.2313842773437
2020-06-04,285.47955322265625
2020-06-05,292.7962341308594
2020-06-06,292.7962341308594
2020-06-07,292.7962341308594
2020-06-08,296.33551025390625
2020-06-09,294.125732421875
2020-06-10,292.4844665527344
2020-06-11,275.623046875
2020-06-12,278.92388916015625
2020-06-13,278.92388916015625
2020-06-14,278.92388916015625
2020-06-15,281.5277709960937
2020-06-16,286.9466247558594
2020-06-17,285.7546081542969
2020-06-18,285.8646545410156
2020-06-19,284.23095703125
2020-06-20,284.23095703125
2020-06-21,284.23095703125
2020-06-22,286.05426025390625
2020-06-23,287.37127685546875
2020-06-24,280.04071044921875
2020-06-25,283.0429992675781
2020-06-26,276.3202514648437
2020-06-27,276.3202514648437
2020-06-28,276.3202514648437
2020-06-29,280.3815612792969
2020-06-30,283.9730529785156
2020-07-01,285.96221923828125
2020-07-02,287.5370178222656
2020-07-03,287.5370178222656
2020-07-04,287.5370178222656
2020-07-05,287.5370178222656
2020-07-06,291.9757995605469
2020-07-07,288.9644775390625
2020-07-08,291.17462158203125
2020-07-09,289.5170288085937
2020-07-10,292.47314453125
2020-07-11,292.47314453125
2020-07-12,292.47314453125
2020-07-13,289.9405517578125
2020-07-14,293.6979675292969
2020-07-15,296.3962707519531
2020-07-16,295.4200439453125
2020-07-17,296.27642822265625
2020-07-18,296.27642822265625
2020-07-19,296.27642822265625
2020-07-20,298.6708984375
2020-07-21,299.3063049316406
2020-07-22,301.010009765625
2020-07-23,297.4183959960937
2020-07-24,295.5029602050781
2020-07-25,295.5029602050781
2020-07-26,295.5029602050781
2020-07-27,297.65789794921875
2020-07-28,295.7699279785156
2020-07-29,299.4076232910156
2020-07-30,298.3392944335937
2020-07-31,300.6968994140625
2020-08-01,300.6968994140625
2020-08-02,300.6968994140625
2020-08-03,302.7873840332031
2020-08-04,303.9568786621094
2020-08-05,305.8448181152344
2020-08-06,307.8892517089844
2020-08-07,308.1103210449219
2020-08-08,308.1103210449219
2020-08-09,308.1103210449219
2020-08-10,309.0312194824219
2020-08-11,306.48028564453125
2020-08-12,310.7532958984375
2020-08-13,310.19146728515625
2020-08-14,310.2007141113281
2020-08-15,310.2007141113281
2020-08-16,310.2007141113281
2020-08-17,311.1861572265625
2020-08-18,311.8583679199219
2020-08-19,310.55975341796875
2020-08-20,311.5268859863281
2020-08-21,312.6319580078125
2020-08-22,312.6319580078125
2020-08-23,312.6319580078125
2020-08-24,315.7998962402344
2020-08-25,316.9049072265625
2020-08-26,320.0821228027344
2020-08-27,320.7820129394531
2020-08-28,322.85406494140625
2020-08-29,322.85406494140625
2020-08-30,322.85406494140625
2020-08-31,321.6845092773437
2020-09-01,324.7143249511719
2020-09-02,329.4109802246094
2020-09-03,318.07452392578125
2020-09-04,315.4775695800781
2020-09-05,315.4775695800781
2020-09-06,315.4775695800781
2020-09-07,315.4775695800781
2020-09-08,306.8578186035156
2020-09-09,312.9174499511719
2020-09-10,307.4841003417969
2020-09-11,307.6405944824219
2020-09-12,307.6405944824219
2020-09-13,307.6405944824219
2020-09-14,311.69256591796875
2020-09-15,313.2674255371094
2020-09-16,312.02410888671875
2020-09-17,309.2798156738281
2020-09-18,305.7192077636719
2020-09-19,305.7192077636719
2020-09-20,305.7192077636719
2020-09-21,302.316650390625
2020-09-22,305.3955078125
2020-09-23,298.3132019042969
2020-09-24,299.1082763671875
2020-09-25,303.9439697265625
2020-09-26,303.9439697265625
2020-09-27,303.9439697265625
2020-09-28,308.99224853515625
2020-09-29,307.3094177246094
2020-09-30,309.63946533203125
2020-10-01,311.6274108886719
2020-10-02,308.66864013671875
2020-10-03,308.66864013671875
2020-10-04,308.66864013671875
2020-10-05,314.14227294921875
2020-10-06,309.67645263671875
2020-10-07,315.0669250488281
2020-10-08,317.859130859375
2020-10-09,320.6976928710937
2020-10-10,320.6976928710937
2020-10-11,320.6976928710937
2020-10-12,325.85699462890625
2020-10-13,323.7303466796875
2020-10-14,321.6962585449219
2020-10-15,321.2987060546875
2020-10-16,321.1045837402344
2020-10-17,321.1045837402344
2020-10-18,321.1045837402344
2020-10-19,316.2225341796875
2020-10-20,317.48931884765625
2020-10-21,316.8883056640625
2020-10-22,318.6266174316406
2020-10-23,319.7083740234375
2020-10-24,319.7083740234375
2020-10-25,319.7083740234375
2020-10-26,313.8002319335937
2020-10-27,312.71844482421875
2020-10-28,302.030029296875
2020-10-29,305.0997314453125
2020-10-30,301.91900634765625
2020-10-31,301.91900634765625
2020-11-01,301.91900634765625
2020-11-02,305.3031616210937
2020-11-03,310.69354248046875
2020-11-04,317.6373291015625
2020-11-05,323.8321228027344
2020-11-06,323.758056640625
2020-11-07,323.758056640625
2020-11-08,323.758056640625
2020-11-09,327.8263244628906
2020-11-10,327.34552001953125
2020-11-11,329.7772827148437
2020-11-12,326.5780639648437
2020-11-13,331.09942626953125
2020-11-14,331.09942626953125
2020-11-15,331.09942626953125
2020-11-16,335.232421875
2020-11-17,333.4294128417969
2020-11-18,329.4166259765625
2020-11-19,330.8036193847656
2020-11-20,328.5382995605469
2020-11-21,328.5382995605469
2020-11-22,328.5382995605469
2020-11-23,330.5076904296875
2020-11-24,335.8334350585937
2020-11-25,335.3156433105469
2020-11-26,335.3156433105469
2020-11-27,336.2494506835937
2020-11-28,336.2494506835937
2020-11-29,336.2494506835937
2020-11-30,334.7608947753906
2020-12-01,338.4222412109375
2020-12-02,339.1342468261719
2020-12-03,339.0417785644531
2020-12-04,341.9635314941406
2020-12-05,341.9635314941406
2020-12-06,341.9635314941406
2020-12-07,341.2607727050781
2020-12-08,342.2593994140625
2020-12-09,339.189697265625
2020-12-10,339.0787353515625
2020-12-11,338.6811218261719
2020-12-12,338.6811218261719
2020-12-13,338.6811218261719
2020-12-14,337.1648254394531
2020-12-15,341.7231140136719
2020-12-16,342.2593994140625
2020-12-17,344.17333984375
2020-12-18,342.7990417480469
2020-12-19,342.7990417480469
2020-12-20,342.7990417480469
2020-12-21,341.5733642578125
2020-12-22,340.9976501464844
2020-12-23,341.3041381835937
2020-12-24,342.6319885253906
2020-12-25,342.6319885253906
2020-12-26,342.6319885253906
2020-12-27,342.6319885253906
2020-12-28,345.575439453125
2020-12-29,344.91607666015625
2020-12-30,345.4082946777344
2020-12-31,347.16326904296875
2021-01-01,347.16326904296875
2021-01-02,347.16326904296875
2021-01-03,347.16326904296875
2021-01-04,342.4369812011719
2021-01-05,344.79541015625
2021-01-06,346.85675048828125
2021-01-07,352.01025390625
2021-01-08,354.01580810546875
2021-01-09,354.01580810546875
2021-01-10,354.01580810546875
2021-01-11,351.6294860839844
2021-01-12,351.7037658691406
2021-01-13,352.65093994140625
2021-01-14,351.4159545898437
2021-01-15,348.85321044921875
2021-01-16,348.85321044921875
2021-01-17,348.85321044921875
2021-01-18,348.85321044921875
2021-01-19,351.59228515625
2021-01-20,356.4578552246094
2021-01-21,356.7828674316406
2021-01-22,355.52008056640625
2021-01-23,355.52008056640625
2021-01-24,355.52008056640625
2021-01-25,356.9222106933594
2021-01-26,356.36505126953125
2021-01-27,347.6552734375
2021-01-28,350.645263671875
2021-01-29,343.6253662109375
2021-01-30,343.6253662109375
2021-01-31,343.6253662109375
2021-02-01,349.3452453613281
2021-02-02,354.2851257324219
2021-02-03,354.5636291503906
2021-02-04,358.5934753417969
2021-02-05,360.0049133300781
2021-02-06,360.0049133300781
2021-02-07,360.0049133300781
2021-02-08,362.6048583984375
2021-02-09,362.3634643554688
2021-02-10,362.20550537109375
2021-02-11,362.7905578613281
2021-02-12,364.5826721191406
2021-02-13,364.5826721191406
2021-02-14,364.5826721191406
2021-02-15,364.5826721191406
2021-02-16,364.2669677734375
2021-02-17,364.3505554199219
2021-02-18,362.7998352050781
2021-02-19,362.15911865234375
2021-02-20,362.15911865234375
2021-02-21,362.15911865234375
2021-02-22,359.3735046386719
2021-02-23,359.8099670410156
2021-02-24,363.7747497558594
2021-02-25,355.0093688964844
2021-02-26,353.18017578125
2021-02-27,353.18017578125
2021-02-28,353.18017578125
2021-03-01,361.7413024902344
2021-03-02,358.91851806640625
2021-03-03,354.1644287109375
2021-03-04,349.7817077636719
2021-03-05,356.2165832519531
2021-03-06,356.2165832519531
2021-03-07,356.2165832519531
2021-03-08,354.4429931640625
2021-03-09,359.5035705566406
2021-03-10,361.7413024902344
2021-03-11,365.4090881347656
2021-03-12,365.9011535644531
2021-03-13,365.9011535644531
2021-03-14,365.9011535644531
2021-03-15,368.0833435058594
2021-03-16,367.6189880371094
2021-03-17,368.8725280761719
2021-03-18,363.5056457519531
2021-03-19,362.8329772949219
2021-03-20,362.8329772949219
2021-03-21,362.8329772949219
2021-03-22,365.7301025390625
2021-03-23,362.8515930175781
2021-03-24,361.0069885253906
2021-03-25,363.0379333496094
2021-03-26,368.8882446289063
2021-03-27,368.8882446289063
2021-03-28,368.8882446289063
2021-03-29,368.7019653320313
2021-03-30,367.7237243652344
2021-03-31,369.2142639160156
2021-04-01,373.2014770507813
2021-04-02,373.2014770507813
2021-04-03,373.2014770507813
2021-04-04,373.2014770507813
2021-04-05,378.55804443359375
2021-04-06,378.3345031738281
2021-04-07,378.7723083496094
2021-04-08,380.5702819824219
2021-04-09,383.3370666503906
2021-04-10,383.3370666503906
2021-04-11,383.3370666503906
2021-04-12,383.476806640625
2021-04-13,384.61334228515625
2021-04-14,383.2998046875
2021-04-15,387.4174499511719
2021-04-16,388.7123107910156
2021-04-17,388.7123107910156
2021-04-18,388.7123107910156
2021-04-19,386.8025207519531
2021-04-20,383.97064208984375
2021-04-21,387.6036987304688
2021-04-22,384.0636901855469
2021-04-23,388.2278747558594
2021-04-24,388.2278747558594
2021-04-25,388.2278747558594
2021-04-26,389.0383605957031
2021-04-27,388.95452880859375
2021-04-28,388.8426818847656
2021-04-29,391.32073974609375
2021-04-30,388.7496337890625
2021-05-01,388.7496337890625
2021-05-02,388.7496337890625
2021-05-03,389.5880126953125
2021-05-04,387.1844787597656
2021-05-05,387.3055725097656
2021-05-06,390.39849853515625
2021-05-07,393.2398376464844
2021-05-08,393.2398376464844
2021-05-09,393.2398376464844
2021-05-10,389.3458557128906
2021-05-11,385.8710021972656
2021-05-12,377.6730346679688
2021-05-13,382.2098388671875
2021-05-14,388.0787963867188
2021-05-15,388.0787963867188
2021-05-16,388.0787963867188
2021-05-17,387.0913696289063
2021-05-18,383.75634765625
2021-05-19,382.7501831054688
2021-05-20,386.8677978515625
2021-05-21,386.5510864257813
2021-05-22,386.5510864257813
2021-05-23,386.5510864257813
2021-05-24,390.4915771484375
2021-05-25,389.6253051757813
2021-05-26,390.39849853515625
2021-05-27,390.6034240722656
2021-05-28,391.3021545410156
2021-05-29,391.3021545410156
2021-05-30,391.3021545410156
2021-05-31,391.3021545410156
2021-06-01,390.9574279785156
2021-06-02,391.572265625
2021-06-03,390.1189880371094
2021-06-04,393.6870422363281
2021-06-05,393.6870422363281
2021-06-06,393.6870422363281
2021-06-07,393.3050231933594
2021-06-08,393.3888854980469
2021-06-09,392.8020629882813
2021-06-10,394.6278381347656
2021-06-11,395.2799682617188
2021-06-12,395.2799682617188
2021-06-13,395.2799682617188
2021-06-14,396.1650390625
2021-06-15,395.4383239746094
2021-06-16,393.2304382324219
2021-06-17,393.1001281738281
2021-06-18,387.7970581054688
2021-06-19,387.7970581054688
2021-06-20,387.7970581054688
2021-06-21,393.3487243652344
2021-06-22,395.4516296386719
2021-06-23,394.9750061035156
2021-06-24,397.3115234375
2021-06-25,398.7228393554688
2021-06-26,398.7228393554688
2021-06-27,398.7228393554688
2021-06-28,399.5265808105469
2021-06-29,399.7415161132813
2021-06-30,400.0780029296875
2021-07-01,402.2931213378906
2021-07-02,405.36810302734375
2021-07-03,405.36810302734375
2021-07-04,405.36810302734375
2021-07-05,405.36810302734375
2021-07-06,404.6296691894531
2021-07-07,406.0596618652344
2021-07-08,402.7510681152344
2021-07-09,407.0503540039063
2021-07-10,407.0503540039063
2021-07-11,407.0503540039063
2021-07-12,408.5083923339844
2021-07-13,407.1158447265625
2021-07-14,407.7233276367188
2021-07-15,406.3307189941406
2021-07-16,403.14361572265625
2021-07-17,403.14361572265625
2021-07-18,403.14361572265625
2021-07-19,397.1900024414063
2021-07-20,402.8819580078125
2021-07-21,406.143798828125
2021-07-22,406.9942932128906
2021-07-23,411.1814575195313
2021-07-24,411.1814575195313
2021-07-25,411.1814575195313
2021-07-26,412.1908264160156
2021-07-27,410.312255859375
2021-07-28,410.1440124511719
2021-07-29,411.8450622558594
2021-07-30,409.8449096679688
2021-07-31,409.8449096679688
2021-08-01,409.8449096679688
2021-08-02,408.9850769042969
2021-08-03,412.3122863769531
2021-08-04,410.28424072265625
2021-08-05,412.8824768066406
2021-08-06,413.5647583007813
2021-08-07,413.5647583007813
2021-08-08,413.5647583007813
2021-08-09,413.2283020019531
2021-08-10,413.7423400878906
2021-08-11,414.7704772949219
2021-08-12,416.0135192871094
2021-08-13,416.77056884765625
2021-08-14,416.77056884765625
2021-08-15,416.77056884765625
2021-08-16,417.7518615722656
2021-08-17,415.0134887695313
2021-08-18,410.4710998535156
2021-08-19,411.1066589355469
2021-08-20,414.3779296875
2021-08-21,414.3779296875
2021-08-22,414.3779296875
2021-08-23,418.0230102539063
2021-08-24,418.6865539550781
2021-08-25,419.5651550292969
2021-08-26,417.08831787109375
2021-08-27,420.8174743652344
2021-08-28,420.8174743652344
2021-08-29,420.8174743652344
2021-08-30,422.66802978515625
2021-08-31,422.0418090820313
2021-09-01,422.2662048339844
2021-09-02,423.5653076171875
2021-09-03,423.4624328613281
2021-09-04,423.4624328613281
2021-09-05,423.4624328613281
2021-09-06,423.4624328613281
2021-09-07,421.9483337402344
2021-09-08,421.4343566894531
2021-09-09,419.6305236816406
2021-09-10,416.322021484375
2021-09-11,416.322021484375
2021-09-12,416.322021484375
2021-09-13,417.387451171875
2021-09-14,415.1349487304688
2021-09-15,418.602294921875
2021-09-16,417.9388122558594
2021-09-17,413.8677062988281
2021-09-18,413.8677062988281
2021-09-19,413.8677062988281
2021-09-20,406.9667663574219
2021-09-21,406.582275390625
2021-09-22,410.5483703613281
2021-09-23,415.5365905761719
2021-09-24,416.2210998535156
2021-09-25,416.2210998535156
2021-09-26,416.2210998535156
2021-09-27,415.0303649902344
2021-09-28,406.666748046875
2021-09-29,407.3512268066406
2021-09-30,402.3723754882813
2021-10-01,407.1542663574219
2021-10-02,407.1542663574219
2021-10-03,407.1542663574219
2021-10-04,401.9035339355469
2021-10-05,406.0853271484375
2021-10-06,407.7731018066406
2021-10-07,411.298583984375
2021-10-08,410.5483703613281
2021-10-09,410.5483703613281
2021-10-10,410.5483703613281
2021-10-11,407.57623291015625
2021-10-12,406.5729370117188
2021-10-13,408.0356140136719
2021-10-14,414.8990478515625
2021-10-15,418.0587768554688
2021-10-16,418.0587768554688
2021-10-17,418.0587768554688
2021-10-18,419.2966003417969
2021-10-19,422.5314025878906
2021-10-20,424.1908874511719
2021-10-21,425.2973327636719
2021-10-22,424.8565979003906
2021-10-23,424.8565979003906
2021-10-24,424.8565979003906
2021-10-25,427.1350708007813
2021-10-26,427.51947021484375
2021-10-27,425.62548828125
2021-10-28,429.7322998046875
2021-10-29,430.604248046875
2021-10-30,430.604248046875
2021-10-31,430.604248046875
2021-11-01,431.3450317382813
2021-11-02,433.0889587402344
2021-11-03,435.7331237792969
2021-11-04,437.7864379882813
2021-11-05,439.3053588867188
2021-11-06,439.3053588867188
2021-11-07,439.3053588867188
2021-11-08,439.6804809570313
2021-11-09,438.2271728515625
2021-11-10,434.7017517089844
2021-11-11,434.8423156738281
2021-11-12,438.1239929199219
2021-11-13,438.1239929199219
2021-11-14,438.1239929199219
2021-11-15,438.2740783691406
2021-11-16,440.0086059570313
2021-11-17,438.9397583007813
2021-11-18,440.43060302734375
2021-11-19,439.6429748535156
2021-11-20,439.6429748535156
2021-11-21,439.6429748535156
2021-11-22,438.40533447265625
2021-11-23,438.9866638183594
2021-11-24,440.15863037109375
2021-11-25,440.15863037109375
2021-11-26,430.34173583984375
2021-11-27,430.34173583984375
2021-11-28,430.34173583984375
2021-11-29,435.6205749511719
2021-11-30,427.1444091796875
2021-12-01,422.4000549316406
2021-12-02,428.86962890625
2021-12-03,425.1378784179688
2021-12-04,425.1378784179688
2021-12-05,425.1378784179688
2021-12-06,430.1730041503906
2021-12-07,439.0710754394531
2021-12-08,440.2337036132813
2021-12-09,437.2614440917969
2021-12-10,441.3776245117188
2021-12-11,441.3776245117188
2021-12-12,441.3776245117188
2021-12-13,437.4676818847656
2021-12-14,434.4579162597656
2021-12-15,441.2462768554688
2021-12-16,437.355224609375
2021-12-17,432.700439453125
2021-12-18,432.700439453125
2021-12-19,432.700439453125
2021-12-20,428.099365234375
2021-12-21,435.7019348144531
2021-12-22,440.0584716796875
2021-12-23,442.7965087890625
2021-12-24,442.7965087890625
2021-12-25,442.7965087890625
2021-12-26,442.7965087890625
2021-12-27,449.0630187988281
2021-12-28,448.6961059570313
2021-12-29,449.27001953125
2021-12-30,448.0280151367188
2021-12-31,446.89892578125
2022-01-01,446.89892578125
2022-01-02,446.89892578125
2022-01-03,449.4864807128906
2022-01-04,449.33587646484375
2022-01-05,440.7077026367188
2022-01-06,440.293701171875
2022-01-07,438.5529174804688
2022-01-08,438.5529174804688
2022-01-09,438.5529174804688
2022-01-10,438.0072937011719
2022-01-11,441.9967651367188
2022-01-12,443.1916809082031
2022-01-13,437.0851135253906
2022-01-14,437.263916015625
2022-01-15,437.263916015625
2022-01-16,437.263916015625
2022-01-17,437.263916015625
2022-01-18,429.5201416015625
2022-01-19,425.0601196289063
2022-01-20,420.355712890625
2022-01-21,412.1037292480469
2022-01-22,412.1037292480469
2022-01-23,412.1037292480469
2022-01-24,413.8538513183594
2022-01-25,408.801025390625
2022-01-26,407.7754821777344
2022-01-27,405.7619323730469
2022-01-28,415.8392639160156
2022-01-29,415.8392639160156
2022-01-30,415.8392639160156
2022-01-31,423.3289184570313
2022-02-01,426.1893005371094
2022-02-02,430.329345703125
2022-02-03,420.2144165039063
2022-02-04,422.1904296875
2022-02-05,422.1904296875
2022-02-06,422.1904296875
2022-02-07,420.83544921875
2022-02-08,424.2980041503906
2022-02-09,430.5081176757813
2022-02-10,422.7737731933594
2022-02-11,414.437255859375
2022-02-12,414.437255859375
2022-02-13,414.437255859375
2022-02-14,413.082275390625
2022-02-15,419.7440490722656
2022-02-16,420.2144165039063
2022-02-17,411.2381591796875
2022-02-18,408.5752868652344
2022-02-19,408.5752868652344
2022-02-20,408.5752868652344
2022-02-21,408.5752868652344
2022-02-22,404.1906127929688
2022-02-23,397.0208435058594
2022-02-24,402.9956359863281
2022-02-25,411.8873291015625
2022-02-26,411.8873291015625
2022-02-27,411.8873291015625
2022-02-28,410.8334655761719
2022-03-01,404.5763854980469
2022-03-02,412.0191345214844
2022-03-03,409.9679260253906
2022-03-04,406.6369934082031
2022-03-05,406.6369934082031
2022-03-06,406.6369934082031
2022-03-07,394.6496887207031
2022-03-08,391.6575622558594
2022-03-09,402.1582336425781
2022-03-10,400.34228515625
2022-03-11,395.25189208984375
2022-03-12,395.25189208984375
2022-03-13,395.25189208984375
2022-03-14,392.3633117675781
2022-03-15,400.9915161132813
2022-03-16,409.8831787109375
2022-03-17,415.0112609863281
2022-03-18,419.55670166015625
2022-03-19,419.55670166015625
2022-03-20,419.55670166015625
2022-03-21,419.4339904785156
2022-03-22,424.342041015625
2022-03-23,418.8772277832031
2022-03-24,425.1914367675781
2022-03-25,427.2679748535156
2022-03-26,427.2679748535156
2022-03-27,427.2679748535156
2022-03-28,430.30706787109375
2022-03-29,435.6303405761719
2022-03-30,432.9403991699219
2022-03-31,426.2768859863281
2022-04-01,427.4849243164063
2022-04-02,427.4849243164063
2022-04-03,427.4849243164063
2022-04-04,431.1470947265625
2022-04-05,425.70111083984375
2022-04-06,421.44439697265625
2022-04-07,423.5680541992188
2022-04-08,422.43548583984375
2022-04-09,422.43548583984375
2022-04-10,422.43548583984375
2022-04-11,415.2150573730469
2022-04-12,413.6765747070313
2022-04-13,418.4146423339844
2022-04-14,413.2046813964844
2022-04-15,413.2046813964844
2022-04-16,413.2046813964844
2022-04-17,413.2046813964844
2022-04-18,413.3745727539063
2022-04-19,420.0475463867188
2022-04-20,419.7360229492188
2022-04-21,413.45947265625
2022-04-22,402.1145324707031
2022-04-23,402.1145324707031
2022-04-24,402.1145324707031
2022-04-25,404.4458312988281
2022-04-26,392.7327575683594
2022-04-27,393.8370361328125
2022-04-28,403.78509521484375
2022-04-29,388.8629760742188
2022-04-30,388.8629760742188
2022-05-01,388.8629760742188
2022-05-02,391.2036743164063
2022-05-03,392.9969787597656
2022-05-04,404.9649658203125
2022-05-05,390.5712890625
2022-05-06,388.2400512695313
2022-05-07,388.2400512695313
2022-05-08,388.2400512695313
2022-05-09,375.80963134765625
2022-05-10,376.6780090332031
2022-05-11,370.6939392089844
2022-05-12,370.3070373535156
2022-05-13,379.1602478027344
2022-05-14,379.1602478027344
2022-05-15,379.1602478027344
2022-05-16,377.621826171875
2022-05-17,385.3896484375
2022-05-18,369.8539123535156
2022-05-19,367.5887451171875
2022-05-20,367.749267578125
2022-05-21,367.749267578125
2022-05-22,367.749267578125
2022-05-23,374.62982177734375
2022-05-24,371.77001953125
2022-05-25,375.0545959472656
2022-05-26,382.5486755371094
2022-05-27,391.9399108886719
2022-05-28,391.9399108886719
2022-05-29,391.9399108886719
2022-05-30,391.9399108886719
2022-05-31,389.74072265625
2022-06-01,386.58831787109375
2022-06-02,393.9503479003906
2022-06-03,387.4849853515625
2022-06-04,387.4849853515625
2022-06-05,387.4849853515625
2022-06-06,388.6647644042969
2022-06-07,392.3929443359375
2022-06-08,388.1267395019531
2022-06-09,378.8959655761719
2022-06-10,367.90966796875
2022-06-11,367.90966796875
2022-06-12,367.90966796875
2022-06-13,353.9408569335937
2022-06-14,352.8742370605469
2022-06-15,357.90496826171875
2022-06-16,346.0597229003906
2022-06-17,346.8057556152344
2022-06-18,346.8057556152344
2022-06-19,346.8057556152344
2022-06-20,346.8057556152344
2022-06-21,355.5360412597656
2022-06-22,354.8915405273437
2022-06-23,358.370361328125
2022-06-24,369.7643432617188
2022-06-25,369.7643432617188
2022-06-26,369.7643432617188
2022-06-27,368.3519287109375
2022-06-28,360.8255004882813
2022-06-29,360.5316467285156
2022-06-30,357.6026306152344
2022-07-01,361.384765625
2022-07-02,361.384765625
2022-07-03,361.384765625
2022-07-04,361.384765625
2022-07-05,362.0671997070313
2022-07-06,363.29010009765625
2022-07-07,368.7311096191406
2022-07-08,368.42779541015625
2022-07-09,368.42779541015625
2022-07-10,368.42779541015625
2022-07-11,364.2190856933594
2022-07-12,360.99615478515625
2022-07-13,359.1002197265625
2022-07-14,358.2281188964844
2022-07-15,365.07220458984375
2022-07-16,365.07220458984375
2022-07-17,365.07220458984375
2022-07-18,362.0577697753906
2022-07-19,371.84027099609375
2022-07-20,374.2101440429688
2022-07-21,378.0207214355469
2022-07-22,374.5134582519531
2022-07-23,374.5134582519531
2022-07-24,374.5134582519531
2022-07-25,374.9684448242188
2022-07-26,370.53216552734375
2022-07-27,380.1535949707031
2022-07-28,384.9215393066406
2022-07-29,390.5332336425781
2022-07-30,390.5332336425781
2022-07-31,390.5332336425781
2022-08-01,389.3768005371094
2022-08-02,386.8079528808594
2022-08-03,392.8651428222656
2022-08-04,392.5997619628906
2022-08-05,391.9362487792969
2022-08-06,391.9362487792969
2022-08-07,391.9362487792969
2022-08-08,391.4811706542969
2022-08-09,389.926513671875
2022-08-10,398.1165466308594
2022-08-11,398.1165466308594
2022-08-12,404.85638427734375
2022-08-13,404.85638427734375
2022-08-14,404.85638427734375
2022-08-15,406.524658203125
2022-08-16,407.3209228515625
2022-08-17,404.42974853515625
2022-08-18,405.6051940917969
2022-08-19,400.15472412109375
2022-08-20,400.15472412109375
2022-08-21,400.15472412109375
2022-08-22,391.8224182128906
2022-08-23,390.8745727539063
2022-08-24,392.1257934570313
2022-08-25,397.66156005859375
2022-08-26,384.20123291015625
2022-08-27,384.20123291015625
2022-08-28,384.20123291015625
2022-08-29,381.6607666015625
2022-08-30,377.470947265625
2022-08-31,374.59869384765625
2022-09-01,375.774169921875
2022-09-02,371.8118286132813
2022-09-03,371.8118286132813
2022-09-04,371.8118286132813
2022-09-05,371.8118286132813
2022-09-06,370.4089050292969
2022-09-07,377.0633544921875
2022-09-08,379.5278625488281
2022-09-09,385.4239501953125
2022-09-10,385.4239501953125
2022-09-11,385.4239501953125
2022-09-12,389.56640625
2022-09-13,372.6270446777344
2022-09-14,374.0489196777344
2022-09-15,369.8022766113281
2022-09-16,366.9811401367188
2022-09-17,366.9811401367188
2022-09-18,366.9811401367188
2022-09-19,369.8270568847656
2022-09-20,365.58197021484375
2022-09-21,359.2048034667969
2022-09-22,356.1875
2022-09-23,350.2196655273437
2022-09-24,350.2196655273437
2022-09-25,350.2196655273437
2022-09-26,346.75506591796875
2022-09-27,345.8699035644531
2022-09-28,352.67535400390625
2022-09-29,345.3083190917969
2022-09-30,339.9686279296875
2022-10-01,339.9686279296875
2022-10-02,339.9686279296875
2022-10-03,348.9442443847656
2022-10-04,359.7568054199219
2022-10-05,358.91925048828125
2022-10-06,355.2166748046875
2022-10-07,345.3083190917969
2022-10-08,345.3083190917969
2022-10-09,345.3083190917969
2022-10-10,342.6718139648437
2022-10-11,340.5015869140625
2022-10-12,339.3784484863281
2022-10-13,348.3350830078125
2022-10-14,340.3969421386719
2022-10-15,340.3969421386719
2022-10-16,340.3969421386719
2022-10-17,349.1441650390625
2022-10-18,353.2464904785156
2022-10-19,350.7431335449219
2022-10-20,347.8021240234375
2022-10-21,356.2541809082031
2022-10-22,356.2541809082031
2022-10-23,356.2541809082031
2022-10-24,360.6134643554688
2022-10-25,366.3719177246094
2022-10-26,363.6116943359375
2022-10-27,361.6700134277344
2022-10-28,370.2742919921875
2022-10-29,370.2742919921875
2022-10-30,370.2742919921875
2022-10-31,367.5997314453125
2022-11-01,365.9912109375
2022-11-02,356.8062438964844
2022-11-03,353.1322326660156
2022-11-04,358.2149353027344
2022-11-05,358.2149353027344
2022-11-06,358.2149353027344
2022-11-07,361.6414184570313
2022-11-08,363.5925903320313
2022-11-09,356.1018371582031
2022-11-10,375.6710815429688
2022-11-11,379.3070373535156
2022-11-12,379.3070373535156
2022-11-13,379.3070373535156
2022-11-14,376.0803527832031
2022-11-15,379.28802490234375
2022-11-16,376.3946228027344
2022-11-17,375.2427978515625
2022-11-18,376.9465637207031
2022-11-19,376.9465637207031
2022-11-20,376.9465637207031
2022-11-21,375.5759582519531
2022-11-22,380.6300659179688
2022-11-23,383.0286865234375
2022-11-24,383.0286865234375
2022-11-25,382.9430236816406
2022-11-26,382.9430236816406
2022-11-27,382.9430236816406
2022-11-28,376.8323669433594
2022-11-29,376.18505859375
2022-11-30,388.0352478027344
2022-12-01,387.7496948242188
2022-12-02,387.3022766113281
2022-12-03,387.3022766113281
2022-12-04,387.3022766113281
2022-12-05,380.3350830078125
2022-12-06,374.8525695800781
2022-12-07,374.2148132324219
2022-12-08,377.14642333984375
2022-12-09,374.3290710449219
2022-12-10,374.3290710449219
2022-12-11,374.3290710449219
2022-12-12,379.7258911132813
2022-12-13,382.6004028320313
2022-12-14,380.15423583984375
2022-12-15,370.85498046875
2022-12-16,366.4765930175781
2022-12-17,366.4765930175781
2022-12-18,366.4765930175781
2022-12-19,363.3690185546875
2022-12-20,363.8662109375
2022-12-21,369.3069152832031
2022-12-22,364.0383605957031
2022-12-23,366.1323547363281
2022-12-24,366.1323547363281
2022-12-25,366.1323547363281
2022-12-26,366.1323547363281
2022-12-27,364.6885681152344
2022-12-28,360.15625
2022-12-29,366.6391296386719
2022-12-30,365.6734619140625
2022-12-31,365.6734619140625
2023-01-01,365.6734619140625
2023-01-02,365.6734619140625
2023-01-03,364.1339111328125
2023-01-04,366.9451293945313
2023-01-05,362.7570190429688
2023-01-06,371.0758361816406
2023-01-07,371.0758361816406
2023-01-08,371.0758361816406
2023-01-09,370.865478515625
2023-01-10,373.4662170410156
2023-01-11,378.1898498535156
2023-01-12,379.5667724609375
2023-01-13,381.0392761230469
2023-01-14,381.0392761230469
2023-01-15,381.0392761230469
2023-01-16,381.0392761230469
2023-01-17,380.34130859375
2023-01-18,374.3363952636719
2023-01-19,371.61138916015625
2023-01-20,378.53411865234375
2023-01-21,378.53411865234375
2023-01-22,378.53411865234375
2023-01-23,383.0759887695313
2023-01-24,382.664794921875
2023-01-25,382.8082275390625
2023-01-26,387.0154418945313
2023-01-27,387.9046630859375
2023-01-28,387.9046630859375
2023-01-29,387.9046630859375
2023-01-30,383.0377197265625
2023-01-31,388.6696472167969
2023-02-01,392.8003234863281
2023-02-02,398.5184020996094
2023-02-03,394.2824401855469
2023-02-04,394.2824401855469
2023-02-05,394.2824401855469
2023-02-06,391.8728637695313
2023-02-07,396.9979553222656
2023-02-08,392.6569519042969
2023-02-09,389.25286865234375
2023-02-10,390.1612548828125
2023-02-11,390.1612548828125
2023-02-12,390.1612548828125
2023-02-13,394.7413940429688
2023-02-14,394.5597534179688
2023-02-15,395.8410949707031
2023-02-16,390.3907775878906
2023-02-17,389.4154968261719
2023-02-18,389.4154968261719
2023-02-19,389.4154968261719
2023-02-20,389.4154968261719
2023-02-21,381.6034851074219
2023-02-22,381.0775146484375
2023-02-23,383.1047058105469
2023-02-24,379.0121765136719
2023-02-25,379.0121765136719
2023-02-26,379.0121765136719
2023-02-27,380.3031005859375
2023-02-28,378.8974609375
2023-03-01,377.4440612792969
2023-03-02,380.3795166015625
2023-03-03,386.4799499511719
2023-03-04,386.4799499511719
2023-03-05,386.4799499511719
2023-03-06,386.7477416992188
2023-03-07,380.8193664550781
2023-03-08,381.4408874511719
2023-03-09,374.40338134765625
2023-03-10,369.0009460449219
2023-03-11,369.0009460449219
2023-03-12,369.0009460449219
2023-03-13,368.47503662109375
2023-03-14,374.5659790039063
2023-03-15,372.2232666015625
2023-03-16,378.7539978027344
2023-03-17,374.3253173828125
2023-03-18,374.3253173828125
2023-03-19,374.3253173828125
2023-03-20,377.9247131347656
2023-03-21,382.8870544433594
2023-03-22,376.3601684570313
2023-03-23,377.3775634765625
2023-03-24,379.85400390625
2023-03-25,379.85400390625
2023-03-26,379.85400390625
2023-03-27,380.5643005371094
2023-03-28,379.7100830078125
2023-03-29,385.22900390625
2023-03-30,387.4846496582031
2023-03-31,392.9461669921875
2023-04-01,392.9461669921875
2023-04-02,392.9461669921875
2023-04-03,394.4434509277344
2023-04-04,392.2550354003906
2023-04-05,391.22802734375
2023-04-06,392.7541809082031
2023-04-07,392.7541809082031
2023-04-08,392.7541809082031
2023-04-09,392.7541809082031
2023-04-10,393.1571960449219
2023-04-11,393.2628784179688
2023-04-12,391.6599426269531
2023-04-13,396.86224365234375
2023-04-14,395.892822265625
2023-04-15,395.892822265625
2023-04-16,395.892822265625
2023-04-17,397.3133544921875
2023-04-18,397.572509765625
2023-04-19,397.50531005859375
2023-04-20,395.3361206054688
2023-04-21,395.643310546875
2023-04-22,395.643310546875
2023-04-23,395.643310546875
2023-04-24,396.0559692382813
2023-04-25,389.7690734863281
2023-04-26,388.1181945800781
2023-04-27,395.8448181152344
2023-04-28,399.2234191894531
2023-04-29,399.2234191894531
2023-04-30,399.2234191894531
2023-05-01,398.8203125
2023-05-02,394.3379211425781
2023-05-03,391.631103515625
2023-05-04,388.8572387695313
2023-05-05,396.0559692382813
2023-05-06,396.0559692382813
2023-05-07,396.0559692382813
2023-05-08,396.1614990234375
2023-05-09,394.42425537109375
2023-05-10,396.2671508789063
2023-05-11,395.5760803222656
2023-05-12,395.0577392578125
2023-05-13,395.0577392578125
2023-05-14,395.0577392578125
2023-05-15,396.4206848144531
2023-05-16,393.7716064453125
2023-05-17,398.5515441894531
2023-05-18,402.3909301757813
2023-05-19,401.8053283691406
2023-05-20,401.8053283691406
2023-05-21,401.8053283691406
2023-05-22,401.9685363769531
2023-05-23,397.4573059082031
2023-05-24,394.5778198242188
2023-05-25,397.9948425292969
2023-05-26,403.149169921875
2023-05-27,403.149169921875
2023-05-28,403.149169921875
2023-05-29,403.149169921875
2023-05-30,403.3027038574219
2023-05-31,401.0662536621094
2023-06-01,404.8768310546875
2023-06-02,410.7318420410156
2023-06-03,410.7318420410156
2023-06-04,410.7318420410156
2023-06-05,409.9447937011719
2023-06-06,410.8374328613281
2023-06-07,409.4168395996094
2023-06-08,411.8931884765625
2023-06-09,412.6322937011719
2023-06-10,412.6322937011719
2023-06-11,412.6322937011719
2023-06-12,416.3756408691406
2023-06-13,419.1207885742188
2023-06-14,419.6198425292969
2023-06-15,424.8221740722656
2023-06-16,423.3751220703125
2023-06-17,423.3751220703125
2023-06-18,423.3751220703125
2023-06-19,423.3751220703125
2023-06-20,421.1785888671875
2023-06-21,419.0205383300781
2023-06-22,420.53314208984375
2023-06-23,417.3539123535156
2023-06-24,417.3539123535156
2023-06-25,417.3539123535156
2023-06-26,415.6487121582031
2023-06-27,420.20556640625
2023-06-28,420.4175109863281
2023-06-29,422.0744934082031
2023-06-30,427.0553283691406
2023-07-01,427.0553283691406
2023-07-02,427.0553283691406
2023-07-03,427.5466613769531
2023-07-04,427.5466613769531
2023-07-05,426.9108276367188
2023-07-06,423.5677795410156
2023-07-07,422.4984130859375
2023-07-08,422.4984130859375
2023-07-09,422.4984130859375
2023-07-10,423.5677795410156
2023-07-11,426.2653503417969
2023-07-12,429.695068359375
2023-07-13,433.10546875
2023-07-14,432.8357238769531
2023-07-15,432.8357238769531
2023-07-16,432.8357238769531
2023-07-17,434.338623046875
2023-07-18,437.5660705566406
2023-07-19,438.5390319824219
2023-07-20,435.6295776367188
2023-07-21,435.6295776367188
2023-07-22,435.6295776367188
2023-07-23,435.6295776367188
2023-07-24,437.57568359375
2023-07-25,438.770263671875
2023-07-26,438.8376770019531
2023-07-27,435.92822265625
2023-07-28,440.1961059570313
2023-07-29,440.1961059570313
2023-07-30,440.1961059570313
2023-07-31,441.0341796875
2023-08-01,439.772216796875
2023-08-02,433.6546325683594
2023-08-03,432.4118347167969
2023-08-04,430.4560852050781
2023-08-05,430.4560852050781
2023-08-06,430.4560852050781
2023-08-07,434.2134094238281
2023-08-08,432.32513427734375
2023-08-09,429.4349365234375
2023-08-10,429.5890502929688
2023-08-11,429.3385620117188
2023-08-12,429.3385620117188
2023-08-13,429.3385620117188
2023-08-14,431.7085266113281
2023-08-15,426.67962646484375
2023-08-16,423.548583984375
2023-08-17,420.32122802734375
2023-08-18,420.52349853515625
2023-08-19,420.52349853515625
2023-08-20,420.52349853515625
2023-08-21,423.259521484375
2023-08-22,422.1130676269531
2023-08-23,426.8144836425781
2023-08-24,420.8992309570313
2023-08-25,423.866455078125
2023-08-26,423.866455078125
2023-08-27,423.866455078125
2023-08-28,426.5543823242188
2023-08-29,432.7201232910156
2023-08-30,434.5024108886719
2023-08-31,433.8665466308594
2023-09-01,434.67578125
2023-09-02,434.67578125
2023-09-03,434.67578125
2023-09-04,434.67578125
2023-09-05,432.7972106933594
2023-09-06,429.8876647949219
2023-09-07,428.5679016113281
2023-09-08,429.2134094238281
2023-09-09,429.2134094238281
2023-09-10,429.2134094238281
2023-09-11,432.03607177734375
2023-09-12,429.6661071777344
2023-09-13,430.1671142578125
2023-09-14,433.8761901855469
2023-09-15,428.6487121582031
2023-09-16,428.6487121582031
2023-09-17,428.6487121582031
2023-09-18,428.9001159667969
2023-09-19,428.0106506347656
2023-09-20,424.0758056640625
2023-09-21,417.0665283203125
2023-09-22,416.1287231445313
2023-09-23,416.1287231445313
2023-09-24,416.1287231445313
2023-09-25,417.8786010742188
2023-09-26,411.7394409179688
2023-09-27,411.9037780761719
2023-09-28,414.291748046875
2023-09-29,413.2862548828125
2023-09-30,413.2862548828125
2023-10-01,413.2862548828125
2023-10-02,413.1219787597656
2023-10-03,407.5918273925781
2023-10-04,410.5599670410156
2023-10-05,410.40521240234375
2023-10-06,415.2778930664063
2023-10-07,415.2778930664063
2023-10-08,415.2778930664063
2023-10-09,417.9366149902344
2023-10-10,420.1119689941406
2023-10-11,421.8328247070313
2023-10-12,419.2611389160156
2023-10-13,417.17279052734375
2023-10-14,417.17279052734375
2023-10-15,417.17279052734375
2023-10-16,421.5620727539063
2023-10-17,421.542724609375
2023-10-18,415.9256896972656
2023-10-19,412.2711791992188
2023-10-20,407.2051696777344
2023-10-21,407.2051696777344
2023-10-22,407.2051696777344
2023-10-23,406.4993896484375
2023-10-24,409.5641479492188
2023-10-25,403.6860046386719
2023-10-26,398.8520202636719
2023-10-27,397.0441284179688
2023-10-28,397.0441284179688
2023-10-29,397.0441284179688
2023-10-30,401.7910461425781
2023-10-31,404.314453125
2023-11-01,408.62640380859375
2023-11-02,416.4574279785156
2023-11-03,420.25689697265625
2023-11-04,420.25689697265625
2023-11-05,420.25689697265625
2023-11-06,421.22369384765625
2023-11-07,422.4225158691406
2023-11-08,422.7319030761719
2023-11-09,419.4351501464844
2023-11-10,425.9803466796875
2023-11-11,425.9803466796875
2023-11-12,425.9803466796875
2023-11-13,425.57427978515625
2023-11-14,433.8307495117188
2023-11-15,434.7491760253906
2023-11-16,435.2809448242188
2023-11-17,435.8223571777344
2023-11-18,435.8223571777344
2023-11-19,435.8223571777344
2023-11-20,439.1771545410156
2023-11-21,438.2200012207031
2023-11-22,439.9118957519531
2023-11-23,439.9118957519531
2023-11-24,440.1825866699219
2023-11-25,440.1825866699219
2023-11-26,440.1825866699219
2023-11-27,439.3898620605469
2023-11-28,439.8248901367188
2023-11-29,439.5154724121094
2023-11-30,441.2460632324219
2023-12-01,443.8564453125
2023-12-02,443.8564453125
2023-12-03,443.8564453125
2023-12-04,441.5264587402344
2023-12-05,441.439453125
2023-12-06,439.6605224609375
2023-12-07,443.0153503417969
2023-12-08,444.919921875
2023-12-09,444.919921875
2023-12-10,444.919921875
2023-12-11,446.65045166015625
2023-12-12,448.69036865234375
2023-12-13,454.8779296875
2023-12-14,456.3377685546875
2023-12-15,455.5863952636719
2023-12-16,455.5863952636719
2023-12-17,455.5863952636719
2023-12-18,458.1491088867188
2023-12-19,460.9350891113281
2023-12-20,454.5478210449219
2023-12-21,458.8578186035156
2023-12-22,459.7799682617188
2023-12-23,459.7799682617188
2023-12-24,459.7799682617188
2023-12-25,459.7799682617188
2023-12-26,461.7213745117188
2023-12-27,462.5561828613281
2023-12-28,462.73089599609375
2023-12-29,461.3913269042969
2023-12-30,461.3913269042969
2023-12-31,461.3913269042969
2024-01-01,461.3913269042969
2024-01-02,458.8092346191406
2024-01-03,455.062255859375
2024-01-04,453.5964660644531
2024-01-05,454.2177429199219
2024-01-06,454.2177429199219
2024-01-07,454.2177429199219
2024-01-08,460.70208740234375
2024-01-09,460.0032043457031
2024-01-10,462.6047058105469
2024-01-11,462.40087890625
2024-01-12,462.7211608886719
2024-01-13,462.7211608886719
2024-01-14,462.7211608886719
2024-01-15,462.7211608886719
2024-01-16,461.02239990234375
2024-01-17,458.4597778320313
2024-01-18,462.5367736816406
2024-01-19,468.3028259277344
2024-01-20,468.3028259277344
2024-01-21,468.3028259277344
2024-01-22,469.2929992675781
2024-01-23,470.6616516113281
2024-01-24,471.1761779785156
2024-01-25,473.7388000488281
2024-01-26,473.1369934082031
2024-01-27,473.1369934082031
2024-01-28,473.1369934082031
2024-01-29,476.8839111328125
2024-01-30,476.5151062011719
2024-01-31,468.73968505859375
2024-02-01,474.8746032714844
2024-02-02,479.873779296875
2024-02-03,479.873779296875
2024-02-04,479.873779296875
2024-02-05,478.12646484375
2024-02-06,479.5145568847656
2024-02-07,483.5139465332031
2024-02-08,483.72747802734375
2024-02-09,486.5231323242188
2024-02-10,486.5231323242188
2024-02-11,486.5231323242188
2024-02-12,486.30963134765625
2024-02-13,479.6116333007813
2024-02-14,483.9701843261719
2024-02-15,487.3094787597656
2024-02-16,484.8826293945313
2024-02-17,484.8826293945313
2024-02-18,484.8826293945313
2024-02-19,484.8826293945313
2024-02-20,482.2132263183594
2024-02-21,482.6499938964844
2024-02-22,492.638671875
2024-02-23,492.9783935546875
2024-02-24,492.9783935546875
2024-02-25,492.9783935546875
2024-02-26,491.17291259765625
2024-02-27,492.0853576660156
2024-02-28,491.43499755859375
2024-02-29,493.2016906738281
2024-03-01,497.8320007324219
2024-03-02,497.8320007324219
2024-03-03,497.8320007324219
2024-03-04,497.2981567382813
2024-03-05,492.32806396484375
2024-03-06,494.82275390625
2024-03-07,499.7345886230469
2024-03-08,496.735107421875
2024-03-09,496.735107421875
2024-03-10,496.735107421875
2024-03-11,496.3079833984375
2024-03-12,501.6469421386719
2024-03-13,500.8606262207031
2024-03-14,499.8705749511719
2024-03-15,496.4381103515625
2024-03-16,496.4381103515625
2024-03-17,496.4381103515625
2024-03-18,499.3885498046875
2024-03-19,502.1636962890625
2024-03-20,506.8083801269531
2024-03-21,508.4832153320313
2024-03-22,507.519287109375
2024-03-23,507.519287109375
2024-03-24,507.519287109375
2024-03-25,506.1170654296875
2024-03-26,505.1822204589844
2024-03-27,509.427734375
2024-03-28,509.3304138183594
2024-03-29,509.3304138183594
2024-03-30,509.3304138183594
2024-03-31,509.3304138183594
2024-04-01,508.4442443847656
2024-04-02,505.2115173339844
2024-04-03,505.7664184570313
2024-04-04,499.593017578125
2024-04-05,504.8121032714844
2024-04-06,504.8121032714844
2024-04-07,504.8121032714844
2024-04-08,505.0945434570313
2024-04-09,505.6788024902344
2024-04-10,500.6154479980469
2024-04-11,504.39349365234375
2024-04-12,497.4313354492188
2024-04-13,497.4313354492188
2024-04-14,497.4313354492188
2024-04-15,491.199462890625
2024-04-16,490.3035888671875
2024-04-17,487.4018859863281
2024-04-18,486.39892578125
2024-04-19,482.1534729003906
2024-04-20,482.1534729003906
2024-04-21,482.1534729003906
2024-04-22,486.59368896484375
2024-04-23,492.367919921875
2024-04-24,492.1342468261719
2024-04-25,490.2646179199219
2024-04-26,494.9093933105469
2024-04-27,494.9093933105469
2024-04-28,494.9093933105469
2024-04-29,496.6620788574219
2024-04-30,488.79437255859375
2024-05-01,487.2071533203125
2024-05-02,491.7641906738281
2024-05-03,497.85980224609375
2024-05-04,497.85980224609375
2024-05-05,497.85980224609375
2024-05-06,503.00103759765625
2024-05-07,503.55609130859375
2024-05-08,503.604736328125
2024-05-09,506.5065002441406
2024-05-10,507.158935546875
2024-05-11,507.158935546875
2024-05-12,507.158935546875
2024-05-13,507.2269592285156
2024-05-14,509.5542297363281
2024-05-15,515.8641357421875
2024-05-16,514.8026733398438
2024-05-17,515.5428466796875
2024-05-18,515.5428466796875
2024-05-19,515.5428466796875
2024-05-20,516.13671875
2024-05-21,517.402587890625
2024-05-22,515.912841796875
2024-05-23,512.1444702148438
2024-05-24,515.5330200195312
2024-05-25,515.5330200195312
2024-05-26,515.5330200195312
2024-05-27,515.5330200195312
2024-05-28,515.8932495117188
2024-05-29,512.2806396484375
2024-05-30,508.8824462890625
2024-05-31,513.5174560546875
2024-06-01,513.5174560546875
2024-06-02,513.5174560546875
2024-06-03,513.93603515625
2024-06-04,514.5106201171875
2024-06-05,520.6256103515625
2024-06-06,520.6159057617188
2024-06-07,519.9829711914062
2024-06-08,519.9829711914062
2024-06-09,519.9829711914062
2024-06-10,521.589599609375
2024-06-11,522.845703125
2024-06-12,527.1399536132812
2024-06-13,528.2012939453125
2024-06-14,528.5226440429688
2024-06-15,528.5226440429688
2024-06-16,528.5226440429688
2024-06-17,532.7291259765625
2024-06-18,534.082763671875
2024-06-19,534.082763671875
2024-06-20,532.6317138671875
2024-06-21,531.917724609375
2024-06-22,531.917724609375
2024-06-23,531.917724609375
2024-06-24,530.1885986328125
2024-06-25,532.2303466796875
2024-06-26,532.89453125
2024-06-27,533.7347412109375
2024-06-28,531.6343994140625
2024-06-29,531.6343994140625
2024-06-30,531.6343994140625
2024-07-01,532.7285766601562
2024-07-02,536.3135986328125
2024-07-03,538.70703125
2024-07-04,538.70703125
2024-07-05,541.8134765625
2024-07-06,541.8134765625
2024-07-07,541.8134765625
2024-07-08,542.4386596679688
2024-07-09,542.9662475585938
2024-07-10,548.3389282226562
2024-07-11,543.6109008789062
2024-07-12,547.0396728515625
2024-07-13,547.0396728515625
2024-07-14,547.0396728515625
2024-07-15,548.5440673828125
2024-07-16,551.7970581054688
2024-07-17,544.0601196289062
2024-07-18,539.8790893554688
2024-07-19,536.2940673828125
2024-07-20,536.2940673828125
2024-07-21,536.2940673828125
2024-07-22,541.8231811523438
2024-07-23,540.973388671875
2024-07-24,528.7135009765625
2024-07-25,525.958740234375
2024-07-26,531.8493041992188
2024-07-27,531.8493041992188
2024-07-28,531.8493041992188
2024-07-29,532.1618041992188
2024-07-30,529.4657592773438
2024-07-31,538.072021484375
2024-08-01,530.4523315429688
2024-08-02,520.5762939453125
2024-08-03,520.5762939453125
2024-08-04,520.5762939453125
2024-08-05,505.4150695800781
2024-08-06,510.0747985839844
2024-08-07,506.66546630859375
2024-08-08,518.378173828125
2024-08-09,520.6640625
2024-08-10,520.6640625
2024-08-11,520.6640625
2024-08-12,520.9376831054688
2024-08-13,529.5047607421875
2024-08-14,531.1752319335938
2024-08-15,540.2797241210938
2024-08-16,541.4910278320312
2024-08-17,541.4910278320312
2024-08-18,541.4910278320312
2024-08-19,546.66845703125
2024-08-20,545.7796020507812
2024-08-21,547.6550903320312
2024-08-22,543.3568725585938
2024-08-23,549.1301879882812
2024-08-24,549.1301879882812
2024-08-25,549.1301879882812
2024-08-26,547.8212280273438
2024-08-27,548.5734252929688
2024-08-28,545.3887939453125
2024-08-29,545.4375610351562
2024-08-30,550.644287109375
2024-08-31,550.644287109375
2024-09-01,550.644287109375
2024-09-02,550.644287109375
2024-09-03,539.3126831054688
2024-09-04,538.2088012695312
2024-09-05,536.899658203125
2024-09-06,527.8635864257812
2024-09-07,527.8635864257812
2024-09-08,527.8635864257812
2024-09-09,533.773681640625
2024-09-10,536.0986328125
2024-09-11,541.5985107421875
2024-09-12,546.1604614257812
2024-09-13,549.012939453125
2024-09-14,549.012939453125
2024-09-15,549.012939453125
2024-09-16,549.8238525390625
2024-09-17,550.0485229492188
2024-09-18,548.4171142578125
2024-09-19,557.7755737304688
2024-09-20,556.8113403320312
2024-09-21,556.8113403320312
2024-09-22,556.8113403320312
2024-09-23,558.2026977539062
2024-09-24,559.7999267578125
2024-09-25,558.5653076171875
2024-09-26,560.77978515625
2024-09-27,559.9664916992188
2024-09-28,559.9664916992188
2024-09-29,559.9664916992188
2024-09-30,562.21044921875
2024-10-01,557.1738891601562
2024-10-02,557.4090576171875
2024-10-03,556.3899536132812
2024-10-04,561.4461059570312
2024-10-05,561.4461059570312
2024-10-06,561.4461059570312
2024-10-07,556.3704223632812
2024-10-08,561.6322631835938
2024-10-09,565.5225219726562
2024-10-10,564.5327758789062
2024-10-11,567.913330078125
2024-10-12,567.913330078125
2024-10-13,567.913330078125
2024-10-14,572.557861328125
2024-10-15,568.1093139648438
2024-10-16,570.5785522460938
2024-10-17,570.6276245117188
2024-10-18,572.8223876953125
2024-10-19,572.8223876953125
2024-10-20,572.8223876953125
2024-10-21,571.8817749023438
2024-10-22,571.578125
2024-10-23,566.3551635742188
2024-10-24,567.5802001953125
2024-10-25,567.384033203125
2024-10-26,567.384033203125
2024-10-27,567.384033203125
2024-10-28,569.1380615234375
2024-10-29,570.0592651367188
2024-10-30,568.3346557617188
2024-10-31,557.1935424804688
2024-11-01,559.545166015625
2024-11-02,559.545166015625
2024-11-03,559.545166015625
2024-11-04,558.3399658203125
2024-11-05,565.0911865234375
2024-11-06,579.142578125
2024-11-07,583.6206665039062
2024-11-08,586.148681640625
2024-11-09,586.148681640625
2024-11-10,586.148681640625
2024-11-11,586.7072143554688
2024-11-12,584.8846435546875
2024-11-13,585.1688232421875
2024-11-14,581.406005859375
2024-11-15,573.958984375
2024-11-16,573.958984375
2024-11-17,573.958984375
2024-11-18,576.310791015625
2024-11-19,578.4175415039062
2024-11-20,578.6134033203125
2024-11-21,581.7196655273438
2024-11-22,583.5225830078125
2024-11-23,583.5225830078125
2024-11-24,583.5225830078125
2024-11-25,585.5020141601562
2024-11-26,588.5592041015625
2024-11-27,586.7758178710938
2024-11-28,586.7758178710938
2024-11-29,590.4209594726562
2024-11-30,590.4209594726562
2024-12-01,590.4209594726562
2024-12-02,591.4791259765625
2024-12-03,591.75341796875
2024-12-04,595.427978515625
2024-12-05,594.4481811523438
2024-12-06,595.5750732421875
2024-12-07,595.5750732421875
2024-12-08,595.5750732421875
2024-12-09,592.5079345703125
2024-12-10,590.6658935546875
2024-12-11,595.2319946289062
2024-12-12,592.1651000976562
2024-12-13,592.0475463867188
2024-12-14,592.0475463867188
2024-12-15,592.0475463867188
2024-12-16,594.5755615234375
2024-12-17,592.1258544921875
2024-12-18,574.4784545898438
2024-12-19,574.302001953125
2024-12-20,581.199951171875
2024-12-21,581.199951171875
2024-12-22,581.199951171875
2024-12-23,584.6803588867188
2024-12-24,591.1790771484375
2024-12-25,591.1790771484375
2024-12-26,591.218505859375
2024-12-27,584.9949340820312
2024-12-28,584.9949340820312
2024-12-29,584.9949340820312
2024-12-30,578.3191528320312
2024-12-31,576.2152099609375
2025-01-01,576.2152099609375
2025-01-02,574.799560546875
2025-01-03,581.9865112304688
2025-01-04,581.9865112304688
2025-01-05,581.9865112304688
2025-01-06,585.3390502929688
2025-01-07,578.7223510742188
2025-01-08,579.56787109375
2025-01-09,579.56787109375
2025-01-10,570.7192993164062
2025-01-11,570.7192993164062
2025-01-12,570.7192993164062
2025-01-13,571.604248046875
2025-01-14,572.3906860351562
2025-01-15,582.8025512695312
2025-01-16,581.6817626953125
2025-01-17,587.521728515625
2025-01-18,587.521728515625
2025-01-19,587.521728515625
2025-01-20,587.521728515625
2025-01-21,592.899658203125
2025-01-22,596.2326049804688
2025-01-23,599.4868774414062
2025-01-24,597.7367553710938
2025-01-25,597.7367553710938
2025-01-26,597.7367553710938
2025-01-27,589.2816162109375
2025-01-28,594.3449096679688
2025-01-29,591.6805419921875
2025-01-30,594.8561401367188
2025-01-31,591.6903686523438
2025-02-01,591.6903686523438
2025-02-02,591.6903686523438
2025-02-03,587.70849609375
2025-02-04,591.6510620117188
2025-02-05,594.0499267578125
2025-02-06,596.1145629882812
2025-02-07,590.6580810546875
2025-02-08,590.6580810546875
2025-02-09,590.6580810546875
2025-02-10,594.6693725585938
2025-02-11,595.1216430664062
2025-02-12,593.2044677734375
2025-02-13,599.4671630859375
2025-02-14,599.437744140625
2025-02-15,599.437744140625
2025-02-16,599.437744140625
2025-02-17,599.437744140625
2025-02-18,601.197509765625
2025-02-19,602.61328125
2025-02-20,600.1062622070312
2025-02-21,589.8419799804688
2025-02-22,589.8419799804688
2025-02-23,589.8419799804688
2025-02-24,587.157958984375
2025-02-25,584.2379150390625
2025-02-26,584.5328369140625
2025-02-27,575.2026977539062
2025-02-28,584.1788940429688
2025-03-01,584.1788940429688
2025-03-02,584.1788940429688
2025-03-03,573.9441528320312
2025-03-04,567.1504516601562
2025-03-05,573.24609375
2025-03-06,563.0703125
2025-03-07,566.2262573242188
2025-03-08,566.2262573242188
2025-03-09,566.2262573242188
2025-03-10,551.1444702148438
2025-03-11,546.5628662109375
2025-03-12,549.4632568359375
2025-03-13,542.1386108398438
2025-03-14,553.3369750976562
2025-03-15,553.3369750976562
2025-03-16,553.3369750976562
2025-03-17,557.6039428710938
2025-03-18,551.5770874023438
2025-03-19,557.5842895507812
2025-03-20,555.9718017578125
2025-03-21,556.1552734375
2025-03-22,556.1552734375
2025-03-23,556.1552734375
2025-03-24,566.1151733398438
2025-03-25,567.4760131835938
2025-03-26,560.7013549804688
2025-03-27,559.2122802734375
2025-03-28,547.9507446289062
2025-03-29,547.9507446289062
2025-03-30,547.9507446289062
2025-03-31,551.6289672851562
2025-04-01,553.18701171875
2025-04-02,556.6878051757812
2025-04-03,529.2537841796875
2025-04-04,498.2697143554688
2025-04-05,498.2697143554688
2025-04-06,498.2697143554688
2025-04-07,497.3821716308594
2025-04-08,489.591796875
2025-04-09,541.0084838867188
2025-04-10,517.3018798828125
2025-04-11,526.531982421875
2025-04-12,526.531982421875
2025-04-13,526.531982421875
2025-04-14,531.64013671875
2025-04-15,530.1510620117188
2025-04-16,518.366943359375
2025-04-17,519.1065063476562
2025-04-18,519.1065063476562
2025-04-19,519.1065063476562
2025-04-20,519.1065063476562
2025-04-21,506.7503662109375
2025-04-22,519.9349365234375
2025-04-23,527.991455078125
2025-04-24,539.1051635742188
2025-04-25,543.0003662109375
2025-04-26,543.0003662109375
2025-04-27,543.0003662109375
2025-04-28,543.2073974609375
2025-04-29,546.6293334960938
2025-04-30,546.8462524414062
2025-05-01,550.7216796875
2025-05-02,558.8966674804688
2025-05-03,558.8966674804688
2025-05-04,558.8966674804688
2025-05-05,555.6917724609375
2025-05-06,551.0470581054688
2025-05-07,553.3645629882812
2025-05-08,557.2202758789062
2025-05-09,556.51025390625
2025-05-10,556.51025390625
2025-05-11,556.51025390625
2025-05-12,574.9015502929688
2025-05-13,578.6981811523438
2025-05-14,579.437744140625
2025-05-15,582.2678833007812
2025-05-16,585.9559936523438
2025-05-17,585.9559936523438
2025-05-18,585.9559936523438
2025-05-19,586.596923828125
2025-05-20,584.6246948242188
2025-05-21,574.7733154296875
2025-05-22,575.0001831054688
2025-05-23,571.0753173828125
2025-05-24,571.0753173828125
2025-05-25,571.0753173828125
2025-05-26,571.0753173828125
2025-05-27,582.9483642578125
2025-05-28,579.5757446289062
2025-05-29,581.8635864257812
2025-05-30,581.2128295898438
2025-05-31,581.2128295898438
2025-06-01,581.2128295898438
2025-06-02,584.4866943359375
2025-06-03,587.8197631835938
2025-06-04,587.6619873046875
2025-06-05,584.8219604492188
2025-06-06,590.8274536132812
2025-06-07,590.8274536132812
2025-06-08,590.8274536132812
2025-06-09,591.3599853515625
2025-06-10,594.7127685546875
2025-06-11,593.0167236328125
2025-06-12,595.3734741210938
2025-06-13,588.7171630859375
2025-06-14,588.7171630859375
2025-06-15,588.7171630859375
2025-06-16,594.318359375
2025-06-17,589.2398681640625
2025-06-18,589.1510009765625
2025-06-19,589.1510009765625
2025-06-20,587.7673950195312
2025-06-21,587.7673950195312
2025-06-22,587.7673950195312
2025-06-23,593.5730590820312
2025-06-24,600.13037109375
2025-06-25,600.4666748046875
2025-06-26,605.1646118164062
2025-06-27,608.1712646484375
2025-06-28,608.1712646484375
2025-06-29,608.1712646484375
2025-06-30,611.0790405273438
2025-07-01,610.8812866210938
2025-07-02,613.6505737304688
2025-07-03,618.4869995117188
2025-07-04,618.4869995117188
2025-07-05,618.4869995117188
2025-07-06,618.4869995117188
2025-07-07,613.8780517578125
2025-07-08,613.5418090820312
2025-07-09,617.2210083007812
2025-07-10,618.9617309570312
2025-07-11,616.7858276367188
2025-07-12,616.7858276367188
2025-07-13,616.7858276367188
2025-07-14,617.9627685546875
2025-07-15,615.322021484375
2025-07-16,617.3792114257812
2025-07-17,621.1573486328125
2025-07-18,620.7025146484375
2025-07-19,620.7025146484375
2025-07-20,620.7025146484375
2025-07-21,621.8794555664062
2025-07-22,621.9683837890625
2025-07-23,627.259765625
2025-07-24,627.4674072265625
2025-07-25,630.1181030273438
2025-07-26,630.1181030273438
2025-07-27,630.1181030273438
2025-07-28,629.9598999023438
2025-07-29,628.2982788085938
2025-07-30,627.5070190429688
2025-07-31,625.1531982421875
2025-08-01,614.9066162109375
2025-08-02,614.9066162109375
2025-08-03,614.9066162109375
2025-08-04,624.2530517578125
2025-08-05,621.0880737304688
2025-08-06,625.845458984375
2025-08-07,625.3212280273438
2025-08-08,630.197265625
2025-08-09,630.197265625
2025-08-10,630.197265625
2025-08-11,628.9509887695312
2025-08-12,635.6468505859375
2025-08-13,637.8228149414062
2025-08-14,637.882080078125
2025-08-15,636.388671875
2025-08-16,636.388671875
2025-08-17,636.388671875
2025-08-18,636.2501831054688
2025-08-19,632.7984008789062
2025-08-20,631.1170043945312
2025-08-21,628.5850830078125
2025-08-22,638.2381591796875
2025-08-23,638.2381591796875
2025-08-24,638.2381591796875
2025-08-25,635.42919921875
2025-08-26,638.0897827148438
2025-08-27,639.543701171875
2025-08-28,641.8085327148438
2025-08-29,637.9810180664062
2025-08-30,637.9810180664062
2025-08-31,637.9810180664062
2025-09-01,637.9810180664062
2025-09-02,633.2533569335938
2025-09-03,636.6853637695312
2025-09-04,642.00634765625
2025-09-05,640.14697265625
2025-09-06,640.14697265625
2025-09-07,640.14697265625
2025-09-08,641.719482421875
2025-09-09,643.2030639648438
2025-09-10,645.0625
2025-09-11,650.4231567382812
2025-09-12,650.20556640625
2025-09-13,650.20556640625
2025-09-14,650.20556640625
2025-09-15,653.6671142578125
2025-09-16,652.76708984375
2025-09-17,651.9561767578125
2025-09-18,655.00244140625
2025-09-19,658.2465209960938
2025-09-20,658.2465209960938
2025-09-21,658.2465209960938
2025-09-22,661.3607177734375
2025-09-23,657.7605590820312
2025-09-24,655.6677856445312
2025-09-25,652.6429443359375
2025-09-26,656.3819580078125
2025-09-27,656.3819580078125
2025-09-28,656.3819580078125
2025-09-29,658.2266845703125
2025-09-30,660.7061157226562
2025-10-01,662.9574584960938
2025-10-02,663.7210693359375
2025-10-03,663.7112426757812
2025-10-04,663.7112426757812
2025-10-05,663.7112426757812
2025-10-06,666.0914916992188
2025-10-07,663.6219482421875
2025-10-08,667.5791625976562
2025-10-09,665.6452026367188
2025-10-10,647.6542358398438
2025-10-11,647.6542358398438
2025-10-12,647.6542358398438
2025-10-13,657.5919189453125
2025-10-14,656.78857421875
2025-10-15,659.7044067382812
2025-10-16,655.2117309570312
2025-10-17,658.9308471679688
2025-10-18,658.9308471679688
2025-10-19,658.9308471679688
2025-10-20,665.7840576171875
2025-10-21,665.7741088867188
2025-10-22,662.3128051757812
2025-10-23,666.2402954101562
2025-10-24,671.6851806640625
2025-10-25,671.6851806640625
2025-10-26,671.6851806640625
2025-10-27,679.6094970703125
2025-10-28,681.4144897460938
2025-10-29,681.7418823242188
2025-10-30,674.2440185546875
2025-10-31,676.4556274414062
2025-11-01,676.4556274414062
2025-11-02,676.4556274414062
2025-11-03,677.7251586914062
2025-11-04,669.6917114257812
2025-11-05,672.012451171875
2025-11-06,664.8021850585938
2025-11-07,665.4567260742188
2025-11-08,665.4567260742188
2025-11-09,665.4567260742188
2025-11-10,675.8407592773438
2025-11-11,677.3878784179688
2025-11-12,677.7647705078125
2025-11-13,666.5180053710938
2025-11-14,666.4088745117188
2025-11-15,666.4088745117188
2025-11-16,666.4088745117188
2025-11-17,660.2002563476562
2025-11-18,654.6561889648438
2025-11-19,657.185302734375
2025-11-20,647.1683349609375
2025-11-21,653.6148681640625
2025-11-22,653.6148681640625
2025-11-23,653.6148681640625
2025-11-24,663.2351684570312
2025-11-25,669.4734497070312
2025-11-26,674.09521484375
2025-11-27,674.09521484375
2025-11-28,677.7747192382812
2025-11-29,677.7747192382812
2025-11-30,677.7747192382812
2025-12-01,674.6802978515625
2025-12-02,675.9300537109375
2025-12-03,678.2706298828125
2025-12-04,678.7665405273438
2025-12-05,680.0557861328125
2025-12-06,680.0557861328125
2025-12-07,680.0557861328125
2025-12-08,678.0127563476562
2025-12-09,677.4276123046875
2025-12-10,681.92041015625
2025-12-11,683.5072631835938
2025-12-12,676.1581420898438
2025-12-13,676.1581420898438
2025-12-14,676.1581420898438
2025-12-15,675.1365356445312
2025-12-16,673.2918701171875
2025-12-17,665.8832397460938
2025-12-18,670.9114990234375
2025-12-19,676.9923095703125
2025-12-20,676.9923095703125
2025-12-21,676.9923095703125
2025-12-22,681.2098388671875
2025-12-23,684.3233032226562
2025-12-24,686.7305297851562
2025-12-25,686.7305297851562
2025-12-26,686.660888671875
2025-12-27,686.660888671875
2025-12-28,686.660888671875
2025-12-29,684.2138671875
2025-12-30,683.3782958984375
2025-12-31,678.3152465820312
2026-01-01,678.3152465820312
2026-01-02,679.55859375
2026-01-03,679.55859375
2026-01-04,679.55859375
2026-01-05,684.0845947265625
2026-01-06,688.1529541015625
2026-01-07,685.9347534179688
2026-01-08,685.8651123046875
2026-01-09,690.4010009765625
2026-01-10,690.4010009765625
2026-01-11,690.4010009765625
2026-01-12,691.4852294921875
2026-01-13,690.1026000976562
2026-01-14,686.7105712890625
2026-01-15,688.5806884765625
2026-01-16,688.0037231445312
2026-01-17,688.0037231445312
2026-01-18,688.0037231445312
2026-01-19,688.0037231445312
2026-01-20,673.9981689453125
2026-01-21,681.77685546875
2026-01-22,685.3379516601562
2026-01-23,685.5865478515625
2026-01-24,685.5865478515625
2026-01-25,685.5865478515625
2026-01-26,689.068115234375
2026-01-27,691.8134765625
2026-01-28,691.7438354492188
2026-01-29,690.3711547851562
2026-01-30,688.3121337890625
2026-01-31,688.3121337890625
2026-02-01,688.3121337890625
2026-02-02,691.73388671875
2026-02-03,685.885009765625
2026-02-04,682.5626831054688
2026-02-05,674.0379638671875
2026-02-06,686.96923828125
2026-02-07,686.96923828125
2026-02-08,686.96923828125
2026-02-09,690.2816162109375
2026-02-10,688.4613037109375
2026-02-11,688.3021850585938
2026-02-12,677.668701171875
2026-02-13,678.1461181640625
2026-02-14,678.1461181640625
2026-02-15,678.1461181640625
2026-02-16,678.1461181640625
2026-02-17,679.2402954101562
2026-02-18,682.662109375
2026-02-19,680.8616943359375
2026-02-20,685.7855834960938
2026-02-21,685.7855834960938
2026-02-22,685.7855834960938
2026-02-23,678.7827758789062
2026-02-24,683.7164916992188
2026-02-25,689.4859008789062
2026-02-26,685.6561889648438
2026-02-27,682.3637084960938
2026-02-28,682.3637084960938
2026-03-01,682.3637084960938
2026-03-02,682.7516479492188
2026-03-03,676.7337036132812
2026-03-04,681.50830078125
2026-03-05,677.7084350585938
2026-03-06,668.8256225585938
2026-03-07,668.8256225585938
2026-03-08,668.8256225585938
2026-03-09,674.6845092773438
2026-03-10,673.6002807617188
2026-03-11,672.7548217773438
2026-03-12,662.5390625
2026-03-13,658.7890014648438
2026-03-14,658.7890014648438
2026-03-15,658.7890014648438
2026-03-16,665.493408203125
2026-03-17,667.2440185546875
2026-03-18,657.9335327148438
2026-03-19,656.3121337890625
2026-03-20,646.9034423828125
2026-03-21,646.9034423828125
2026-03-22,646.9034423828125
2026-03-23,653.6959228515625
2026-03-24,651.5015869140625
2026-03-25,655.1322021484375
2026-03-26,643.432373046875
2026-03-27,632.4606323242188
2026-03-28,632.4606323242188
2026-03-29,632.4606323242188
2026-03-30,630.3460693359375
2026-03-31,648.6688842773438
2026-04-01,653.5562744140625
2026-04-02,654.144775390625
2026-04-03,654.144775390625
2026-04-04,654.144775390625
2026-04-05,654.144775390625
2026-04-06,657.23681640625
2026-04-07,657.5260009765625
2026-04-08,674.27294921875
2026-04-09,678.162841796875
2026-04-10,677.7140502929688
2026-04-11,677.7140502929688
2026-04-12,677.7140502929688
2026-04-13,684.3369750976562
2026-04-14,692.675537109375
2026-04-15,698.1414184570312
2026-04-16,699.8569946289062
2026-04-17,708.3152465820312
2026-04-18,708.3152465820312
2026-04-19,708.3152465820312
2026-04-20,706.8988037109375
2026-04-21,702.2708129882812
2026-04-22,709.3825073242188
2026-04-23,706.6295776367188
2026-04-24,712.10546875
2026-04-25,712.10546875
2026-04-26,712.10546875
2026-04-27,713.332275390625
2026-04-28,709.8612060546875
2026-04-29,709.7515258789062
2026-04-30,716.8132934570312
2026-05-01,718.7982177734375
2026-05-02,718.7982177734375
2026-05-03,718.7982177734375
2026-05-04,716.1649780273438
2026-05-05,721.9102172851562
2026-05-06,731.9443359375
2026-05-07,729.7001342773438
2026-05-08,735.724609375
2026-05-09,735.724609375
2026-05-10,735.724609375
2026-05-11,737.4002685546875
2026-05-12,736.2831420898438
2026-05-13,740.4025268554688
2026-05-14,746.2474975585938
2026-05-15,737.2706298828125
2026-05-16,737.2706298828125
2026-05-17,737.2706298828125
2026-05-18,736.751953125
2026-05-19,731.8446044921875
2026-05-20,739.3452758789062
2026-05-21,740.8114624023438
2026-05-22,743.7239990234375
2026-05-23,743.7239990234375
2026-05-24,743.7239990234375
2026-05-25,743.7239990234375
2026-05-26,748.6613159179688
2026-05-27,748.5316162109375
2026-05-28,752.6609497070312
2026-05-29,754.5361328125
2026-05-30,754.5361328125
2026-05-31,754.5361328125
2026-06-01,756.5908203125
2026-06-02,757.6182250976562
2026-06-03,752.3018798828125
2026-06-04,755.1445922851562
2026-06-05,735.65478515625
2026-06-06,735.65478515625
2026-06-07,735.65478515625
2026-06-08,737.3204345703125
2026-06-09,735.1560668945312
2026-06-10,723.56591796875
2026-06-11,735.8642578125
2026-06-12,739.843994140625
2026-06-13,739.843994140625
2026-06-14,739.843994140625
2026-06-15,752.890380859375
2026-06-16,748.4019775390625
2026-06-17,739.0560302734375
2026-06-18,746.739990234375
2026-06-19,746.739990234375
2026-06-20,746.739990234375
2026-06-21,746.739990234375
2026-06-22,744.3900146484375
2026-06-23,733.5800170898438
2026-06-24,733.239990234375
2026-06-25,734.2999877929688
2026-06-26,728.989990234375
2026-06-27,728.989990234375
2026-06-28,728.989990234375
2026-06-29,741.0
2026-06-30,746.77001953125
2026-07-01,745.760009765625
2026-07-02,744.780029296875
2026-07-03,744.780029296875
2026-07-04,744.780029296875
2026-07-05,744.780029296875
2026-07-06,751.280029296875
2026-07-07,747.7100219726562
2026-07-08,745.4000244140625
2026-07-09,751.7100219726562
2026-07-10,754.9500122070312
2026-07-11,754.9500122070312
2026-07-12,754.9500122070312
2026-07-13,749.1699829101562
2026-07-14,751.8300170898438
2026-07-15,754.8099975585938
2026-07-16,750.719970703125
2026-07-17,743.2899780273438
2026-07-18,743.2899780273438
2026-07-19,743.2899780273438
2026-07-20,742.0900268554688
2026-07-21,748.280029296875
2026-07-22,747.4099731445312
2026-07-23,738.1799926757812
2026-07-24,738.9299926757812
2026-07-25,738.9299926757812
2026-07-26,738.9299926757812
2026-07-27,739.0900268554688
2026-07-28,740.8599853515625
2026-07-29,729.4600219726562
2026-07-30,741.6900024414062
2026-07-31,747.030029296875
2026-08-01,747.030029296875
2026-08-02,747.030029296875
2026-08-03,757.6699829101562
2026-08-04,771.3300170898438
2026-08-05,769.7899780273438
2026-08-06,768.5599975585938
2026-08-07,773.260009765625
2026-08-08,773.260009765625
2026-08-09,773.260009765625
2026-08-10,773.030029296875
2026-08-11,770.5599975585938
2026-08-12,772.489990234375
2026-08-13,777.8800048828125
2026-08-14,776.3400268554688
2026-08-15,776.3400268554688
2026-08-16,776.3400268554688
2026-08-17,772.6699829101562
2026-08-18,767.4500122070312
2026-08-19,769.0599975585938
2026-08-20,762.5999755859375
2026-08-21,765.719970703125
2026-08-22,765.719970703125
2026-08-23,765.719970703125
2026-08-24,763.469970703125
